source,intel_type,title,description,latitude,longitude,timestamp
Manual Upload,IMINT,IMINT Node 1,Large dataset record for stress testing dashboard.,28.722113,77.423664,2026-01-01T00:00:00Z
Manual Upload,IMINT,IMINT Node 2,Large dataset record for stress testing dashboard.,28.616889,77.227521,2026-01-01T00:10:00Z
Manual Upload,IMINT,IMINT Node 3,Large dataset record for stress testing dashboard.,28.910079,77.276478,2026-01-01T00:20:00Z
Manual Upload,IMINT,IMINT Node 4,Large dataset record for stress testing dashboard.,28.431897,77.370827,2026-01-01T00:30:00Z
Manual Upload,IMINT,IMINT Node 5,Large dataset record for stress testing dashboard.,28.794068,77.181972,2026-01-01T00:40:00Z
Manual Upload,HUMINT,HUMINT Node 6,Large dataset record for stress testing dashboard.,28.668485,77.083116,2026-01-01T00:50:00Z
Manual Upload,HUMINT,HUMINT Node 7,Large dataset record for stress testing dashboard.,28.340608,77.108563,2026-01-01T01:00:00Z
OSINT-MOCK,OSINT,OSINT Node 8,Large dataset record for stress testing dashboard.,28.667492,77.488051,2026-01-01T01:10:00Z
Manual Upload,HUMINT,HUMINT Node 9,Large dataset record for stress testing dashboard.,28.598611,77.435941,2026-01-01T01:20:00Z
OSINT-MOCK,OSINT,OSINT Node 10,Large dataset record for stress testing dashboard.,28.862363,77.274256,2026-01-01T01:30:00Z
OSINT-MOCK,OSINT,OSINT Node 11,Large dataset record for stress testing dashboard.,28.867754,77.409881,2026-01-01T01:40:00Z
Manual Upload,IMINT,IMINT Node 12,Large dataset record for stress testing dashboard.,28.583463,77.08917,2026-01-01T01:50:00Z
Manual Upload,IMINT,IMINT Node 13,Large dataset record for stress testing dashboard.,28.825199,77.399042,2026-01-01T02:00:00Z
Manual Upload,HUMINT,HUMINT Node 14,Large dataset record for stress testing dashboard.,28.856528,77.061485,2026-01-01T02:10:00Z
OSINT-MOCK,OSINT,OSINT Node 15,Large dataset record for stress testing dashboard.,28.316471,77.046533,2026-01-01T02:20:00Z
Manual Upload,HUMINT,HUMINT Node 16,Large dataset record for stress testing dashboard.,28.885105,77.17855,2026-01-01T02:30:00Z
OSINT-MOCK,OSINT,OSINT Node 17,Large dataset record for stress testing dashboard.,28.31525,76.937658,2026-01-01T02:40:00Z
Manual Upload,IMINT,IMINT Node 18,Large dataset record for stress testing dashboard.,28.795335,77.073181,2026-01-01T02:50:00Z
Manual Upload,IMINT,IMINT Node 19,Large dataset record for stress testing dashboard.,28.87785,76.918806,2026-01-01T03:00:00Z
Manual Upload,HUMINT,HUMINT Node 20,Large dataset record for stress testing dashboard.,28.790678,77.293012,2026-01-01T03:10:00Z
Manual Upload,HUMINT,HUMINT Node 21,Large dataset record for stress testing dashboard.,28.775241,77.306989,2026-01-01T03:20:00Z
Manual Upload,IMINT,IMINT Node 22,Large dataset record for stress testing dashboard.,28.907221,77.037049,2026-01-01T03:30:00Z
OSINT-MOCK,OSINT,OSINT Node 23,Large dataset record for stress testing dashboard.,28.645316,77.376805,2026-01-01T03:40:00Z
Manual Upload,IMINT,IMINT Node 24,Large dataset record for stress testing dashboard.,28.869277,77.142416,2026-01-01T03:50:00Z
OSINT-MOCK,OSINT,OSINT Node 25,Large dataset record for stress testing dashboard.,28.511052,77.236038,2026-01-01T04:00:00Z
Manual Upload,HUMINT,HUMINT Node 26,Large dataset record for stress testing dashboard.,28.322427,77.1667,2026-01-01T04:10:00Z
OSINT-MOCK,OSINT,OSINT Node 27,Large dataset record for stress testing dashboard.,28.702006,77.476947,2026-01-01T04:20:00Z
Manual Upload,IMINT,IMINT Node 28,Large dataset record for stress testing dashboard.,28.373576,77.467649,2026-01-01T04:30:00Z
Manual Upload,IMINT,IMINT Node 29,Large dataset record for stress testing dashboard.,28.468816,77.303474,2026-01-01T04:40:00Z
Manual Upload,HUMINT,HUMINT Node 30,Large dataset record for stress testing dashboard.,28.468155,77.006117,2026-01-01T04:50:00Z
OSINT-MOCK,OSINT,OSINT Node 31,Large dataset record for stress testing dashboard.,28.436356,77.007344,2026-01-01T05:00:00Z
Manual Upload,IMINT,IMINT Node 32,Large dataset record for stress testing dashboard.,28.772956,77.082267,2026-01-01T05:10:00Z
OSINT-MOCK,OSINT,OSINT Node 33,Large dataset record for stress testing dashboard.,28.728834,77.292414,2026-01-01T05:20:00Z
OSINT-MOCK,OSINT,OSINT Node 34,Large dataset record for stress testing dashboard.,28.903588,77.432933,2026-01-01T05:30:00Z
Manual Upload,HUMINT,HUMINT Node 35,Large dataset record for stress testing dashboard.,28.886051,76.948589,2026-01-01T05:40:00Z
Manual Upload,HUMINT,HUMINT Node 36,Large dataset record for stress testing dashboard.,28.892986,76.977022,2026-01-01T05:50:00Z
Manual Upload,IMINT,IMINT Node 37,Large dataset record for stress testing dashboard.,28.516418,77.209278,2026-01-01T06:00:00Z
Manual Upload,IMINT,IMINT Node 38,Large dataset record for stress testing dashboard.,28.593078,76.982259,2026-01-01T06:10:00Z
Manual Upload,HUMINT,HUMINT Node 39,Large dataset record for stress testing dashboard.,28.68252,77.380298,2026-01-01T06:20:00Z
Manual Upload,HUMINT,HUMINT Node 40,Large dataset record for stress testing dashboard.,28.7873,77.120944,2026-01-01T06:30:00Z
Manual Upload,HUMINT,HUMINT Node 41,Large dataset record for stress testing dashboard.,28.797861,77.236183,2026-01-01T06:40:00Z
Manual Upload,IMINT,IMINT Node 42,Large dataset record for stress testing dashboard.,28.749089,77.455552,2026-01-01T06:50:00Z
OSINT-MOCK,OSINT,OSINT Node 43,Large dataset record for stress testing dashboard.,28.796525,77.384986,2026-01-01T07:00:00Z
Manual Upload,HUMINT,HUMINT Node 44,Large dataset record for stress testing dashboard.,28.909174,77.006375,2026-01-01T07:10:00Z
Manual Upload,IMINT,IMINT Node 45,Large dataset record for stress testing dashboard.,28.410104,77.398131,2026-01-01T07:20:00Z
Manual Upload,IMINT,IMINT Node 46,Large dataset record for stress testing dashboard.,28.430402,77.503668,2026-01-01T07:30:00Z
Manual Upload,HUMINT,HUMINT Node 47,Large dataset record for stress testing dashboard.,28.52473,77.113108,2026-01-01T07:40:00Z
Manual Upload,IMINT,IMINT Node 48,Large dataset record for stress testing dashboard.,28.789499,77.168441,2026-01-01T07:50:00Z
OSINT-MOCK,OSINT,OSINT Node 49,Large dataset record for stress testing dashboard.,28.779417,77.150476,2026-01-01T08:00:00Z
Manual Upload,IMINT,IMINT Node 50,Large dataset record for stress testing dashboard.,28.427986,77.291494,2026-01-01T08:10:00Z
Manual Upload,IMINT,IMINT Node 51,Large dataset record for stress testing dashboard.,28.762541,76.94914,2026-01-01T08:20:00Z
Manual Upload,HUMINT,HUMINT Node 52,Large dataset record for stress testing dashboard.,28.449951,77.303215,2026-01-01T08:30:00Z
Manual Upload,HUMINT,HUMINT Node 53,Large dataset record for stress testing dashboard.,28.648375,77.183712,2026-01-01T08:40:00Z
OSINT-MOCK,OSINT,OSINT Node 54,Large dataset record for stress testing dashboard.,28.699416,77.028468,2026-01-01T08:50:00Z
Manual Upload,IMINT,IMINT Node 55,Large dataset record for stress testing dashboard.,28.335728,77.021848,2026-01-01T09:00:00Z
Manual Upload,HUMINT,HUMINT Node 56,Large dataset record for stress testing dashboard.,28.527153,77.501597,2026-01-01T09:10:00Z
OSINT-MOCK,OSINT,OSINT Node 57,Large dataset record for stress testing dashboard.,28.70313,77.15832,2026-01-01T09:20:00Z
OSINT-MOCK,OSINT,OSINT Node 58,Large dataset record for stress testing dashboard.,28.89565,77.426204,2026-01-01T09:30:00Z
Manual Upload,IMINT,IMINT Node 59,Large dataset record for stress testing dashboard.,28.394348,76.966586,2026-01-01T09:40:00Z
OSINT-MOCK,OSINT,OSINT Node 60,Large dataset record for stress testing dashboard.,28.650747,76.978896,2026-01-01T09:50:00Z
Manual Upload,IMINT,IMINT Node 61,Large dataset record for stress testing dashboard.,28.597958,77.241151,2026-01-01T10:00:00Z
Manual Upload,IMINT,IMINT Node 62,Large dataset record for stress testing dashboard.,28.749442,77.113422,2026-01-01T10:10:00Z
Manual Upload,IMINT,IMINT Node 63,Large dataset record for stress testing dashboard.,28.800398,77.380688,2026-01-01T10:20:00Z
Manual Upload,HUMINT,HUMINT Node 64,Large dataset record for stress testing dashboard.,28.50414,77.096235,2026-01-01T10:30:00Z
OSINT-MOCK,OSINT,OSINT Node 65,Large dataset record for stress testing dashboard.,28.489971,77.424194,2026-01-01T10:40:00Z
OSINT-MOCK,OSINT,OSINT Node 66,Large dataset record for stress testing dashboard.,28.877329,77.307894,2026-01-01T10:50:00Z
OSINT-MOCK,OSINT,OSINT Node 67,Large dataset record for stress testing dashboard.,28.731444,77.398416,2026-01-01T11:00:00Z
OSINT-MOCK,OSINT,OSINT Node 68,Large dataset record for stress testing dashboard.,28.482301,77.418842,2026-01-01T11:10:00Z
Manual Upload,HUMINT,HUMINT Node 69,Large dataset record for stress testing dashboard.,28.898978,77.127271,2026-01-01T11:20:00Z
OSINT-MOCK,OSINT,OSINT Node 70,Large dataset record for stress testing dashboard.,28.498931,77.088892,2026-01-01T11:30:00Z
OSINT-MOCK,OSINT,OSINT Node 71,Large dataset record for stress testing dashboard.,28.329589,77.080093,2026-01-01T11:40:00Z
Manual Upload,IMINT,IMINT Node 72,Large dataset record for stress testing dashboard.,28.74098,77.430703,2026-01-01T11:50:00Z
Manual Upload,HUMINT,HUMINT Node 73,Large dataset record for stress testing dashboard.,28.675644,77.419942,2026-01-01T12:00:00Z
Manual Upload,HUMINT,HUMINT Node 74,Large dataset record for stress testing dashboard.,28.381925,77.493783,2026-01-01T12:10:00Z
Manual Upload,IMINT,IMINT Node 75,Large dataset record for stress testing dashboard.,28.504887,76.983236,2026-01-01T12:20:00Z
OSINT-MOCK,OSINT,OSINT Node 76,Large dataset record for stress testing dashboard.,28.441286,77.389223,2026-01-01T12:30:00Z
Manual Upload,IMINT,IMINT Node 77,Large dataset record for stress testing dashboard.,28.343347,77.095893,2026-01-01T12:40:00Z
OSINT-MOCK,OSINT,OSINT Node 78,Large dataset record for stress testing dashboard.,28.766804,77.456784,2026-01-01T12:50:00Z
Manual Upload,IMINT,IMINT Node 79,Large dataset record for stress testing dashboard.,28.800846,77.238362,2026-01-01T13:00:00Z
Manual Upload,IMINT,IMINT Node 80,Large dataset record for stress testing dashboard.,28.83608,77.236639,2026-01-01T13:10:00Z
Manual Upload,HUMINT,HUMINT Node 81,Large dataset record for stress testing dashboard.,28.70864,76.969261,2026-01-01T13:20:00Z
Manual Upload,HUMINT,HUMINT Node 82,Large dataset record for stress testing dashboard.,28.765281,76.933442,2026-01-01T13:30:00Z
Manual Upload,IMINT,IMINT Node 83,Large dataset record for stress testing dashboard.,28.36968,77.10896,2026-01-01T13:40:00Z
Manual Upload,IMINT,IMINT Node 84,Large dataset record for stress testing dashboard.,28.345132,76.950249,2026-01-01T13:50:00Z
OSINT-MOCK,OSINT,OSINT Node 85,Large dataset record for stress testing dashboard.,28.316306,77.443841,2026-01-01T14:00:00Z
Manual Upload,IMINT,IMINT Node 86,Large dataset record for stress testing dashboard.,28.595434,77.125677,2026-01-01T14:10:00Z
Manual Upload,IMINT,IMINT Node 87,Large dataset record for stress testing dashboard.,28.378035,77.004284,2026-01-01T14:20:00Z
Manual Upload,HUMINT,HUMINT Node 88,Large dataset record for stress testing dashboard.,28.850915,77.057545,2026-01-01T14:30:00Z
Manual Upload,IMINT,IMINT Node 89,Large dataset record for stress testing dashboard.,28.414928,77.298091,2026-01-01T14:40:00Z
OSINT-MOCK,OSINT,OSINT Node 90,Large dataset record for stress testing dashboard.,28.734318,76.971324,2026-01-01T14:50:00Z
OSINT-MOCK,OSINT,OSINT Node 91,Large dataset record for stress testing dashboard.,28.596089,77.346249,2026-01-01T15:00:00Z
Manual Upload,IMINT,IMINT Node 92,Large dataset record for stress testing dashboard.,28.415522,77.483375,2026-01-01T15:10:00Z
OSINT-MOCK,OSINT,OSINT Node 93,Large dataset record for stress testing dashboard.,28.619711,77.502788,2026-01-01T15:20:00Z
Manual Upload,IMINT,IMINT Node 94,Large dataset record for stress testing dashboard.,28.722747,77.434044,2026-01-01T15:30:00Z
OSINT-MOCK,OSINT,OSINT Node 95,Large dataset record for stress testing dashboard.,28.790697,77.374757,2026-01-01T15:40:00Z
Manual Upload,HUMINT,HUMINT Node 96,Large dataset record for stress testing dashboard.,28.609492,77.051747,2026-01-01T15:50:00Z
OSINT-MOCK,OSINT,OSINT Node 97,Large dataset record for stress testing dashboard.,28.440505,77.309129,2026-01-01T16:00:00Z
OSINT-MOCK,OSINT,OSINT Node 98,Large dataset record for stress testing dashboard.,28.808915,77.084624,2026-01-01T16:10:00Z
Manual Upload,IMINT,IMINT Node 99,Large dataset record for stress testing dashboard.,28.556612,77.263462,2026-01-01T16:20:00Z
OSINT-MOCK,OSINT,OSINT Node 100,Large dataset record for stress testing dashboard.,28.486498,77.058418,2026-01-01T16:30:00Z
Manual Upload,IMINT,IMINT Node 101,Large dataset record for stress testing dashboard.,28.738043,77.062,2026-01-01T16:40:00Z
Manual Upload,HUMINT,HUMINT Node 102,Large dataset record for stress testing dashboard.,28.612506,77.49569,2026-01-01T16:50:00Z
Manual Upload,IMINT,IMINT Node 103,Large dataset record for stress testing dashboard.,28.668342,77.357071,2026-01-01T17:00:00Z
Manual Upload,IMINT,IMINT Node 104,Large dataset record for stress testing dashboard.,28.390815,77.019615,2026-01-01T17:10:00Z
OSINT-MOCK,OSINT,OSINT Node 105,Large dataset record for stress testing dashboard.,28.662022,77.489305,2026-01-01T17:20:00Z
OSINT-MOCK,OSINT,OSINT Node 106,Large dataset record for stress testing dashboard.,28.393369,76.933124,2026-01-01T17:30:00Z
Manual Upload,IMINT,IMINT Node 107,Large dataset record for stress testing dashboard.,28.760828,77.347751,2026-01-01T17:40:00Z
Manual Upload,HUMINT,HUMINT Node 108,Large dataset record for stress testing dashboard.,28.550731,77.488132,2026-01-01T17:50:00Z
Manual Upload,IMINT,IMINT Node 109,Large dataset record for stress testing dashboard.,28.88954,77.253745,2026-01-01T18:00:00Z
Manual Upload,IMINT,IMINT Node 110,Large dataset record for stress testing dashboard.,28.440023,76.975465,2026-01-01T18:10:00Z
OSINT-MOCK,OSINT,OSINT Node 111,Large dataset record for stress testing dashboard.,28.322156,76.973172,2026-01-01T18:20:00Z
Manual Upload,IMINT,IMINT Node 112,Large dataset record for stress testing dashboard.,28.582145,76.997193,2026-01-01T18:30:00Z
Manual Upload,HUMINT,HUMINT Node 113,Large dataset record for stress testing dashboard.,28.785258,77.430281,2026-01-01T18:40:00Z
Manual Upload,IMINT,IMINT Node 114,Large dataset record for stress testing dashboard.,28.90025,77.136235,2026-01-01T18:50:00Z
OSINT-MOCK,OSINT,OSINT Node 115,Large dataset record for stress testing dashboard.,28.722089,77.175047,2026-01-01T19:00:00Z
Manual Upload,HUMINT,HUMINT Node 116,Large dataset record for stress testing dashboard.,28.828554,76.996549,2026-01-01T19:10:00Z
Manual Upload,IMINT,IMINT Node 117,Large dataset record for stress testing dashboard.,28.525807,77.430971,2026-01-01T19:20:00Z
Manual Upload,HUMINT,HUMINT Node 118,Large dataset record for stress testing dashboard.,28.459561,77.202348,2026-01-01T19:30:00Z
Manual Upload,HUMINT,HUMINT Node 119,Large dataset record for stress testing dashboard.,28.57637,77.060267,2026-01-01T19:40:00Z
OSINT-MOCK,OSINT,OSINT Node 120,Large dataset record for stress testing dashboard.,28.59205,76.945843,2026-01-01T19:50:00Z
OSINT-MOCK,OSINT,OSINT Node 121,Large dataset record for stress testing dashboard.,28.762895,77.223569,2026-01-01T20:00:00Z
OSINT-MOCK,OSINT,OSINT Node 122,Large dataset record for stress testing dashboard.,28.561943,77.437784,2026-01-01T20:10:00Z
OSINT-MOCK,OSINT,OSINT Node 123,Large dataset record for stress testing dashboard.,28.483968,77.015236,2026-01-01T20:20:00Z
OSINT-MOCK,OSINT,OSINT Node 124,Large dataset record for stress testing dashboard.,28.59784,77.36658,2026-01-01T20:30:00Z
Manual Upload,IMINT,IMINT Node 125,Large dataset record for stress testing dashboard.,28.665791,77.117706,2026-01-01T20:40:00Z
Manual Upload,HUMINT,HUMINT Node 126,Large dataset record for stress testing dashboard.,28.448489,77.029554,2026-01-01T20:50:00Z
Manual Upload,HUMINT,HUMINT Node 127,Large dataset record for stress testing dashboard.,28.817581,77.487105,2026-01-01T21:00:00Z
OSINT-MOCK,OSINT,OSINT Node 128,Large dataset record for stress testing dashboard.,28.410175,77.041339,2026-01-01T21:10:00Z
Manual Upload,HUMINT,HUMINT Node 129,Large dataset record for stress testing dashboard.,28.324187,77.049653,2026-01-01T21:20:00Z
Manual Upload,IMINT,IMINT Node 130,Large dataset record for stress testing dashboard.,28.544649,77.500896,2026-01-01T21:30:00Z
OSINT-MOCK,OSINT,OSINT Node 131,Large dataset record for stress testing dashboard.,28.619719,77.469386,2026-01-01T21:40:00Z
Manual Upload,HUMINT,HUMINT Node 132,Large dataset record for stress testing dashboard.,28.474505,77.1315,2026-01-01T21:50:00Z
Manual Upload,IMINT,IMINT Node 133,Large dataset record for stress testing dashboard.,28.727845,77.072087,2026-01-01T22:00:00Z
Manual Upload,HUMINT,HUMINT Node 134,Large dataset record for stress testing dashboard.,28.623788,77.09513,2026-01-01T22:10:00Z
OSINT-MOCK,OSINT,OSINT Node 135,Large dataset record for stress testing dashboard.,28.32608,77.249294,2026-01-01T22:20:00Z
OSINT-MOCK,OSINT,OSINT Node 136,Large dataset record for stress testing dashboard.,28.458635,77.078688,2026-01-01T22:30:00Z
Manual Upload,IMINT,IMINT Node 137,Large dataset record for stress testing dashboard.,28.768542,77.310068,2026-01-01T22:40:00Z
Manual Upload,IMINT,IMINT Node 138,Large dataset record for stress testing dashboard.,28.82741,77.253648,2026-01-01T22:50:00Z
Manual Upload,IMINT,IMINT Node 139,Large dataset record for stress testing dashboard.,28.866996,77.285512,2026-01-01T23:00:00Z
Manual Upload,HUMINT,HUMINT Node 140,Large dataset record for stress testing dashboard.,28.315923,77.484173,2026-01-01T23:10:00Z
Manual Upload,HUMINT,HUMINT Node 141,Large dataset record for stress testing dashboard.,28.774996,77.370812,2026-01-01T23:20:00Z
OSINT-MOCK,OSINT,OSINT Node 142,Large dataset record for stress testing dashboard.,28.654671,76.909876,2026-01-01T23:30:00Z
Manual Upload,IMINT,IMINT Node 143,Large dataset record for stress testing dashboard.,28.426323,77.348571,2026-01-01T23:40:00Z
Manual Upload,HUMINT,HUMINT Node 144,Large dataset record for stress testing dashboard.,28.772397,77.059701,2026-01-01T23:50:00Z
Manual Upload,IMINT,IMINT Node 145,Large dataset record for stress testing dashboard.,28.665615,77.286308,2026-01-02T00:00:00Z
Manual Upload,IMINT,IMINT Node 146,Large dataset record for stress testing dashboard.,28.819046,77.269943,2026-01-02T00:10:00Z
Manual Upload,IMINT,IMINT Node 147,Large dataset record for stress testing dashboard.,28.528033,77.136953,2026-01-02T00:20:00Z
OSINT-MOCK,OSINT,OSINT Node 148,Large dataset record for stress testing dashboard.,28.431661,77.05593,2026-01-02T00:30:00Z
OSINT-MOCK,OSINT,OSINT Node 149,Large dataset record for stress testing dashboard.,28.828578,77.123128,2026-01-02T00:40:00Z
Manual Upload,HUMINT,HUMINT Node 150,Large dataset record for stress testing dashboard.,28.633392,77.20489,2026-01-02T00:50:00Z
OSINT-MOCK,OSINT,OSINT Node 151,Large dataset record for stress testing dashboard.,28.888401,76.918859,2026-01-02T01:00:00Z
OSINT-MOCK,OSINT,OSINT Node 152,Large dataset record for stress testing dashboard.,28.375815,77.446555,2026-01-02T01:10:00Z
Manual Upload,HUMINT,HUMINT Node 153,Large dataset record for stress testing dashboard.,28.560341,76.935326,2026-01-02T01:20:00Z
OSINT-MOCK,OSINT,OSINT Node 154,Large dataset record for stress testing dashboard.,28.561316,77.506574,2026-01-02T01:30:00Z
Manual Upload,IMINT,IMINT Node 155,Large dataset record for stress testing dashboard.,28.375469,77.502865,2026-01-02T01:40:00Z
Manual Upload,IMINT,IMINT Node 156,Large dataset record for stress testing dashboard.,28.578669,76.990433,2026-01-02T01:50:00Z
OSINT-MOCK,OSINT,OSINT Node 157,Large dataset record for stress testing dashboard.,28.44262,77.131526,2026-01-02T02:00:00Z
Manual Upload,HUMINT,HUMINT Node 158,Large dataset record for stress testing dashboard.,28.467774,77.459922,2026-01-02T02:10:00Z
Manual Upload,IMINT,IMINT Node 159,Large dataset record for stress testing dashboard.,28.386066,77.077247,2026-01-02T02:20:00Z
OSINT-MOCK,OSINT,OSINT Node 160,Large dataset record for stress testing dashboard.,28.847781,77.444862,2026-01-02T02:30:00Z
OSINT-MOCK,OSINT,OSINT Node 161,Large dataset record for stress testing dashboard.,28.518389,77.051026,2026-01-02T02:40:00Z
Manual Upload,IMINT,IMINT Node 162,Large dataset record for stress testing dashboard.,28.370006,77.05919,2026-01-02T02:50:00Z
OSINT-MOCK,OSINT,OSINT Node 163,Large dataset record for stress testing dashboard.,28.636035,77.286464,2026-01-02T03:00:00Z
Manual Upload,IMINT,IMINT Node 164,Large dataset record for stress testing dashboard.,28.340402,77.322398,2026-01-02T03:10:00Z
Manual Upload,IMINT,IMINT Node 165,Large dataset record for stress testing dashboard.,28.414123,77.363396,2026-01-02T03:20:00Z
OSINT-MOCK,OSINT,OSINT Node 166,Large dataset record for stress testing dashboard.,28.317714,77.414228,2026-01-02T03:30:00Z
OSINT-MOCK,OSINT,OSINT Node 167,Large dataset record for stress testing dashboard.,28.791333,77.441481,2026-01-02T03:40:00Z
Manual Upload,IMINT,IMINT Node 168,Large dataset record for stress testing dashboard.,28.367126,77.258728,2026-01-02T03:50:00Z
Manual Upload,HUMINT,HUMINT Node 169,Large dataset record for stress testing dashboard.,28.480502,77.165263,2026-01-02T04:00:00Z
Manual Upload,IMINT,IMINT Node 170,Large dataset record for stress testing dashboard.,28.874693,77.360996,2026-01-02T04:10:00Z
OSINT-MOCK,OSINT,OSINT Node 171,Large dataset record for stress testing dashboard.,28.731463,76.92514,2026-01-02T04:20:00Z
Manual Upload,IMINT,IMINT Node 172,Large dataset record for stress testing dashboard.,28.902323,77.252023,2026-01-02T04:30:00Z
OSINT-MOCK,OSINT,OSINT Node 173,Large dataset record for stress testing dashboard.,28.479055,77.012241,2026-01-02T04:40:00Z
OSINT-MOCK,OSINT,OSINT Node 174,Large dataset record for stress testing dashboard.,28.454432,76.936123,2026-01-02T04:50:00Z
OSINT-MOCK,OSINT,OSINT Node 175,Large dataset record for stress testing dashboard.,28.431414,77.034443,2026-01-02T05:00:00Z
Manual Upload,HUMINT,HUMINT Node 176,Large dataset record for stress testing dashboard.,28.4909,76.945765,2026-01-02T05:10:00Z
OSINT-MOCK,OSINT,OSINT Node 177,Large dataset record for stress testing dashboard.,28.449275,76.989709,2026-01-02T05:20:00Z
Manual Upload,HUMINT,HUMINT Node 178,Large dataset record for stress testing dashboard.,28.749346,77.343437,2026-01-02T05:30:00Z
Manual Upload,HUMINT,HUMINT Node 179,Large dataset record for stress testing dashboard.,28.690178,77.4371,2026-01-02T05:40:00Z
Manual Upload,IMINT,IMINT Node 180,Large dataset record for stress testing dashboard.,28.814748,77.168094,2026-01-02T05:50:00Z
Manual Upload,HUMINT,HUMINT Node 181,Large dataset record for stress testing dashboard.,28.351861,77.449694,2026-01-02T06:00:00Z
OSINT-MOCK,OSINT,OSINT Node 182,Large dataset record for stress testing dashboard.,28.540752,77.011825,2026-01-02T06:10:00Z
Manual Upload,HUMINT,HUMINT Node 183,Large dataset record for stress testing dashboard.,28.633718,77.319664,2026-01-02T06:20:00Z
OSINT-MOCK,OSINT,OSINT Node 184,Large dataset record for stress testing dashboard.,28.379015,77.367651,2026-01-02T06:30:00Z
Manual Upload,HUMINT,HUMINT Node 185,Large dataset record for stress testing dashboard.,28.357828,77.158032,2026-01-02T06:40:00Z
Manual Upload,HUMINT,HUMINT Node 186,Large dataset record for stress testing dashboard.,28.451454,77.39656,2026-01-02T06:50:00Z
Manual Upload,IMINT,IMINT Node 187,Large dataset record for stress testing dashboard.,28.742118,77.337233,2026-01-02T07:00:00Z
Manual Upload,IMINT,IMINT Node 188,Large dataset record for stress testing dashboard.,28.632419,77.449548,2026-01-02T07:10:00Z
Manual Upload,HUMINT,HUMINT Node 189,Large dataset record for stress testing dashboard.,28.853285,77.459283,2026-01-02T07:20:00Z
Manual Upload,IMINT,IMINT Node 190,Large dataset record for stress testing dashboard.,28.845733,77.003438,2026-01-02T07:30:00Z
Manual Upload,HUMINT,HUMINT Node 191,Large dataset record for stress testing dashboard.,28.633609,77.249376,2026-01-02T07:40:00Z
Manual Upload,HUMINT,HUMINT Node 192,Large dataset record for stress testing dashboard.,28.568832,77.275569,2026-01-02T07:50:00Z
OSINT-MOCK,OSINT,OSINT Node 193,Large dataset record for stress testing dashboard.,28.481405,77.065137,2026-01-02T08:00:00Z
OSINT-MOCK,OSINT,OSINT Node 194,Large dataset record for stress testing dashboard.,28.869628,77.387981,2026-01-02T08:10:00Z
Manual Upload,IMINT,IMINT Node 195,Large dataset record for stress testing dashboard.,28.431662,77.086321,2026-01-02T08:20:00Z
Manual Upload,IMINT,IMINT Node 196,Large dataset record for stress testing dashboard.,28.592821,76.963615,2026-01-02T08:30:00Z
OSINT-MOCK,OSINT,OSINT Node 197,Large dataset record for stress testing dashboard.,28.383109,77.325711,2026-01-02T08:40:00Z
OSINT-MOCK,OSINT,OSINT Node 198,Large dataset record for stress testing dashboard.,28.451743,77.329162,2026-01-02T08:50:00Z
Manual Upload,IMINT,IMINT Node 199,Large dataset record for stress testing dashboard.,28.649939,77.145764,2026-01-02T09:00:00Z
OSINT-MOCK,OSINT,OSINT Node 200,Large dataset record for stress testing dashboard.,28.662297,77.351567,2026-01-02T09:10:00Z
OSINT-MOCK,OSINT,OSINT Node 201,Large dataset record for stress testing dashboard.,28.345599,77.016876,2026-01-02T09:20:00Z
OSINT-MOCK,OSINT,OSINT Node 202,Large dataset record for stress testing dashboard.,28.793266,77.05329,2026-01-02T09:30:00Z
OSINT-MOCK,OSINT,OSINT Node 203,Large dataset record for stress testing dashboard.,28.61895,77.273141,2026-01-02T09:40:00Z
Manual Upload,HUMINT,HUMINT Node 204,Large dataset record for stress testing dashboard.,28.458797,77.240366,2026-01-02T09:50:00Z
Manual Upload,HUMINT,HUMINT Node 205,Large dataset record for stress testing dashboard.,28.628946,76.965122,2026-01-02T10:00:00Z
OSINT-MOCK,OSINT,OSINT Node 206,Large dataset record for stress testing dashboard.,28.513146,76.990708,2026-01-02T10:10:00Z
OSINT-MOCK,OSINT,OSINT Node 207,Large dataset record for stress testing dashboard.,28.340311,77.203305,2026-01-02T10:20:00Z
Manual Upload,IMINT,IMINT Node 208,Large dataset record for stress testing dashboard.,28.397727,77.383017,2026-01-02T10:30:00Z
Manual Upload,IMINT,IMINT Node 209,Large dataset record for stress testing dashboard.,28.69565,77.219773,2026-01-02T10:40:00Z
Manual Upload,IMINT,IMINT Node 210,Large dataset record for stress testing dashboard.,28.579309,77.162273,2026-01-02T10:50:00Z
Manual Upload,HUMINT,HUMINT Node 211,Large dataset record for stress testing dashboard.,28.641936,77.351645,2026-01-02T11:00:00Z
Manual Upload,HUMINT,HUMINT Node 212,Large dataset record for stress testing dashboard.,28.59044,77.317803,2026-01-02T11:10:00Z
OSINT-MOCK,OSINT,OSINT Node 213,Large dataset record for stress testing dashboard.,28.331876,77.368288,2026-01-02T11:20:00Z
Manual Upload,IMINT,IMINT Node 214,Large dataset record for stress testing dashboard.,28.779083,77.32353,2026-01-02T11:30:00Z
Manual Upload,IMINT,IMINT Node 215,Large dataset record for stress testing dashboard.,28.332108,77.102498,2026-01-02T11:40:00Z
OSINT-MOCK,OSINT,OSINT Node 216,Large dataset record for stress testing dashboard.,28.798683,77.260504,2026-01-02T11:50:00Z
OSINT-MOCK,OSINT,OSINT Node 217,Large dataset record for stress testing dashboard.,28.726674,77.197468,2026-01-02T12:00:00Z
Manual Upload,IMINT,IMINT Node 218,Large dataset record for stress testing dashboard.,28.577287,77.445577,2026-01-02T12:10:00Z
Manual Upload,IMINT,IMINT Node 219,Large dataset record for stress testing dashboard.,28.536824,77.381479,2026-01-02T12:20:00Z
OSINT-MOCK,OSINT,OSINT Node 220,Large dataset record for stress testing dashboard.,28.895086,76.924505,2026-01-02T12:30:00Z
Manual Upload,IMINT,IMINT Node 221,Large dataset record for stress testing dashboard.,28.906942,77.096706,2026-01-02T12:40:00Z
Manual Upload,IMINT,IMINT Node 222,Large dataset record for stress testing dashboard.,28.382995,77.457555,2026-01-02T12:50:00Z
OSINT-MOCK,OSINT,OSINT Node 223,Large dataset record for stress testing dashboard.,28.487817,77.084283,2026-01-02T13:00:00Z
Manual Upload,IMINT,IMINT Node 224,Large dataset record for stress testing dashboard.,28.364924,77.39666,2026-01-02T13:10:00Z
Manual Upload,HUMINT,HUMINT Node 225,Large dataset record for stress testing dashboard.,28.714786,77.233008,2026-01-02T13:20:00Z
OSINT-MOCK,OSINT,OSINT Node 226,Large dataset record for stress testing dashboard.,28.608584,77.455152,2026-01-02T13:30:00Z
Manual Upload,HUMINT,HUMINT Node 227,Large dataset record for stress testing dashboard.,28.404246,77.403614,2026-01-02T13:40:00Z
Manual Upload,HUMINT,HUMINT Node 228,Large dataset record for stress testing dashboard.,28.614749,77.381986,2026-01-02T13:50:00Z
Manual Upload,HUMINT,HUMINT Node 229,Large dataset record for stress testing dashboard.,28.541567,76.93323,2026-01-02T14:00:00Z
OSINT-MOCK,OSINT,OSINT Node 230,Large dataset record for stress testing dashboard.,28.594288,76.935488,2026-01-02T14:10:00Z
OSINT-MOCK,OSINT,OSINT Node 231,Large dataset record for stress testing dashboard.,28.315577,77.065771,2026-01-02T14:20:00Z
OSINT-MOCK,OSINT,OSINT Node 232,Large dataset record for stress testing dashboard.,28.540637,77.291001,2026-01-02T14:30:00Z
Manual Upload,IMINT,IMINT Node 233,Large dataset record for stress testing dashboard.,28.53078,77.218534,2026-01-02T14:40:00Z
OSINT-MOCK,OSINT,OSINT Node 234,Large dataset record for stress testing dashboard.,28.403875,77.135633,2026-01-02T14:50:00Z
Manual Upload,HUMINT,HUMINT Node 235,Large dataset record for stress testing dashboard.,28.455381,76.998564,2026-01-02T15:00:00Z
Manual Upload,HUMINT,HUMINT Node 236,Large dataset record for stress testing dashboard.,28.62091,77.503401,2026-01-02T15:10:00Z
OSINT-MOCK,OSINT,OSINT Node 237,Large dataset record for stress testing dashboard.,28.710694,77.128726,2026-01-02T15:20:00Z
OSINT-MOCK,OSINT,OSINT Node 238,Large dataset record for stress testing dashboard.,28.784984,77.134195,2026-01-02T15:30:00Z
Manual Upload,HUMINT,HUMINT Node 239,Large dataset record for stress testing dashboard.,28.645426,76.932626,2026-01-02T15:40:00Z
Manual Upload,HUMINT,HUMINT Node 240,Large dataset record for stress testing dashboard.,28.345722,77.03375,2026-01-02T15:50:00Z
Manual Upload,HUMINT,HUMINT Node 241,Large dataset record for stress testing dashboard.,28.675162,77.277525,2026-01-02T16:00:00Z
OSINT-MOCK,OSINT,OSINT Node 242,Large dataset record for stress testing dashboard.,28.684755,77.380914,2026-01-02T16:10:00Z
Manual Upload,IMINT,IMINT Node 243,Large dataset record for stress testing dashboard.,28.77732,77.376168,2026-01-02T16:20:00Z
Manual Upload,HUMINT,HUMINT Node 244,Large dataset record for stress testing dashboard.,28.42476,76.947709,2026-01-02T16:30:00Z
Manual Upload,HUMINT,HUMINT Node 245,Large dataset record for stress testing dashboard.,28.795096,77.465883,2026-01-02T16:40:00Z
Manual Upload,IMINT,IMINT Node 246,Large dataset record for stress testing dashboard.,28.465589,77.226145,2026-01-02T16:50:00Z
Manual Upload,HUMINT,HUMINT Node 247,Large dataset record for stress testing dashboard.,28.863041,77.352104,2026-01-02T17:00:00Z
Manual Upload,IMINT,IMINT Node 248,Large dataset record for stress testing dashboard.,28.689247,77.064197,2026-01-02T17:10:00Z
Manual Upload,HUMINT,HUMINT Node 249,Large dataset record for stress testing dashboard.,28.420367,77.478067,2026-01-02T17:20:00Z
OSINT-MOCK,OSINT,OSINT Node 250,Large dataset record for stress testing dashboard.,28.842172,77.058409,2026-01-02T17:30:00Z
Manual Upload,IMINT,IMINT Node 251,Large dataset record for stress testing dashboard.,28.540753,77.367312,2026-01-02T17:40:00Z
OSINT-MOCK,OSINT,OSINT Node 252,Large dataset record for stress testing dashboard.,28.702546,77.148825,2026-01-02T17:50:00Z
Manual Upload,IMINT,IMINT Node 253,Large dataset record for stress testing dashboard.,28.406817,76.948318,2026-01-02T18:00:00Z
Manual Upload,IMINT,IMINT Node 254,Large dataset record for stress testing dashboard.,28.55395,77.315742,2026-01-02T18:10:00Z
Manual Upload,IMINT,IMINT Node 255,Large dataset record for stress testing dashboard.,28.416423,77.251852,2026-01-02T18:20:00Z
Manual Upload,HUMINT,HUMINT Node 256,Large dataset record for stress testing dashboard.,28.714087,77.093498,2026-01-02T18:30:00Z
Manual Upload,HUMINT,HUMINT Node 257,Large dataset record for stress testing dashboard.,28.409056,77.05463,2026-01-02T18:40:00Z
Manual Upload,IMINT,IMINT Node 258,Large dataset record for stress testing dashboard.,28.767788,76.987306,2026-01-02T18:50:00Z
OSINT-MOCK,OSINT,OSINT Node 259,Large dataset record for stress testing dashboard.,28.749037,77.225993,2026-01-02T19:00:00Z
Manual Upload,HUMINT,HUMINT Node 260,Large dataset record for stress testing dashboard.,28.376356,77.485464,2026-01-02T19:10:00Z
Manual Upload,HUMINT,HUMINT Node 261,Large dataset record for stress testing dashboard.,28.363201,77.433067,2026-01-02T19:20:00Z
Manual Upload,HUMINT,HUMINT Node 262,Large dataset record for stress testing dashboard.,28.488875,77.498325,2026-01-02T19:30:00Z
Manual Upload,HUMINT,HUMINT Node 263,Large dataset record for stress testing dashboard.,28.407903,77.476685,2026-01-02T19:40:00Z
OSINT-MOCK,OSINT,OSINT Node 264,Large dataset record for stress testing dashboard.,28.768495,77.428764,2026-01-02T19:50:00Z
Manual Upload,IMINT,IMINT Node 265,Large dataset record for stress testing dashboard.,28.425853,77.382195,2026-01-02T20:00:00Z
Manual Upload,IMINT,IMINT Node 266,Large dataset record for stress testing dashboard.,28.719351,77.112958,2026-01-02T20:10:00Z
Manual Upload,IMINT,IMINT Node 267,Large dataset record for stress testing dashboard.,28.426073,77.024003,2026-01-02T20:20:00Z
Manual Upload,HUMINT,HUMINT Node 268,Large dataset record for stress testing dashboard.,28.327858,76.959764,2026-01-02T20:30:00Z
Manual Upload,HUMINT,HUMINT Node 269,Large dataset record for stress testing dashboard.,28.498538,77.384256,2026-01-02T20:40:00Z
Manual Upload,IMINT,IMINT Node 270,Large dataset record for stress testing dashboard.,28.621688,77.484983,2026-01-02T20:50:00Z
OSINT-MOCK,OSINT,OSINT Node 271,Large dataset record for stress testing dashboard.,28.61703,77.459831,2026-01-02T21:00:00Z
Manual Upload,IMINT,IMINT Node 272,Large dataset record for stress testing dashboard.,28.752368,77.130023,2026-01-02T21:10:00Z
Manual Upload,HUMINT,HUMINT Node 273,Large dataset record for stress testing dashboard.,28.732344,77.220248,2026-01-02T21:20:00Z
Manual Upload,HUMINT,HUMINT Node 274,Large dataset record for stress testing dashboard.,28.512831,77.492486,2026-01-02T21:30:00Z
Manual Upload,IMINT,IMINT Node 275,Large dataset record for stress testing dashboard.,28.679957,77.327314,2026-01-02T21:40:00Z
Manual Upload,IMINT,IMINT Node 276,Large dataset record for stress testing dashboard.,28.726854,76.931525,2026-01-02T21:50:00Z
Manual Upload,HUMINT,HUMINT Node 277,Large dataset record for stress testing dashboard.,28.697349,77.504876,2026-01-02T22:00:00Z
OSINT-MOCK,OSINT,OSINT Node 278,Large dataset record for stress testing dashboard.,28.45719,77.458892,2026-01-02T22:10:00Z
OSINT-MOCK,OSINT,OSINT Node 279,Large dataset record for stress testing dashboard.,28.895739,77.403363,2026-01-02T22:20:00Z
Manual Upload,HUMINT,HUMINT Node 280,Large dataset record for stress testing dashboard.,28.811015,77.06363,2026-01-02T22:30:00Z
Manual Upload,IMINT,IMINT Node 281,Large dataset record for stress testing dashboard.,28.843988,76.982308,2026-01-02T22:40:00Z
OSINT-MOCK,OSINT,OSINT Node 282,Large dataset record for stress testing dashboard.,28.447027,76.99385,2026-01-02T22:50:00Z
Manual Upload,HUMINT,HUMINT Node 283,Large dataset record for stress testing dashboard.,28.367935,77.335783,2026-01-02T23:00:00Z
OSINT-MOCK,OSINT,OSINT Node 284,Large dataset record for stress testing dashboard.,28.629627,77.341751,2026-01-02T23:10:00Z
OSINT-MOCK,OSINT,OSINT Node 285,Large dataset record for stress testing dashboard.,28.640527,77.272874,2026-01-02T23:20:00Z
Manual Upload,IMINT,IMINT Node 286,Large dataset record for stress testing dashboard.,28.458558,76.963851,2026-01-02T23:30:00Z
Manual Upload,HUMINT,HUMINT Node 287,Large dataset record for stress testing dashboard.,28.432694,77.039069,2026-01-02T23:40:00Z
OSINT-MOCK,OSINT,OSINT Node 288,Large dataset record for stress testing dashboard.,28.700317,77.508666,2026-01-02T23:50:00Z
Manual Upload,IMINT,IMINT Node 289,Large dataset record for stress testing dashboard.,28.84333,77.421888,2026-01-03T00:00:00Z
Manual Upload,IMINT,IMINT Node 290,Large dataset record for stress testing dashboard.,28.360004,76.959319,2026-01-03T00:10:00Z
Manual Upload,HUMINT,HUMINT Node 291,Large dataset record for stress testing dashboard.,28.770712,77.207,2026-01-03T00:20:00Z
Manual Upload,IMINT,IMINT Node 292,Large dataset record for stress testing dashboard.,28.908753,76.966185,2026-01-03T00:30:00Z
Manual Upload,IMINT,IMINT Node 293,Large dataset record for stress testing dashboard.,28.828927,77.376348,2026-01-03T00:40:00Z
OSINT-MOCK,OSINT,OSINT Node 294,Large dataset record for stress testing dashboard.,28.83231,77.444094,2026-01-03T00:50:00Z
OSINT-MOCK,OSINT,OSINT Node 295,Large dataset record for stress testing dashboard.,28.860807,77.034222,2026-01-03T01:00:00Z
OSINT-MOCK,OSINT,OSINT Node 296,Large dataset record for stress testing dashboard.,28.912258,76.926639,2026-01-03T01:10:00Z
Manual Upload,IMINT,IMINT Node 297,Large dataset record for stress testing dashboard.,28.514653,77.158014,2026-01-03T01:20:00Z
OSINT-MOCK,OSINT,OSINT Node 298,Large dataset record for stress testing dashboard.,28.390644,77.267318,2026-01-03T01:30:00Z
Manual Upload,HUMINT,HUMINT Node 299,Large dataset record for stress testing dashboard.,28.460532,77.135375,2026-01-03T01:40:00Z
Manual Upload,IMINT,IMINT Node 300,Large dataset record for stress testing dashboard.,28.696,77.207411,2026-01-03T01:50:00Z
OSINT-MOCK,OSINT,OSINT Node 301,Large dataset record for stress testing dashboard.,28.48409,77.496401,2026-01-03T02:00:00Z
OSINT-MOCK,OSINT,OSINT Node 302,Large dataset record for stress testing dashboard.,28.890121,77.453762,2026-01-03T02:10:00Z
Manual Upload,HUMINT,HUMINT Node 303,Large dataset record for stress testing dashboard.,28.843269,77.317072,2026-01-03T02:20:00Z
OSINT-MOCK,OSINT,OSINT Node 304,Large dataset record for stress testing dashboard.,28.534643,77.38425,2026-01-03T02:30:00Z
Manual Upload,IMINT,IMINT Node 305,Large dataset record for stress testing dashboard.,28.84543,76.954751,2026-01-03T02:40:00Z
Manual Upload,IMINT,IMINT Node 306,Large dataset record for stress testing dashboard.,28.356448,76.982904,2026-01-03T02:50:00Z
OSINT-MOCK,OSINT,OSINT Node 307,Large dataset record for stress testing dashboard.,28.697473,77.254017,2026-01-03T03:00:00Z
Manual Upload,HUMINT,HUMINT Node 308,Large dataset record for stress testing dashboard.,28.637438,77.044506,2026-01-03T03:10:00Z
OSINT-MOCK,OSINT,OSINT Node 309,Large dataset record for stress testing dashboard.,28.631833,77.11477,2026-01-03T03:20:00Z
Manual Upload,HUMINT,HUMINT Node 310,Large dataset record for stress testing dashboard.,28.665834,77.362913,2026-01-03T03:30:00Z
OSINT-MOCK,OSINT,OSINT Node 311,Large dataset record for stress testing dashboard.,28.430724,77.397968,2026-01-03T03:40:00Z
Manual Upload,IMINT,IMINT Node 312,Large dataset record for stress testing dashboard.,28.87886,77.272941,2026-01-03T03:50:00Z
Manual Upload,HUMINT,HUMINT Node 313,Large dataset record for stress testing dashboard.,28.402629,77.053085,2026-01-03T04:00:00Z
OSINT-MOCK,OSINT,OSINT Node 314,Large dataset record for stress testing dashboard.,28.515015,77.159961,2026-01-03T04:10:00Z
Manual Upload,IMINT,IMINT Node 315,Large dataset record for stress testing dashboard.,28.466988,76.93089,2026-01-03T04:20:00Z
Manual Upload,IMINT,IMINT Node 316,Large dataset record for stress testing dashboard.,28.828266,77.085369,2026-01-03T04:30:00Z
OSINT-MOCK,OSINT,OSINT Node 317,Large dataset record for stress testing dashboard.,28.635563,77.473401,2026-01-03T04:40:00Z
Manual Upload,HUMINT,HUMINT Node 318,Large dataset record for stress testing dashboard.,28.81165,77.287287,2026-01-03T04:50:00Z
Manual Upload,HUMINT,HUMINT Node 319,Large dataset record for stress testing dashboard.,28.456489,77.470355,2026-01-03T05:00:00Z
OSINT-MOCK,OSINT,OSINT Node 320,Large dataset record for stress testing dashboard.,28.575123,77.383439,2026-01-03T05:10:00Z
Manual Upload,IMINT,IMINT Node 321,Large dataset record for stress testing dashboard.,28.625504,76.966591,2026-01-03T05:20:00Z
OSINT-MOCK,OSINT,OSINT Node 322,Large dataset record for stress testing dashboard.,28.391172,77.377184,2026-01-03T05:30:00Z
OSINT-MOCK,OSINT,OSINT Node 323,Large dataset record for stress testing dashboard.,28.877207,77.475309,2026-01-03T05:40:00Z
Manual Upload,HUMINT,HUMINT Node 324,Large dataset record for stress testing dashboard.,28.626054,77.030909,2026-01-03T05:50:00Z
OSINT-MOCK,OSINT,OSINT Node 325,Large dataset record for stress testing dashboard.,28.552598,77.273456,2026-01-03T06:00:00Z
OSINT-MOCK,OSINT,OSINT Node 326,Large dataset record for stress testing dashboard.,28.54567,77.319945,2026-01-03T06:10:00Z
OSINT-MOCK,OSINT,OSINT Node 327,Large dataset record for stress testing dashboard.,28.506127,77.356097,2026-01-03T06:20:00Z
Manual Upload,HUMINT,HUMINT Node 328,Large dataset record for stress testing dashboard.,28.885572,77.369557,2026-01-03T06:30:00Z
Manual Upload,HUMINT,HUMINT Node 329,Large dataset record for stress testing dashboard.,28.852396,77.122477,2026-01-03T06:40:00Z
Manual Upload,IMINT,IMINT Node 330,Large dataset record for stress testing dashboard.,28.619345,77.019042,2026-01-03T06:50:00Z
Manual Upload,HUMINT,HUMINT Node 331,Large dataset record for stress testing dashboard.,28.379164,77.284827,2026-01-03T07:00:00Z
OSINT-MOCK,OSINT,OSINT Node 332,Large dataset record for stress testing dashboard.,28.568584,77.245823,2026-01-03T07:10:00Z
Manual Upload,HUMINT,HUMINT Node 333,Large dataset record for stress testing dashboard.,28.686607,77.499352,2026-01-03T07:20:00Z
OSINT-MOCK,OSINT,OSINT Node 334,Large dataset record for stress testing dashboard.,28.48814,77.486877,2026-01-03T07:30:00Z
OSINT-MOCK,OSINT,OSINT Node 335,Large dataset record for stress testing dashboard.,28.45916,77.446816,2026-01-03T07:40:00Z
OSINT-MOCK,OSINT,OSINT Node 336,Large dataset record for stress testing dashboard.,28.790187,77.500088,2026-01-03T07:50:00Z
Manual Upload,IMINT,IMINT Node 337,Large dataset record for stress testing dashboard.,28.519466,77.051455,2026-01-03T08:00:00Z
Manual Upload,IMINT,IMINT Node 338,Large dataset record for stress testing dashboard.,28.861535,77.350995,2026-01-03T08:10:00Z
OSINT-MOCK,OSINT,OSINT Node 339,Large dataset record for stress testing dashboard.,28.395797,76.936672,2026-01-03T08:20:00Z
OSINT-MOCK,OSINT,OSINT Node 340,Large dataset record for stress testing dashboard.,28.700981,77.277705,2026-01-03T08:30:00Z
Manual Upload,HUMINT,HUMINT Node 341,Large dataset record for stress testing dashboard.,28.34594,77.309215,2026-01-03T08:40:00Z
OSINT-MOCK,OSINT,OSINT Node 342,Large dataset record for stress testing dashboard.,28.728565,76.919833,2026-01-03T08:50:00Z
Manual Upload,IMINT,IMINT Node 343,Large dataset record for stress testing dashboard.,28.61834,77.504914,2026-01-03T09:00:00Z
Manual Upload,HUMINT,HUMINT Node 344,Large dataset record for stress testing dashboard.,28.738428,77.390972,2026-01-03T09:10:00Z
Manual Upload,IMINT,IMINT Node 345,Large dataset record for stress testing dashboard.,28.658352,77.469977,2026-01-03T09:20:00Z
Manual Upload,IMINT,IMINT Node 346,Large dataset record for stress testing dashboard.,28.911118,77.504136,2026-01-03T09:30:00Z
Manual Upload,IMINT,IMINT Node 347,Large dataset record for stress testing dashboard.,28.798295,77.150713,2026-01-03T09:40:00Z
Manual Upload,IMINT,IMINT Node 348,Large dataset record for stress testing dashboard.,28.737597,77.283265,2026-01-03T09:50:00Z
Manual Upload,HUMINT,HUMINT Node 349,Large dataset record for stress testing dashboard.,28.566343,77.28369,2026-01-03T10:00:00Z
Manual Upload,IMINT,IMINT Node 350,Large dataset record for stress testing dashboard.,28.835648,77.303063,2026-01-03T10:10:00Z
Manual Upload,IMINT,IMINT Node 351,Large dataset record for stress testing dashboard.,28.69895,77.364697,2026-01-03T10:20:00Z
Manual Upload,HUMINT,HUMINT Node 352,Large dataset record for stress testing dashboard.,28.751755,77.315968,2026-01-03T10:30:00Z
OSINT-MOCK,OSINT,OSINT Node 353,Large dataset record for stress testing dashboard.,28.367693,77.222327,2026-01-03T10:40:00Z
Manual Upload,HUMINT,HUMINT Node 354,Large dataset record for stress testing dashboard.,28.635059,77.128708,2026-01-03T10:50:00Z
OSINT-MOCK,OSINT,OSINT Node 355,Large dataset record for stress testing dashboard.,28.695966,77.250257,2026-01-03T11:00:00Z
OSINT-MOCK,OSINT,OSINT Node 356,Large dataset record for stress testing dashboard.,28.512112,76.970766,2026-01-03T11:10:00Z
Manual Upload,IMINT,IMINT Node 357,Large dataset record for stress testing dashboard.,28.77728,77.441403,2026-01-03T11:20:00Z
OSINT-MOCK,OSINT,OSINT Node 358,Large dataset record for stress testing dashboard.,28.68517,77.493912,2026-01-03T11:30:00Z
OSINT-MOCK,OSINT,OSINT Node 359,Large dataset record for stress testing dashboard.,28.885873,77.443324,2026-01-03T11:40:00Z
OSINT-MOCK,OSINT,OSINT Node 360,Large dataset record for stress testing dashboard.,28.424873,77.377201,2026-01-03T11:50:00Z
Manual Upload,HUMINT,HUMINT Node 361,Large dataset record for stress testing dashboard.,28.490559,76.993775,2026-01-03T12:00:00Z
OSINT-MOCK,OSINT,OSINT Node 362,Large dataset record for stress testing dashboard.,28.556427,77.244909,2026-01-03T12:10:00Z
Manual Upload,IMINT,IMINT Node 363,Large dataset record for stress testing dashboard.,28.558591,77.328807,2026-01-03T12:20:00Z
OSINT-MOCK,OSINT,OSINT Node 364,Large dataset record for stress testing dashboard.,28.597687,77.147796,2026-01-03T12:30:00Z
OSINT-MOCK,OSINT,OSINT Node 365,Large dataset record for stress testing dashboard.,28.588209,77.159622,2026-01-03T12:40:00Z
OSINT-MOCK,OSINT,OSINT Node 366,Large dataset record for stress testing dashboard.,28.699062,77.013349,2026-01-03T12:50:00Z
Manual Upload,IMINT,IMINT Node 367,Large dataset record for stress testing dashboard.,28.499601,77.474819,2026-01-03T13:00:00Z
Manual Upload,HUMINT,HUMINT Node 368,Large dataset record for stress testing dashboard.,28.450766,77.273039,2026-01-03T13:10:00Z
Manual Upload,HUMINT,HUMINT Node 369,Large dataset record for stress testing dashboard.,28.715988,77.27044,2026-01-03T13:20:00Z
Manual Upload,IMINT,IMINT Node 370,Large dataset record for stress testing dashboard.,28.704014,77.448113,2026-01-03T13:30:00Z
OSINT-MOCK,OSINT,OSINT Node 371,Large dataset record for stress testing dashboard.,28.397014,77.447239,2026-01-03T13:40:00Z
OSINT-MOCK,OSINT,OSINT Node 372,Large dataset record for stress testing dashboard.,28.815483,77.497562,2026-01-03T13:50:00Z
Manual Upload,IMINT,IMINT Node 373,Large dataset record for stress testing dashboard.,28.85225,77.485012,2026-01-03T14:00:00Z
Manual Upload,IMINT,IMINT Node 374,Large dataset record for stress testing dashboard.,28.384583,76.994474,2026-01-03T14:10:00Z
OSINT-MOCK,OSINT,OSINT Node 375,Large dataset record for stress testing dashboard.,28.653661,77.169489,2026-01-03T14:20:00Z
OSINT-MOCK,OSINT,OSINT Node 376,Large dataset record for stress testing dashboard.,28.643451,77.418383,2026-01-03T14:30:00Z
Manual Upload,IMINT,IMINT Node 377,Large dataset record for stress testing dashboard.,28.557639,77.366863,2026-01-03T14:40:00Z
Manual Upload,HUMINT,HUMINT Node 378,Large dataset record for stress testing dashboard.,28.719833,77.169487,2026-01-03T14:50:00Z
Manual Upload,IMINT,IMINT Node 379,Large dataset record for stress testing dashboard.,28.369998,77.239368,2026-01-03T15:00:00Z
OSINT-MOCK,OSINT,OSINT Node 380,Large dataset record for stress testing dashboard.,28.540878,77.153155,2026-01-03T15:10:00Z
Manual Upload,IMINT,IMINT Node 381,Large dataset record for stress testing dashboard.,28.867977,77.038979,2026-01-03T15:20:00Z
Manual Upload,IMINT,IMINT Node 382,Large dataset record for stress testing dashboard.,28.603057,77.164572,2026-01-03T15:30:00Z
OSINT-MOCK,OSINT,OSINT Node 383,Large dataset record for stress testing dashboard.,28.812269,77.438372,2026-01-03T15:40:00Z
Manual Upload,HUMINT,HUMINT Node 384,Large dataset record for stress testing dashboard.,28.798239,77.097217,2026-01-03T15:50:00Z
Manual Upload,HUMINT,HUMINT Node 385,Large dataset record for stress testing dashboard.,28.902184,77.359253,2026-01-03T16:00:00Z
Manual Upload,HUMINT,HUMINT Node 386,Large dataset record for stress testing dashboard.,28.819885,77.375331,2026-01-03T16:10:00Z
Manual Upload,HUMINT,HUMINT Node 387,Large dataset record for stress testing dashboard.,28.638781,77.05336,2026-01-03T16:20:00Z
OSINT-MOCK,OSINT,OSINT Node 388,Large dataset record for stress testing dashboard.,28.823758,77.072141,2026-01-03T16:30:00Z
OSINT-MOCK,OSINT,OSINT Node 389,Large dataset record for stress testing dashboard.,28.826682,77.408518,2026-01-03T16:40:00Z
OSINT-MOCK,OSINT,OSINT Node 390,Large dataset record for stress testing dashboard.,28.60095,77.043241,2026-01-03T16:50:00Z
Manual Upload,IMINT,IMINT Node 391,Large dataset record for stress testing dashboard.,28.71453,77.217339,2026-01-03T17:00:00Z
OSINT-MOCK,OSINT,OSINT Node 392,Large dataset record for stress testing dashboard.,28.548304,77.44014,2026-01-03T17:10:00Z
Manual Upload,HUMINT,HUMINT Node 393,Large dataset record for stress testing dashboard.,28.912966,76.97907,2026-01-03T17:20:00Z
Manual Upload,IMINT,IMINT Node 394,Large dataset record for stress testing dashboard.,28.61624,76.954034,2026-01-03T17:30:00Z
OSINT-MOCK,OSINT,OSINT Node 395,Large dataset record for stress testing dashboard.,28.4299,77.276134,2026-01-03T17:40:00Z
Manual Upload,IMINT,IMINT Node 396,Large dataset record for stress testing dashboard.,28.34265,76.948733,2026-01-03T17:50:00Z
OSINT-MOCK,OSINT,OSINT Node 397,Large dataset record for stress testing dashboard.,28.347492,77.297971,2026-01-03T18:00:00Z
Manual Upload,IMINT,IMINT Node 398,Large dataset record for stress testing dashboard.,28.489721,77.27292,2026-01-03T18:10:00Z
OSINT-MOCK,OSINT,OSINT Node 399,Large dataset record for stress testing dashboard.,28.506736,77.180882,2026-01-03T18:20:00Z
Manual Upload,IMINT,IMINT Node 400,Large dataset record for stress testing dashboard.,28.831639,77.222085,2026-01-03T18:30:00Z
Manual Upload,IMINT,IMINT Node 401,Large dataset record for stress testing dashboard.,28.883554,77.294244,2026-01-03T18:40:00Z
OSINT-MOCK,OSINT,OSINT Node 402,Large dataset record for stress testing dashboard.,28.400089,77.346986,2026-01-03T18:50:00Z
Manual Upload,HUMINT,HUMINT Node 403,Large dataset record for stress testing dashboard.,28.696402,77.071073,2026-01-03T19:00:00Z
Manual Upload,HUMINT,HUMINT Node 404,Large dataset record for stress testing dashboard.,28.57829,77.268301,2026-01-03T19:10:00Z
Manual Upload,HUMINT,HUMINT Node 405,Large dataset record for stress testing dashboard.,28.411287,77.337589,2026-01-03T19:20:00Z
Manual Upload,HUMINT,HUMINT Node 406,Large dataset record for stress testing dashboard.,28.845161,77.344613,2026-01-03T19:30:00Z
Manual Upload,HUMINT,HUMINT Node 407,Large dataset record for stress testing dashboard.,28.716736,77.266787,2026-01-03T19:40:00Z
Manual Upload,IMINT,IMINT Node 408,Large dataset record for stress testing dashboard.,28.325577,77.3882,2026-01-03T19:50:00Z
Manual Upload,HUMINT,HUMINT Node 409,Large dataset record for stress testing dashboard.,28.837369,77.343993,2026-01-03T20:00:00Z
OSINT-MOCK,OSINT,OSINT Node 410,Large dataset record for stress testing dashboard.,28.867597,77.462854,2026-01-03T20:10:00Z
OSINT-MOCK,OSINT,OSINT Node 411,Large dataset record for stress testing dashboard.,28.653153,77.468491,2026-01-03T20:20:00Z
Manual Upload,HUMINT,HUMINT Node 412,Large dataset record for stress testing dashboard.,28.775368,77.067128,2026-01-03T20:30:00Z
Manual Upload,HUMINT,HUMINT Node 413,Large dataset record for stress testing dashboard.,28.875845,77.313779,2026-01-03T20:40:00Z
OSINT-MOCK,OSINT,OSINT Node 414,Large dataset record for stress testing dashboard.,28.354195,77.026161,2026-01-03T20:50:00Z
OSINT-MOCK,OSINT,OSINT Node 415,Large dataset record for stress testing dashboard.,28.58622,76.962512,2026-01-03T21:00:00Z
Manual Upload,IMINT,IMINT Node 416,Large dataset record for stress testing dashboard.,28.886416,77.09752,2026-01-03T21:10:00Z
Manual Upload,HUMINT,HUMINT Node 417,Large dataset record for stress testing dashboard.,28.872267,77.030571,2026-01-03T21:20:00Z
OSINT-MOCK,OSINT,OSINT Node 418,Large dataset record for stress testing dashboard.,28.379128,77.235811,2026-01-03T21:30:00Z
OSINT-MOCK,OSINT,OSINT Node 419,Large dataset record for stress testing dashboard.,28.592453,77.03195,2026-01-03T21:40:00Z
OSINT-MOCK,OSINT,OSINT Node 420,Large dataset record for stress testing dashboard.,28.72072,76.956157,2026-01-03T21:50:00Z
Manual Upload,HUMINT,HUMINT Node 421,Large dataset record for stress testing dashboard.,28.314179,76.976572,2026-01-03T22:00:00Z
Manual Upload,IMINT,IMINT Node 422,Large dataset record for stress testing dashboard.,28.456684,77.216977,2026-01-03T22:10:00Z
Manual Upload,IMINT,IMINT Node 423,Large dataset record for stress testing dashboard.,28.504554,77.189637,2026-01-03T22:20:00Z
OSINT-MOCK,OSINT,OSINT Node 424,Large dataset record for stress testing dashboard.,28.657961,77.115979,2026-01-03T22:30:00Z
Manual Upload,IMINT,IMINT Node 425,Large dataset record for stress testing dashboard.,28.428132,77.177494,2026-01-03T22:40:00Z
Manual Upload,IMINT,IMINT Node 426,Large dataset record for stress testing dashboard.,28.641013,77.093259,2026-01-03T22:50:00Z
Manual Upload,IMINT,IMINT Node 427,Large dataset record for stress testing dashboard.,28.343411,77.485743,2026-01-03T23:00:00Z
Manual Upload,HUMINT,HUMINT Node 428,Large dataset record for stress testing dashboard.,28.507714,76.993511,2026-01-03T23:10:00Z
OSINT-MOCK,OSINT,OSINT Node 429,Large dataset record for stress testing dashboard.,28.49031,76.934801,2026-01-03T23:20:00Z
OSINT-MOCK,OSINT,OSINT Node 430,Large dataset record for stress testing dashboard.,28.572596,77.079856,2026-01-03T23:30:00Z
Manual Upload,HUMINT,HUMINT Node 431,Large dataset record for stress testing dashboard.,28.455805,77.031934,2026-01-03T23:40:00Z
Manual Upload,IMINT,IMINT Node 432,Large dataset record for stress testing dashboard.,28.8131,77.148016,2026-01-03T23:50:00Z
Manual Upload,HUMINT,HUMINT Node 433,Large dataset record for stress testing dashboard.,28.37887,76.994064,2026-01-04T00:00:00Z
Manual Upload,IMINT,IMINT Node 434,Large dataset record for stress testing dashboard.,28.75845,77.208795,2026-01-04T00:10:00Z
OSINT-MOCK,OSINT,OSINT Node 435,Large dataset record for stress testing dashboard.,28.416091,77.020989,2026-01-04T00:20:00Z
Manual Upload,HUMINT,HUMINT Node 436,Large dataset record for stress testing dashboard.,28.814275,77.292437,2026-01-04T00:30:00Z
OSINT-MOCK,OSINT,OSINT Node 437,Large dataset record for stress testing dashboard.,28.85046,77.262396,2026-01-04T00:40:00Z
Manual Upload,IMINT,IMINT Node 438,Large dataset record for stress testing dashboard.,28.375303,77.025031,2026-01-04T00:50:00Z
Manual Upload,IMINT,IMINT Node 439,Large dataset record for stress testing dashboard.,28.872251,77.160921,2026-01-04T01:00:00Z
Manual Upload,HUMINT,HUMINT Node 440,Large dataset record for stress testing dashboard.,28.641575,77.349729,2026-01-04T01:10:00Z
Manual Upload,HUMINT,HUMINT Node 441,Large dataset record for stress testing dashboard.,28.784537,77.321068,2026-01-04T01:20:00Z
OSINT-MOCK,OSINT,OSINT Node 442,Large dataset record for stress testing dashboard.,28.454219,77.164612,2026-01-04T01:30:00Z
OSINT-MOCK,OSINT,OSINT Node 443,Large dataset record for stress testing dashboard.,28.83874,77.232616,2026-01-04T01:40:00Z
Manual Upload,IMINT,IMINT Node 444,Large dataset record for stress testing dashboard.,28.822746,77.01533,2026-01-04T01:50:00Z
Manual Upload,HUMINT,HUMINT Node 445,Large dataset record for stress testing dashboard.,28.911449,77.154055,2026-01-04T02:00:00Z
Manual Upload,IMINT,IMINT Node 446,Large dataset record for stress testing dashboard.,28.451245,77.359163,2026-01-04T02:10:00Z
Manual Upload,IMINT,IMINT Node 447,Large dataset record for stress testing dashboard.,28.327651,77.380365,2026-01-04T02:20:00Z
Manual Upload,HUMINT,HUMINT Node 448,Large dataset record for stress testing dashboard.,28.640659,77.29099,2026-01-04T02:30:00Z
Manual Upload,HUMINT,HUMINT Node 449,Large dataset record for stress testing dashboard.,28.722347,77.505681,2026-01-04T02:40:00Z
Manual Upload,HUMINT,HUMINT Node 450,Large dataset record for stress testing dashboard.,28.600893,76.945653,2026-01-04T02:50:00Z
OSINT-MOCK,OSINT,OSINT Node 451,Large dataset record for stress testing dashboard.,28.45547,77.152051,2026-01-04T03:00:00Z
OSINT-MOCK,OSINT,OSINT Node 452,Large dataset record for stress testing dashboard.,28.829961,76.918277,2026-01-04T03:10:00Z
Manual Upload,IMINT,IMINT Node 453,Large dataset record for stress testing dashboard.,28.53957,76.995178,2026-01-04T03:20:00Z
Manual Upload,IMINT,IMINT Node 454,Large dataset record for stress testing dashboard.,28.818308,77.017269,2026-01-04T03:30:00Z
OSINT-MOCK,OSINT,OSINT Node 455,Large dataset record for stress testing dashboard.,28.523482,77.31333,2026-01-04T03:40:00Z
Manual Upload,IMINT,IMINT Node 456,Large dataset record for stress testing dashboard.,28.90919,77.316248,2026-01-04T03:50:00Z
Manual Upload,IMINT,IMINT Node 457,Large dataset record for stress testing dashboard.,28.533524,77.375372,2026-01-04T04:00:00Z
Manual Upload,IMINT,IMINT Node 458,Large dataset record for stress testing dashboard.,28.907224,77.471235,2026-01-04T04:10:00Z
Manual Upload,IMINT,IMINT Node 459,Large dataset record for stress testing dashboard.,28.472845,77.250659,2026-01-04T04:20:00Z
OSINT-MOCK,OSINT,OSINT Node 460,Large dataset record for stress testing dashboard.,28.357617,77.299781,2026-01-04T04:30:00Z
Manual Upload,HUMINT,HUMINT Node 461,Large dataset record for stress testing dashboard.,28.357552,77.251371,2026-01-04T04:40:00Z
Manual Upload,IMINT,IMINT Node 462,Large dataset record for stress testing dashboard.,28.65462,77.49035,2026-01-04T04:50:00Z
Manual Upload,IMINT,IMINT Node 463,Large dataset record for stress testing dashboard.,28.886835,77.243516,2026-01-04T05:00:00Z
Manual Upload,HUMINT,HUMINT Node 464,Large dataset record for stress testing dashboard.,28.777443,77.07011,2026-01-04T05:10:00Z
Manual Upload,IMINT,IMINT Node 465,Large dataset record for stress testing dashboard.,28.687962,77.234115,2026-01-04T05:20:00Z
OSINT-MOCK,OSINT,OSINT Node 466,Large dataset record for stress testing dashboard.,28.834747,77.480852,2026-01-04T05:30:00Z
Manual Upload,HUMINT,HUMINT Node 467,Large dataset record for stress testing dashboard.,28.849206,76.931673,2026-01-04T05:40:00Z
Manual Upload,IMINT,IMINT Node 468,Large dataset record for stress testing dashboard.,28.792931,77.47984,2026-01-04T05:50:00Z
Manual Upload,IMINT,IMINT Node 469,Large dataset record for stress testing dashboard.,28.751682,77.306388,2026-01-04T06:00:00Z
Manual Upload,IMINT,IMINT Node 470,Large dataset record for stress testing dashboard.,28.573791,77.340513,2026-01-04T06:10:00Z
Manual Upload,HUMINT,HUMINT Node 471,Large dataset record for stress testing dashboard.,28.728744,77.213417,2026-01-04T06:20:00Z
Manual Upload,IMINT,IMINT Node 472,Large dataset record for stress testing dashboard.,28.702922,77.087882,2026-01-04T06:30:00Z
Manual Upload,IMINT,IMINT Node 473,Large dataset record for stress testing dashboard.,28.516533,77.350255,2026-01-04T06:40:00Z
OSINT-MOCK,OSINT,OSINT Node 474,Large dataset record for stress testing dashboard.,28.646025,76.94861,2026-01-04T06:50:00Z
Manual Upload,IMINT,IMINT Node 475,Large dataset record for stress testing dashboard.,28.48404,77.180118,2026-01-04T07:00:00Z
OSINT-MOCK,OSINT,OSINT Node 476,Large dataset record for stress testing dashboard.,28.618421,77.486458,2026-01-04T07:10:00Z
Manual Upload,HUMINT,HUMINT Node 477,Large dataset record for stress testing dashboard.,28.731068,77.173843,2026-01-04T07:20:00Z
Manual Upload,IMINT,IMINT Node 478,Large dataset record for stress testing dashboard.,28.86809,77.050169,2026-01-04T07:30:00Z
OSINT-MOCK,OSINT,OSINT Node 479,Large dataset record for stress testing dashboard.,28.554892,77.143298,2026-01-04T07:40:00Z
OSINT-MOCK,OSINT,OSINT Node 480,Large dataset record for stress testing dashboard.,28.637462,77.492266,2026-01-04T07:50:00Z
Manual Upload,HUMINT,HUMINT Node 481,Large dataset record for stress testing dashboard.,28.329631,77.27835,2026-01-04T08:00:00Z
Manual Upload,IMINT,IMINT Node 482,Large dataset record for stress testing dashboard.,28.542169,76.955795,2026-01-04T08:10:00Z
Manual Upload,HUMINT,HUMINT Node 483,Large dataset record for stress testing dashboard.,28.351989,77.285691,2026-01-04T08:20:00Z
Manual Upload,HUMINT,HUMINT Node 484,Large dataset record for stress testing dashboard.,28.610839,77.228318,2026-01-04T08:30:00Z
Manual Upload,IMINT,IMINT Node 485,Large dataset record for stress testing dashboard.,28.639086,77.423214,2026-01-04T08:40:00Z
Manual Upload,IMINT,IMINT Node 486,Large dataset record for stress testing dashboard.,28.863091,77.212483,2026-01-04T08:50:00Z
OSINT-MOCK,OSINT,OSINT Node 487,Large dataset record for stress testing dashboard.,28.821207,77.411227,2026-01-04T09:00:00Z
Manual Upload,HUMINT,HUMINT Node 488,Large dataset record for stress testing dashboard.,28.50597,77.255083,2026-01-04T09:10:00Z
Manual Upload,IMINT,IMINT Node 489,Large dataset record for stress testing dashboard.,28.910415,76.931908,2026-01-04T09:20:00Z
OSINT-MOCK,OSINT,OSINT Node 490,Large dataset record for stress testing dashboard.,28.633184,77.317938,2026-01-04T09:30:00Z
Manual Upload,IMINT,IMINT Node 491,Large dataset record for stress testing dashboard.,28.553056,77.020742,2026-01-04T09:40:00Z
Manual Upload,IMINT,IMINT Node 492,Large dataset record for stress testing dashboard.,28.789343,77.130209,2026-01-04T09:50:00Z
Manual Upload,HUMINT,HUMINT Node 493,Large dataset record for stress testing dashboard.,28.475496,76.926939,2026-01-04T10:00:00Z
Manual Upload,IMINT,IMINT Node 494,Large dataset record for stress testing dashboard.,28.76724,77.143093,2026-01-04T10:10:00Z
Manual Upload,IMINT,IMINT Node 495,Large dataset record for stress testing dashboard.,28.685623,77.320367,2026-01-04T10:20:00Z
OSINT-MOCK,OSINT,OSINT Node 496,Large dataset record for stress testing dashboard.,28.336889,77.312807,2026-01-04T10:30:00Z
Manual Upload,IMINT,IMINT Node 497,Large dataset record for stress testing dashboard.,28.481658,77.234062,2026-01-04T10:40:00Z
Manual Upload,HUMINT,HUMINT Node 498,Large dataset record for stress testing dashboard.,28.519479,77.133718,2026-01-04T10:50:00Z
Manual Upload,HUMINT,HUMINT Node 499,Large dataset record for stress testing dashboard.,28.423434,77.223151,2026-01-04T11:00:00Z
Manual Upload,HUMINT,HUMINT Node 500,Large dataset record for stress testing dashboard.,28.670057,77.026664,2026-01-04T11:10:00Z
OSINT-MOCK,OSINT,OSINT Node 501,Large dataset record for stress testing dashboard.,28.809781,77.275832,2026-01-04T11:20:00Z
OSINT-MOCK,OSINT,OSINT Node 502,Large dataset record for stress testing dashboard.,28.696881,77.289369,2026-01-04T11:30:00Z
Manual Upload,HUMINT,HUMINT Node 503,Large dataset record for stress testing dashboard.,28.724015,77.352616,2026-01-04T11:40:00Z
OSINT-MOCK,OSINT,OSINT Node 504,Large dataset record for stress testing dashboard.,28.787621,77.407185,2026-01-04T11:50:00Z
Manual Upload,IMINT,IMINT Node 505,Large dataset record for stress testing dashboard.,28.833675,77.025741,2026-01-04T12:00:00Z
OSINT-MOCK,OSINT,OSINT Node 506,Large dataset record for stress testing dashboard.,28.874622,77.113112,2026-01-04T12:10:00Z
Manual Upload,HUMINT,HUMINT Node 507,Large dataset record for stress testing dashboard.,28.470337,77.319682,2026-01-04T12:20:00Z
Manual Upload,IMINT,IMINT Node 508,Large dataset record for stress testing dashboard.,28.425861,77.365899,2026-01-04T12:30:00Z
Manual Upload,HUMINT,HUMINT Node 509,Large dataset record for stress testing dashboard.,28.907529,77.198982,2026-01-04T12:40:00Z
OSINT-MOCK,OSINT,OSINT Node 510,Large dataset record for stress testing dashboard.,28.547346,77.490177,2026-01-04T12:50:00Z
Manual Upload,IMINT,IMINT Node 511,Large dataset record for stress testing dashboard.,28.556091,77.262475,2026-01-04T13:00:00Z
Manual Upload,IMINT,IMINT Node 512,Large dataset record for stress testing dashboard.,28.447262,77.226845,2026-01-04T13:10:00Z
Manual Upload,IMINT,IMINT Node 513,Large dataset record for stress testing dashboard.,28.535931,77.043132,2026-01-04T13:20:00Z
Manual Upload,HUMINT,HUMINT Node 514,Large dataset record for stress testing dashboard.,28.377626,77.335369,2026-01-04T13:30:00Z
Manual Upload,HUMINT,HUMINT Node 515,Large dataset record for stress testing dashboard.,28.533383,77.479977,2026-01-04T13:40:00Z
Manual Upload,IMINT,IMINT Node 516,Large dataset record for stress testing dashboard.,28.625261,77.482755,2026-01-04T13:50:00Z
Manual Upload,HUMINT,HUMINT Node 517,Large dataset record for stress testing dashboard.,28.508526,77.27493,2026-01-04T14:00:00Z
Manual Upload,HUMINT,HUMINT Node 518,Large dataset record for stress testing dashboard.,28.777702,77.081383,2026-01-04T14:10:00Z
Manual Upload,IMINT,IMINT Node 519,Large dataset record for stress testing dashboard.,28.448424,77.025496,2026-01-04T14:20:00Z
Manual Upload,IMINT,IMINT Node 520,Large dataset record for stress testing dashboard.,28.687808,77.43565,2026-01-04T14:30:00Z
OSINT-MOCK,OSINT,OSINT Node 521,Large dataset record for stress testing dashboard.,28.808497,76.953706,2026-01-04T14:40:00Z
OSINT-MOCK,OSINT,OSINT Node 522,Large dataset record for stress testing dashboard.,28.862228,77.268401,2026-01-04T14:50:00Z
Manual Upload,IMINT,IMINT Node 523,Large dataset record for stress testing dashboard.,28.342034,77.221926,2026-01-04T15:00:00Z
OSINT-MOCK,OSINT,OSINT Node 524,Large dataset record for stress testing dashboard.,28.514069,77.050611,2026-01-04T15:10:00Z
Manual Upload,HUMINT,HUMINT Node 525,Large dataset record for stress testing dashboard.,28.365506,77.127534,2026-01-04T15:20:00Z
Manual Upload,HUMINT,HUMINT Node 526,Large dataset record for stress testing dashboard.,28.498448,77.104148,2026-01-04T15:30:00Z
OSINT-MOCK,OSINT,OSINT Node 527,Large dataset record for stress testing dashboard.,28.378414,77.40556,2026-01-04T15:40:00Z
Manual Upload,HUMINT,HUMINT Node 528,Large dataset record for stress testing dashboard.,28.378233,77.346359,2026-01-04T15:50:00Z
Manual Upload,HUMINT,HUMINT Node 529,Large dataset record for stress testing dashboard.,28.685528,77.037681,2026-01-04T16:00:00Z
Manual Upload,IMINT,IMINT Node 530,Large dataset record for stress testing dashboard.,28.599413,77.416525,2026-01-04T16:10:00Z
Manual Upload,HUMINT,HUMINT Node 531,Large dataset record for stress testing dashboard.,28.372327,77.388282,2026-01-04T16:20:00Z
Manual Upload,IMINT,IMINT Node 532,Large dataset record for stress testing dashboard.,28.824836,76.936475,2026-01-04T16:30:00Z
Manual Upload,IMINT,IMINT Node 533,Large dataset record for stress testing dashboard.,28.473353,77.416963,2026-01-04T16:40:00Z
Manual Upload,HUMINT,HUMINT Node 534,Large dataset record for stress testing dashboard.,28.832455,77.39043,2026-01-04T16:50:00Z
OSINT-MOCK,OSINT,OSINT Node 535,Large dataset record for stress testing dashboard.,28.884132,77.384473,2026-01-04T17:00:00Z
Manual Upload,HUMINT,HUMINT Node 536,Large dataset record for stress testing dashboard.,28.7797,77.015395,2026-01-04T17:10:00Z
OSINT-MOCK,OSINT,OSINT Node 537,Large dataset record for stress testing dashboard.,28.683331,77.477785,2026-01-04T17:20:00Z
Manual Upload,IMINT,IMINT Node 538,Large dataset record for stress testing dashboard.,28.731547,77.223233,2026-01-04T17:30:00Z
OSINT-MOCK,OSINT,OSINT Node 539,Large dataset record for stress testing dashboard.,28.349985,77.348501,2026-01-04T17:40:00Z
Manual Upload,HUMINT,HUMINT Node 540,Large dataset record for stress testing dashboard.,28.768559,76.913036,2026-01-04T17:50:00Z
Manual Upload,IMINT,IMINT Node 541,Large dataset record for stress testing dashboard.,28.391766,77.415821,2026-01-04T18:00:00Z
Manual Upload,HUMINT,HUMINT Node 542,Large dataset record for stress testing dashboard.,28.648583,77.369192,2026-01-04T18:10:00Z
Manual Upload,HUMINT,HUMINT Node 543,Large dataset record for stress testing dashboard.,28.411574,76.99111,2026-01-04T18:20:00Z
Manual Upload,HUMINT,HUMINT Node 544,Large dataset record for stress testing dashboard.,28.648344,77.456736,2026-01-04T18:30:00Z
Manual Upload,IMINT,IMINT Node 545,Large dataset record for stress testing dashboard.,28.56355,77.482328,2026-01-04T18:40:00Z
Manual Upload,HUMINT,HUMINT Node 546,Large dataset record for stress testing dashboard.,28.617764,77.384377,2026-01-04T18:50:00Z
OSINT-MOCK,OSINT,OSINT Node 547,Large dataset record for stress testing dashboard.,28.637249,77.076723,2026-01-04T19:00:00Z
Manual Upload,IMINT,IMINT Node 548,Large dataset record for stress testing dashboard.,28.396831,77.332661,2026-01-04T19:10:00Z
Manual Upload,IMINT,IMINT Node 549,Large dataset record for stress testing dashboard.,28.516271,77.353481,2026-01-04T19:20:00Z
Manual Upload,IMINT,IMINT Node 550,Large dataset record for stress testing dashboard.,28.481668,77.288303,2026-01-04T19:30:00Z
Manual Upload,HUMINT,HUMINT Node 551,Large dataset record for stress testing dashboard.,28.666893,77.487721,2026-01-04T19:40:00Z
Manual Upload,HUMINT,HUMINT Node 552,Large dataset record for stress testing dashboard.,28.786465,77.413946,2026-01-04T19:50:00Z
Manual Upload,IMINT,IMINT Node 553,Large dataset record for stress testing dashboard.,28.420565,76.986338,2026-01-04T20:00:00Z
Manual Upload,IMINT,IMINT Node 554,Large dataset record for stress testing dashboard.,28.860192,77.489581,2026-01-04T20:10:00Z
OSINT-MOCK,OSINT,OSINT Node 555,Large dataset record for stress testing dashboard.,28.570764,77.108377,2026-01-04T20:20:00Z
OSINT-MOCK,OSINT,OSINT Node 556,Large dataset record for stress testing dashboard.,28.873445,76.912755,2026-01-04T20:30:00Z
Manual Upload,HUMINT,HUMINT Node 557,Large dataset record for stress testing dashboard.,28.339625,77.389973,2026-01-04T20:40:00Z
OSINT-MOCK,OSINT,OSINT Node 558,Large dataset record for stress testing dashboard.,28.697399,77.260799,2026-01-04T20:50:00Z
Manual Upload,IMINT,IMINT Node 559,Large dataset record for stress testing dashboard.,28.357549,77.050853,2026-01-04T21:00:00Z
OSINT-MOCK,OSINT,OSINT Node 560,Large dataset record for stress testing dashboard.,28.840323,77.43885,2026-01-04T21:10:00Z
OSINT-MOCK,OSINT,OSINT Node 561,Large dataset record for stress testing dashboard.,28.793487,77.430091,2026-01-04T21:20:00Z
Manual Upload,HUMINT,HUMINT Node 562,Large dataset record for stress testing dashboard.,28.438906,77.103386,2026-01-04T21:30:00Z
Manual Upload,IMINT,IMINT Node 563,Large dataset record for stress testing dashboard.,28.334174,77.031455,2026-01-04T21:40:00Z
Manual Upload,IMINT,IMINT Node 564,Large dataset record for stress testing dashboard.,28.56931,77.351893,2026-01-04T21:50:00Z
Manual Upload,IMINT,IMINT Node 565,Large dataset record for stress testing dashboard.,28.374122,77.090957,2026-01-04T22:00:00Z
Manual Upload,IMINT,IMINT Node 566,Large dataset record for stress testing dashboard.,28.628775,77.138841,2026-01-04T22:10:00Z
OSINT-MOCK,OSINT,OSINT Node 567,Large dataset record for stress testing dashboard.,28.685877,77.339043,2026-01-04T22:20:00Z
OSINT-MOCK,OSINT,OSINT Node 568,Large dataset record for stress testing dashboard.,28.613651,77.419205,2026-01-04T22:30:00Z
Manual Upload,HUMINT,HUMINT Node 569,Large dataset record for stress testing dashboard.,28.567743,77.448321,2026-01-04T22:40:00Z
Manual Upload,HUMINT,HUMINT Node 570,Large dataset record for stress testing dashboard.,28.745516,77.084601,2026-01-04T22:50:00Z
Manual Upload,HUMINT,HUMINT Node 571,Large dataset record for stress testing dashboard.,28.403723,76.912819,2026-01-04T23:00:00Z
Manual Upload,IMINT,IMINT Node 572,Large dataset record for stress testing dashboard.,28.821478,77.499874,2026-01-04T23:10:00Z
OSINT-MOCK,OSINT,OSINT Node 573,Large dataset record for stress testing dashboard.,28.414525,77.130301,2026-01-04T23:20:00Z
OSINT-MOCK,OSINT,OSINT Node 574,Large dataset record for stress testing dashboard.,28.883722,76.950756,2026-01-04T23:30:00Z
Manual Upload,IMINT,IMINT Node 575,Large dataset record for stress testing dashboard.,28.797131,77.012724,2026-01-04T23:40:00Z
OSINT-MOCK,OSINT,OSINT Node 576,Large dataset record for stress testing dashboard.,28.798537,76.972517,2026-01-04T23:50:00Z
OSINT-MOCK,OSINT,OSINT Node 577,Large dataset record for stress testing dashboard.,28.428154,76.946749,2026-01-05T00:00:00Z
Manual Upload,IMINT,IMINT Node 578,Large dataset record for stress testing dashboard.,28.677848,77.436198,2026-01-05T00:10:00Z
OSINT-MOCK,OSINT,OSINT Node 579,Large dataset record for stress testing dashboard.,28.318151,77.091922,2026-01-05T00:20:00Z
OSINT-MOCK,OSINT,OSINT Node 580,Large dataset record for stress testing dashboard.,28.349291,77.351978,2026-01-05T00:30:00Z
Manual Upload,HUMINT,HUMINT Node 581,Large dataset record for stress testing dashboard.,28.625654,77.158221,2026-01-05T00:40:00Z
Manual Upload,HUMINT,HUMINT Node 582,Large dataset record for stress testing dashboard.,28.40999,77.339527,2026-01-05T00:50:00Z
Manual Upload,HUMINT,HUMINT Node 583,Large dataset record for stress testing dashboard.,28.520904,77.228508,2026-01-05T01:00:00Z
Manual Upload,IMINT,IMINT Node 584,Large dataset record for stress testing dashboard.,28.556315,77.3327,2026-01-05T01:10:00Z
Manual Upload,HUMINT,HUMINT Node 585,Large dataset record for stress testing dashboard.,28.587516,77.381154,2026-01-05T01:20:00Z
Manual Upload,IMINT,IMINT Node 586,Large dataset record for stress testing dashboard.,28.601948,77.101509,2026-01-05T01:30:00Z
Manual Upload,HUMINT,HUMINT Node 587,Large dataset record for stress testing dashboard.,28.897878,77.246225,2026-01-05T01:40:00Z
Manual Upload,IMINT,IMINT Node 588,Large dataset record for stress testing dashboard.,28.6042,77.136346,2026-01-05T01:50:00Z
Manual Upload,IMINT,IMINT Node 589,Large dataset record for stress testing dashboard.,28.879183,77.104261,2026-01-05T02:00:00Z
Manual Upload,IMINT,IMINT Node 590,Large dataset record for stress testing dashboard.,28.36804,77.399001,2026-01-05T02:10:00Z
Manual Upload,IMINT,IMINT Node 591,Large dataset record for stress testing dashboard.,28.759041,77.138448,2026-01-05T02:20:00Z
Manual Upload,HUMINT,HUMINT Node 592,Large dataset record for stress testing dashboard.,28.64618,77.346734,2026-01-05T02:30:00Z
Manual Upload,IMINT,IMINT Node 593,Large dataset record for stress testing dashboard.,28.345758,77.430418,2026-01-05T02:40:00Z
Manual Upload,HUMINT,HUMINT Node 594,Large dataset record for stress testing dashboard.,28.577622,76.981558,2026-01-05T02:50:00Z
OSINT-MOCK,OSINT,OSINT Node 595,Large dataset record for stress testing dashboard.,28.419229,77.1833,2026-01-05T03:00:00Z
Manual Upload,IMINT,IMINT Node 596,Large dataset record for stress testing dashboard.,28.432893,77.381327,2026-01-05T03:10:00Z
Manual Upload,IMINT,IMINT Node 597,Large dataset record for stress testing dashboard.,28.444262,77.247691,2026-01-05T03:20:00Z
OSINT-MOCK,OSINT,OSINT Node 598,Large dataset record for stress testing dashboard.,28.893872,77.483015,2026-01-05T03:30:00Z
Manual Upload,IMINT,IMINT Node 599,Large dataset record for stress testing dashboard.,28.509394,77.012526,2026-01-05T03:40:00Z
OSINT-MOCK,OSINT,OSINT Node 600,Large dataset record for stress testing dashboard.,28.887016,77.454785,2026-01-05T03:50:00Z
OSINT-MOCK,OSINT,OSINT Node 601,Large dataset record for stress testing dashboard.,28.758497,77.437935,2026-01-05T04:00:00Z
Manual Upload,IMINT,IMINT Node 602,Large dataset record for stress testing dashboard.,28.753583,77.388642,2026-01-05T04:10:00Z
Manual Upload,HUMINT,HUMINT Node 603,Large dataset record for stress testing dashboard.,28.82622,76.954218,2026-01-05T04:20:00Z
OSINT-MOCK,OSINT,OSINT Node 604,Large dataset record for stress testing dashboard.,28.455663,77.239395,2026-01-05T04:30:00Z
Manual Upload,HUMINT,HUMINT Node 605,Large dataset record for stress testing dashboard.,28.851924,77.104062,2026-01-05T04:40:00Z
Manual Upload,IMINT,IMINT Node 606,Large dataset record for stress testing dashboard.,28.735382,77.055713,2026-01-05T04:50:00Z
Manual Upload,HUMINT,HUMINT Node 607,Large dataset record for stress testing dashboard.,28.827319,77.233098,2026-01-05T05:00:00Z
Manual Upload,HUMINT,HUMINT Node 608,Large dataset record for stress testing dashboard.,28.647466,77.093837,2026-01-05T05:10:00Z
Manual Upload,HUMINT,HUMINT Node 609,Large dataset record for stress testing dashboard.,28.387194,77.343872,2026-01-05T05:20:00Z
OSINT-MOCK,OSINT,OSINT Node 610,Large dataset record for stress testing dashboard.,28.756169,77.438504,2026-01-05T05:30:00Z
OSINT-MOCK,OSINT,OSINT Node 611,Large dataset record for stress testing dashboard.,28.410837,77.144849,2026-01-05T05:40:00Z
Manual Upload,HUMINT,HUMINT Node 612,Large dataset record for stress testing dashboard.,28.879039,77.251626,2026-01-05T05:50:00Z
Manual Upload,HUMINT,HUMINT Node 613,Large dataset record for stress testing dashboard.,28.83316,77.255565,2026-01-05T06:00:00Z
OSINT-MOCK,OSINT,OSINT Node 614,Large dataset record for stress testing dashboard.,28.680628,77.344018,2026-01-05T06:10:00Z
Manual Upload,IMINT,IMINT Node 615,Large dataset record for stress testing dashboard.,28.849863,77.271164,2026-01-05T06:20:00Z
OSINT-MOCK,OSINT,OSINT Node 616,Large dataset record for stress testing dashboard.,28.577178,77.021077,2026-01-05T06:30:00Z
Manual Upload,HUMINT,HUMINT Node 617,Large dataset record for stress testing dashboard.,28.577985,77.006254,2026-01-05T06:40:00Z
Manual Upload,HUMINT,HUMINT Node 618,Large dataset record for stress testing dashboard.,28.461794,77.449644,2026-01-05T06:50:00Z
Manual Upload,IMINT,IMINT Node 619,Large dataset record for stress testing dashboard.,28.769747,77.455398,2026-01-05T07:00:00Z
Manual Upload,HUMINT,HUMINT Node 620,Large dataset record for stress testing dashboard.,28.381408,77.203196,2026-01-05T07:10:00Z
Manual Upload,IMINT,IMINT Node 621,Large dataset record for stress testing dashboard.,28.396865,77.479742,2026-01-05T07:20:00Z
Manual Upload,IMINT,IMINT Node 622,Large dataset record for stress testing dashboard.,28.459716,76.998544,2026-01-05T07:30:00Z
Manual Upload,HUMINT,HUMINT Node 623,Large dataset record for stress testing dashboard.,28.765549,76.968134,2026-01-05T07:40:00Z
OSINT-MOCK,OSINT,OSINT Node 624,Large dataset record for stress testing dashboard.,28.552179,77.383351,2026-01-05T07:50:00Z
OSINT-MOCK,OSINT,OSINT Node 625,Large dataset record for stress testing dashboard.,28.642688,77.01296,2026-01-05T08:00:00Z
Manual Upload,IMINT,IMINT Node 626,Large dataset record for stress testing dashboard.,28.473087,77.241526,2026-01-05T08:10:00Z
Manual Upload,HUMINT,HUMINT Node 627,Large dataset record for stress testing dashboard.,28.8004,77.320609,2026-01-05T08:20:00Z
Manual Upload,IMINT,IMINT Node 628,Large dataset record for stress testing dashboard.,28.625074,77.212549,2026-01-05T08:30:00Z
Manual Upload,IMINT,IMINT Node 629,Large dataset record for stress testing dashboard.,28.576922,77.319158,2026-01-05T08:40:00Z
Manual Upload,HUMINT,HUMINT Node 630,Large dataset record for stress testing dashboard.,28.757889,77.331972,2026-01-05T08:50:00Z
OSINT-MOCK,OSINT,OSINT Node 631,Large dataset record for stress testing dashboard.,28.714309,77.123419,2026-01-05T09:00:00Z
OSINT-MOCK,OSINT,OSINT Node 632,Large dataset record for stress testing dashboard.,28.696356,77.145607,2026-01-05T09:10:00Z
OSINT-MOCK,OSINT,OSINT Node 633,Large dataset record for stress testing dashboard.,28.793115,77.462528,2026-01-05T09:20:00Z
Manual Upload,HUMINT,HUMINT Node 634,Large dataset record for stress testing dashboard.,28.435097,77.075878,2026-01-05T09:30:00Z
OSINT-MOCK,OSINT,OSINT Node 635,Large dataset record for stress testing dashboard.,28.455672,77.141711,2026-01-05T09:40:00Z
Manual Upload,IMINT,IMINT Node 636,Large dataset record for stress testing dashboard.,28.802704,77.422111,2026-01-05T09:50:00Z
Manual Upload,HUMINT,HUMINT Node 637,Large dataset record for stress testing dashboard.,28.50634,77.185129,2026-01-05T10:00:00Z
OSINT-MOCK,OSINT,OSINT Node 638,Large dataset record for stress testing dashboard.,28.81501,77.006803,2026-01-05T10:10:00Z
OSINT-MOCK,OSINT,OSINT Node 639,Large dataset record for stress testing dashboard.,28.837104,77.25131,2026-01-05T10:20:00Z
Manual Upload,IMINT,IMINT Node 640,Large dataset record for stress testing dashboard.,28.327604,76.998529,2026-01-05T10:30:00Z
Manual Upload,IMINT,IMINT Node 641,Large dataset record for stress testing dashboard.,28.414388,77.465117,2026-01-05T10:40:00Z
OSINT-MOCK,OSINT,OSINT Node 642,Large dataset record for stress testing dashboard.,28.763467,77.307405,2026-01-05T10:50:00Z
Manual Upload,IMINT,IMINT Node 643,Large dataset record for stress testing dashboard.,28.495574,77.195781,2026-01-05T11:00:00Z
OSINT-MOCK,OSINT,OSINT Node 644,Large dataset record for stress testing dashboard.,28.834614,77.215829,2026-01-05T11:10:00Z
OSINT-MOCK,OSINT,OSINT Node 645,Large dataset record for stress testing dashboard.,28.681148,77.0268,2026-01-05T11:20:00Z
OSINT-MOCK,OSINT,OSINT Node 646,Large dataset record for stress testing dashboard.,28.65983,77.504307,2026-01-05T11:30:00Z
OSINT-MOCK,OSINT,OSINT Node 647,Large dataset record for stress testing dashboard.,28.44015,77.265091,2026-01-05T11:40:00Z
Manual Upload,HUMINT,HUMINT Node 648,Large dataset record for stress testing dashboard.,28.679118,76.978102,2026-01-05T11:50:00Z
OSINT-MOCK,OSINT,OSINT Node 649,Large dataset record for stress testing dashboard.,28.34295,76.999559,2026-01-05T12:00:00Z
Manual Upload,IMINT,IMINT Node 650,Large dataset record for stress testing dashboard.,28.383236,77.003443,2026-01-05T12:10:00Z
Manual Upload,HUMINT,HUMINT Node 651,Large dataset record for stress testing dashboard.,28.868293,77.485068,2026-01-05T12:20:00Z
OSINT-MOCK,OSINT,OSINT Node 652,Large dataset record for stress testing dashboard.,28.593832,77.30511,2026-01-05T12:30:00Z
Manual Upload,IMINT,IMINT Node 653,Large dataset record for stress testing dashboard.,28.383,77.371826,2026-01-05T12:40:00Z
Manual Upload,HUMINT,HUMINT Node 654,Large dataset record for stress testing dashboard.,28.367442,76.976626,2026-01-05T12:50:00Z
OSINT-MOCK,OSINT,OSINT Node 655,Large dataset record for stress testing dashboard.,28.376603,77.456971,2026-01-05T13:00:00Z
Manual Upload,HUMINT,HUMINT Node 656,Large dataset record for stress testing dashboard.,28.386474,77.342002,2026-01-05T13:10:00Z
Manual Upload,IMINT,IMINT Node 657,Large dataset record for stress testing dashboard.,28.395492,77.114763,2026-01-05T13:20:00Z
OSINT-MOCK,OSINT,OSINT Node 658,Large dataset record for stress testing dashboard.,28.869218,77.364971,2026-01-05T13:30:00Z
Manual Upload,IMINT,IMINT Node 659,Large dataset record for stress testing dashboard.,28.432671,77.282784,2026-01-05T13:40:00Z
OSINT-MOCK,OSINT,OSINT Node 660,Large dataset record for stress testing dashboard.,28.442354,77.085167,2026-01-05T13:50:00Z
Manual Upload,IMINT,IMINT Node 661,Large dataset record for stress testing dashboard.,28.572769,77.111388,2026-01-05T14:00:00Z
Manual Upload,IMINT,IMINT Node 662,Large dataset record for stress testing dashboard.,28.321945,77.016303,2026-01-05T14:10:00Z
Manual Upload,IMINT,IMINT Node 663,Large dataset record for stress testing dashboard.,28.840024,77.395756,2026-01-05T14:20:00Z
Manual Upload,HUMINT,HUMINT Node 664,Large dataset record for stress testing dashboard.,28.376078,77.367616,2026-01-05T14:30:00Z
OSINT-MOCK,OSINT,OSINT Node 665,Large dataset record for stress testing dashboard.,28.419582,76.96306,2026-01-05T14:40:00Z
Manual Upload,IMINT,IMINT Node 666,Large dataset record for stress testing dashboard.,28.787802,77.318825,2026-01-05T14:50:00Z
OSINT-MOCK,OSINT,OSINT Node 667,Large dataset record for stress testing dashboard.,28.62879,77.462157,2026-01-05T15:00:00Z
OSINT-MOCK,OSINT,OSINT Node 668,Large dataset record for stress testing dashboard.,28.659758,77.104984,2026-01-05T15:10:00Z
OSINT-MOCK,OSINT,OSINT Node 669,Large dataset record for stress testing dashboard.,28.403977,77.081028,2026-01-05T15:20:00Z
OSINT-MOCK,OSINT,OSINT Node 670,Large dataset record for stress testing dashboard.,28.324169,77.402943,2026-01-05T15:30:00Z
Manual Upload,HUMINT,HUMINT Node 671,Large dataset record for stress testing dashboard.,28.734275,77.129036,2026-01-05T15:40:00Z
OSINT-MOCK,OSINT,OSINT Node 672,Large dataset record for stress testing dashboard.,28.746845,77.412788,2026-01-05T15:50:00Z
OSINT-MOCK,OSINT,OSINT Node 673,Large dataset record for stress testing dashboard.,28.800179,77.35059,2026-01-05T16:00:00Z
Manual Upload,IMINT,IMINT Node 674,Large dataset record for stress testing dashboard.,28.797117,77.037771,2026-01-05T16:10:00Z
Manual Upload,IMINT,IMINT Node 675,Large dataset record for stress testing dashboard.,28.655222,77.116143,2026-01-05T16:20:00Z
OSINT-MOCK,OSINT,OSINT Node 676,Large dataset record for stress testing dashboard.,28.663975,77.403096,2026-01-05T16:30:00Z
OSINT-MOCK,OSINT,OSINT Node 677,Large dataset record for stress testing dashboard.,28.451218,77.181241,2026-01-05T16:40:00Z
Manual Upload,HUMINT,HUMINT Node 678,Large dataset record for stress testing dashboard.,28.479177,77.163317,2026-01-05T16:50:00Z
Manual Upload,HUMINT,HUMINT Node 679,Large dataset record for stress testing dashboard.,28.643717,77.232784,2026-01-05T17:00:00Z
OSINT-MOCK,OSINT,OSINT Node 680,Large dataset record for stress testing dashboard.,28.498067,77.463412,2026-01-05T17:10:00Z
OSINT-MOCK,OSINT,OSINT Node 681,Large dataset record for stress testing dashboard.,28.821705,77.064614,2026-01-05T17:20:00Z
OSINT-MOCK,OSINT,OSINT Node 682,Large dataset record for stress testing dashboard.,28.846761,77.376113,2026-01-05T17:30:00Z
OSINT-MOCK,OSINT,OSINT Node 683,Large dataset record for stress testing dashboard.,28.398407,77.198111,2026-01-05T17:40:00Z
OSINT-MOCK,OSINT,OSINT Node 684,Large dataset record for stress testing dashboard.,28.567376,77.126094,2026-01-05T17:50:00Z
Manual Upload,HUMINT,HUMINT Node 685,Large dataset record for stress testing dashboard.,28.601486,77.243517,2026-01-05T18:00:00Z
OSINT-MOCK,OSINT,OSINT Node 686,Large dataset record for stress testing dashboard.,28.350085,77.26844,2026-01-05T18:10:00Z
OSINT-MOCK,OSINT,OSINT Node 687,Large dataset record for stress testing dashboard.,28.579769,77.341928,2026-01-05T18:20:00Z
OSINT-MOCK,OSINT,OSINT Node 688,Large dataset record for stress testing dashboard.,28.572633,77.426179,2026-01-05T18:30:00Z
Manual Upload,HUMINT,HUMINT Node 689,Large dataset record for stress testing dashboard.,28.561305,76.986993,2026-01-05T18:40:00Z
OSINT-MOCK,OSINT,OSINT Node 690,Large dataset record for stress testing dashboard.,28.632528,77.476091,2026-01-05T18:50:00Z
OSINT-MOCK,OSINT,OSINT Node 691,Large dataset record for stress testing dashboard.,28.519334,77.065637,2026-01-05T19:00:00Z
Manual Upload,IMINT,IMINT Node 692,Large dataset record for stress testing dashboard.,28.810561,77.319669,2026-01-05T19:10:00Z
Manual Upload,HUMINT,HUMINT Node 693,Large dataset record for stress testing dashboard.,28.318446,77.329721,2026-01-05T19:20:00Z
OSINT-MOCK,OSINT,OSINT Node 694,Large dataset record for stress testing dashboard.,28.33333,76.944189,2026-01-05T19:30:00Z
Manual Upload,HUMINT,HUMINT Node 695,Large dataset record for stress testing dashboard.,28.683582,77.453788,2026-01-05T19:40:00Z
Manual Upload,IMINT,IMINT Node 696,Large dataset record for stress testing dashboard.,28.887853,77.247657,2026-01-05T19:50:00Z
Manual Upload,HUMINT,HUMINT Node 697,Large dataset record for stress testing dashboard.,28.584784,77.162913,2026-01-05T20:00:00Z
Manual Upload,IMINT,IMINT Node 698,Large dataset record for stress testing dashboard.,28.687644,77.131533,2026-01-05T20:10:00Z
Manual Upload,HUMINT,HUMINT Node 699,Large dataset record for stress testing dashboard.,28.720141,77.507824,2026-01-05T20:20:00Z
OSINT-MOCK,OSINT,OSINT Node 700,Large dataset record for stress testing dashboard.,28.484926,77.415103,2026-01-05T20:30:00Z
OSINT-MOCK,OSINT,OSINT Node 701,Large dataset record for stress testing dashboard.,28.464669,77.413947,2026-01-05T20:40:00Z
Manual Upload,HUMINT,HUMINT Node 702,Large dataset record for stress testing dashboard.,28.815962,77.05966,2026-01-05T20:50:00Z
OSINT-MOCK,OSINT,OSINT Node 703,Large dataset record for stress testing dashboard.,28.315539,76.935474,2026-01-05T21:00:00Z
Manual Upload,IMINT,IMINT Node 704,Large dataset record for stress testing dashboard.,28.775394,77.387355,2026-01-05T21:10:00Z
Manual Upload,IMINT,IMINT Node 705,Large dataset record for stress testing dashboard.,28.387482,77.033332,2026-01-05T21:20:00Z
OSINT-MOCK,OSINT,OSINT Node 706,Large dataset record for stress testing dashboard.,28.789418,77.241306,2026-01-05T21:30:00Z
OSINT-MOCK,OSINT,OSINT Node 707,Large dataset record for stress testing dashboard.,28.583495,77.074702,2026-01-05T21:40:00Z
OSINT-MOCK,OSINT,OSINT Node 708,Large dataset record for stress testing dashboard.,28.607291,77.163283,2026-01-05T21:50:00Z
Manual Upload,IMINT,IMINT Node 709,Large dataset record for stress testing dashboard.,28.640524,77.219111,2026-01-05T22:00:00Z
OSINT-MOCK,OSINT,OSINT Node 710,Large dataset record for stress testing dashboard.,28.716017,77.177657,2026-01-05T22:10:00Z
OSINT-MOCK,OSINT,OSINT Node 711,Large dataset record for stress testing dashboard.,28.669548,77.43006,2026-01-05T22:20:00Z
Manual Upload,HUMINT,HUMINT Node 712,Large dataset record for stress testing dashboard.,28.898421,77.331582,2026-01-05T22:30:00Z
Manual Upload,HUMINT,HUMINT Node 713,Large dataset record for stress testing dashboard.,28.364561,77.214018,2026-01-05T22:40:00Z
Manual Upload,HUMINT,HUMINT Node 714,Large dataset record for stress testing dashboard.,28.585678,77.056902,2026-01-05T22:50:00Z
OSINT-MOCK,OSINT,OSINT Node 715,Large dataset record for stress testing dashboard.,28.741473,77.108284,2026-01-05T23:00:00Z
Manual Upload,IMINT,IMINT Node 716,Large dataset record for stress testing dashboard.,28.801698,77.081635,2026-01-05T23:10:00Z
OSINT-MOCK,OSINT,OSINT Node 717,Large dataset record for stress testing dashboard.,28.886233,77.20422,2026-01-05T23:20:00Z
Manual Upload,IMINT,IMINT Node 718,Large dataset record for stress testing dashboard.,28.794516,77.013988,2026-01-05T23:30:00Z
Manual Upload,HUMINT,HUMINT Node 719,Large dataset record for stress testing dashboard.,28.431832,76.919458,2026-01-05T23:40:00Z
Manual Upload,IMINT,IMINT Node 720,Large dataset record for stress testing dashboard.,28.422936,77.228015,2026-01-05T23:50:00Z
Manual Upload,IMINT,IMINT Node 721,Large dataset record for stress testing dashboard.,28.71972,77.177092,2026-01-06T00:00:00Z
OSINT-MOCK,OSINT,OSINT Node 722,Large dataset record for stress testing dashboard.,28.571591,77.061256,2026-01-06T00:10:00Z
Manual Upload,HUMINT,HUMINT Node 723,Large dataset record for stress testing dashboard.,28.436637,77.245755,2026-01-06T00:20:00Z
OSINT-MOCK,OSINT,OSINT Node 724,Large dataset record for stress testing dashboard.,28.433279,77.31163,2026-01-06T00:30:00Z
Manual Upload,HUMINT,HUMINT Node 725,Large dataset record for stress testing dashboard.,28.678078,77.002951,2026-01-06T00:40:00Z
Manual Upload,HUMINT,HUMINT Node 726,Large dataset record for stress testing dashboard.,28.867082,77.411998,2026-01-06T00:50:00Z
Manual Upload,HUMINT,HUMINT Node 727,Large dataset record for stress testing dashboard.,28.575985,76.998348,2026-01-06T01:00:00Z
OSINT-MOCK,OSINT,OSINT Node 728,Large dataset record for stress testing dashboard.,28.664988,77.22377,2026-01-06T01:10:00Z
OSINT-MOCK,OSINT,OSINT Node 729,Large dataset record for stress testing dashboard.,28.733586,77.194002,2026-01-06T01:20:00Z
Manual Upload,HUMINT,HUMINT Node 730,Large dataset record for stress testing dashboard.,28.348449,77.068603,2026-01-06T01:30:00Z
Manual Upload,HUMINT,HUMINT Node 731,Large dataset record for stress testing dashboard.,28.569238,77.095361,2026-01-06T01:40:00Z
OSINT-MOCK,OSINT,OSINT Node 732,Large dataset record for stress testing dashboard.,28.690003,76.92396,2026-01-06T01:50:00Z
Manual Upload,IMINT,IMINT Node 733,Large dataset record for stress testing dashboard.,28.790962,76.939347,2026-01-06T02:00:00Z
Manual Upload,HUMINT,HUMINT Node 734,Large dataset record for stress testing dashboard.,28.605292,77.189415,2026-01-06T02:10:00Z
Manual Upload,HUMINT,HUMINT Node 735,Large dataset record for stress testing dashboard.,28.33631,77.358414,2026-01-06T02:20:00Z
Manual Upload,IMINT,IMINT Node 736,Large dataset record for stress testing dashboard.,28.665239,77.235327,2026-01-06T02:30:00Z
Manual Upload,IMINT,IMINT Node 737,Large dataset record for stress testing dashboard.,28.354667,77.337942,2026-01-06T02:40:00Z
Manual Upload,HUMINT,HUMINT Node 738,Large dataset record for stress testing dashboard.,28.828652,77.287645,2026-01-06T02:50:00Z
Manual Upload,IMINT,IMINT Node 739,Large dataset record for stress testing dashboard.,28.658401,77.098028,2026-01-06T03:00:00Z
OSINT-MOCK,OSINT,OSINT Node 740,Large dataset record for stress testing dashboard.,28.912391,76.948467,2026-01-06T03:10:00Z
Manual Upload,IMINT,IMINT Node 741,Large dataset record for stress testing dashboard.,28.339278,77.275335,2026-01-06T03:20:00Z
Manual Upload,IMINT,IMINT Node 742,Large dataset record for stress testing dashboard.,28.336639,77.262787,2026-01-06T03:30:00Z
Manual Upload,HUMINT,HUMINT Node 743,Large dataset record for stress testing dashboard.,28.811979,77.402027,2026-01-06T03:40:00Z
Manual Upload,HUMINT,HUMINT Node 744,Large dataset record for stress testing dashboard.,28.783896,77.226513,2026-01-06T03:50:00Z
OSINT-MOCK,OSINT,OSINT Node 745,Large dataset record for stress testing dashboard.,28.697229,77.297816,2026-01-06T04:00:00Z
OSINT-MOCK,OSINT,OSINT Node 746,Large dataset record for stress testing dashboard.,28.591849,77.17241,2026-01-06T04:10:00Z
Manual Upload,IMINT,IMINT Node 747,Large dataset record for stress testing dashboard.,28.802099,77.138333,2026-01-06T04:20:00Z
Manual Upload,HUMINT,HUMINT Node 748,Large dataset record for stress testing dashboard.,28.763844,76.970233,2026-01-06T04:30:00Z
Manual Upload,HUMINT,HUMINT Node 749,Large dataset record for stress testing dashboard.,28.887171,76.998064,2026-01-06T04:40:00Z
Manual Upload,HUMINT,HUMINT Node 750,Large dataset record for stress testing dashboard.,28.485893,76.938463,2026-01-06T04:50:00Z
OSINT-MOCK,OSINT,OSINT Node 751,Large dataset record for stress testing dashboard.,28.656511,77.057945,2026-01-06T05:00:00Z
OSINT-MOCK,OSINT,OSINT Node 752,Large dataset record for stress testing dashboard.,28.771217,77.171136,2026-01-06T05:10:00Z
Manual Upload,IMINT,IMINT Node 753,Large dataset record for stress testing dashboard.,28.756081,77.489225,2026-01-06T05:20:00Z
Manual Upload,IMINT,IMINT Node 754,Large dataset record for stress testing dashboard.,28.668485,77.082464,2026-01-06T05:30:00Z
Manual Upload,HUMINT,HUMINT Node 755,Large dataset record for stress testing dashboard.,28.861082,77.506402,2026-01-06T05:40:00Z
Manual Upload,HUMINT,HUMINT Node 756,Large dataset record for stress testing dashboard.,28.798108,76.949197,2026-01-06T05:50:00Z
Manual Upload,IMINT,IMINT Node 757,Large dataset record for stress testing dashboard.,28.412986,77.167472,2026-01-06T06:00:00Z
OSINT-MOCK,OSINT,OSINT Node 758,Large dataset record for stress testing dashboard.,28.39764,77.037605,2026-01-06T06:10:00Z
Manual Upload,IMINT,IMINT Node 759,Large dataset record for stress testing dashboard.,28.623243,77.400888,2026-01-06T06:20:00Z
Manual Upload,HUMINT,HUMINT Node 760,Large dataset record for stress testing dashboard.,28.820451,76.972415,2026-01-06T06:30:00Z
Manual Upload,IMINT,IMINT Node 761,Large dataset record for stress testing dashboard.,28.346853,77.004015,2026-01-06T06:40:00Z
Manual Upload,IMINT,IMINT Node 762,Large dataset record for stress testing dashboard.,28.709458,77.287495,2026-01-06T06:50:00Z
Manual Upload,IMINT,IMINT Node 763,Large dataset record for stress testing dashboard.,28.690562,76.966047,2026-01-06T07:00:00Z
OSINT-MOCK,OSINT,OSINT Node 764,Large dataset record for stress testing dashboard.,28.880128,77.388512,2026-01-06T07:10:00Z
Manual Upload,IMINT,IMINT Node 765,Large dataset record for stress testing dashboard.,28.535526,77.33009,2026-01-06T07:20:00Z
Manual Upload,IMINT,IMINT Node 766,Large dataset record for stress testing dashboard.,28.656837,77.266284,2026-01-06T07:30:00Z
OSINT-MOCK,OSINT,OSINT Node 767,Large dataset record for stress testing dashboard.,28.583048,76.996964,2026-01-06T07:40:00Z
OSINT-MOCK,OSINT,OSINT Node 768,Large dataset record for stress testing dashboard.,28.364,77.175674,2026-01-06T07:50:00Z
Manual Upload,IMINT,IMINT Node 769,Large dataset record for stress testing dashboard.,28.752474,77.231501,2026-01-06T08:00:00Z
Manual Upload,IMINT,IMINT Node 770,Large dataset record for stress testing dashboard.,28.666488,77.08286,2026-01-06T08:10:00Z
OSINT-MOCK,OSINT,OSINT Node 771,Large dataset record for stress testing dashboard.,28.61883,77.398191,2026-01-06T08:20:00Z
Manual Upload,HUMINT,HUMINT Node 772,Large dataset record for stress testing dashboard.,28.896205,77.465845,2026-01-06T08:30:00Z
OSINT-MOCK,OSINT,OSINT Node 773,Large dataset record for stress testing dashboard.,28.496368,76.991944,2026-01-06T08:40:00Z
Manual Upload,HUMINT,HUMINT Node 774,Large dataset record for stress testing dashboard.,28.584675,77.437106,2026-01-06T08:50:00Z
OSINT-MOCK,OSINT,OSINT Node 775,Large dataset record for stress testing dashboard.,28.627068,77.351467,2026-01-06T09:00:00Z
Manual Upload,IMINT,IMINT Node 776,Large dataset record for stress testing dashboard.,28.656553,77.173212,2026-01-06T09:10:00Z
Manual Upload,IMINT,IMINT Node 777,Large dataset record for stress testing dashboard.,28.53818,77.468504,2026-01-06T09:20:00Z
Manual Upload,HUMINT,HUMINT Node 778,Large dataset record for stress testing dashboard.,28.417445,77.396122,2026-01-06T09:30:00Z
Manual Upload,HUMINT,HUMINT Node 779,Large dataset record for stress testing dashboard.,28.637957,77.160273,2026-01-06T09:40:00Z
OSINT-MOCK,OSINT,OSINT Node 780,Large dataset record for stress testing dashboard.,28.597865,76.965218,2026-01-06T09:50:00Z
OSINT-MOCK,OSINT,OSINT Node 781,Large dataset record for stress testing dashboard.,28.819171,77.13715,2026-01-06T10:00:00Z
Manual Upload,IMINT,IMINT Node 782,Large dataset record for stress testing dashboard.,28.493633,77.150938,2026-01-06T10:10:00Z
Manual Upload,IMINT,IMINT Node 783,Large dataset record for stress testing dashboard.,28.71469,77.469489,2026-01-06T10:20:00Z
Manual Upload,IMINT,IMINT Node 784,Large dataset record for stress testing dashboard.,28.848494,77.313604,2026-01-06T10:30:00Z
Manual Upload,IMINT,IMINT Node 785,Large dataset record for stress testing dashboard.,28.47615,77.00821,2026-01-06T10:40:00Z
OSINT-MOCK,OSINT,OSINT Node 786,Large dataset record for stress testing dashboard.,28.567985,77.451287,2026-01-06T10:50:00Z
Manual Upload,IMINT,IMINT Node 787,Large dataset record for stress testing dashboard.,28.591915,77.360294,2026-01-06T11:00:00Z
Manual Upload,HUMINT,HUMINT Node 788,Large dataset record for stress testing dashboard.,28.879862,77.311166,2026-01-06T11:10:00Z
OSINT-MOCK,OSINT,OSINT Node 789,Large dataset record for stress testing dashboard.,28.71265,76.939015,2026-01-06T11:20:00Z
OSINT-MOCK,OSINT,OSINT Node 790,Large dataset record for stress testing dashboard.,28.667205,77.046602,2026-01-06T11:30:00Z
Manual Upload,IMINT,IMINT Node 791,Large dataset record for stress testing dashboard.,28.469091,77.383283,2026-01-06T11:40:00Z
OSINT-MOCK,OSINT,OSINT Node 792,Large dataset record for stress testing dashboard.,28.568014,77.121766,2026-01-06T11:50:00Z
OSINT-MOCK,OSINT,OSINT Node 793,Large dataset record for stress testing dashboard.,28.610513,77.240109,2026-01-06T12:00:00Z
Manual Upload,IMINT,IMINT Node 794,Large dataset record for stress testing dashboard.,28.420118,77.07947,2026-01-06T12:10:00Z
Manual Upload,IMINT,IMINT Node 795,Large dataset record for stress testing dashboard.,28.645827,77.043478,2026-01-06T12:20:00Z
Manual Upload,HUMINT,HUMINT Node 796,Large dataset record for stress testing dashboard.,28.540332,76.973205,2026-01-06T12:30:00Z
Manual Upload,IMINT,IMINT Node 797,Large dataset record for stress testing dashboard.,28.66252,77.424396,2026-01-06T12:40:00Z
Manual Upload,HUMINT,HUMINT Node 798,Large dataset record for stress testing dashboard.,28.715917,77.147895,2026-01-06T12:50:00Z
Manual Upload,HUMINT,HUMINT Node 799,Large dataset record for stress testing dashboard.,28.697899,77.43986,2026-01-06T13:00:00Z
Manual Upload,IMINT,IMINT Node 800,Large dataset record for stress testing dashboard.,28.735107,77.078824,2026-01-06T13:10:00Z
Manual Upload,IMINT,IMINT Node 801,Large dataset record for stress testing dashboard.,28.539689,77.237079,2026-01-06T13:20:00Z
OSINT-MOCK,OSINT,OSINT Node 802,Large dataset record for stress testing dashboard.,28.472799,77.276082,2026-01-06T13:30:00Z
OSINT-MOCK,OSINT,OSINT Node 803,Large dataset record for stress testing dashboard.,28.473287,77.21602,2026-01-06T13:40:00Z
Manual Upload,IMINT,IMINT Node 804,Large dataset record for stress testing dashboard.,28.352756,76.915969,2026-01-06T13:50:00Z
OSINT-MOCK,OSINT,OSINT Node 805,Large dataset record for stress testing dashboard.,28.516711,77.140561,2026-01-06T14:00:00Z
OSINT-MOCK,OSINT,OSINT Node 806,Large dataset record for stress testing dashboard.,28.902636,77.122343,2026-01-06T14:10:00Z
Manual Upload,IMINT,IMINT Node 807,Large dataset record for stress testing dashboard.,28.809212,77.152979,2026-01-06T14:20:00Z
Manual Upload,IMINT,IMINT Node 808,Large dataset record for stress testing dashboard.,28.641927,76.909206,2026-01-06T14:30:00Z
Manual Upload,HUMINT,HUMINT Node 809,Large dataset record for stress testing dashboard.,28.889992,77.376199,2026-01-06T14:40:00Z
Manual Upload,IMINT,IMINT Node 810,Large dataset record for stress testing dashboard.,28.634673,77.228622,2026-01-06T14:50:00Z
Manual Upload,HUMINT,HUMINT Node 811,Large dataset record for stress testing dashboard.,28.450671,76.933653,2026-01-06T15:00:00Z
Manual Upload,HUMINT,HUMINT Node 812,Large dataset record for stress testing dashboard.,28.396376,77.064119,2026-01-06T15:10:00Z
Manual Upload,IMINT,IMINT Node 813,Large dataset record for stress testing dashboard.,28.404703,77.501514,2026-01-06T15:20:00Z
Manual Upload,HUMINT,HUMINT Node 814,Large dataset record for stress testing dashboard.,28.581005,77.25445,2026-01-06T15:30:00Z
OSINT-MOCK,OSINT,OSINT Node 815,Large dataset record for stress testing dashboard.,28.327133,77.408812,2026-01-06T15:40:00Z
OSINT-MOCK,OSINT,OSINT Node 816,Large dataset record for stress testing dashboard.,28.49384,77.037671,2026-01-06T15:50:00Z
Manual Upload,IMINT,IMINT Node 817,Large dataset record for stress testing dashboard.,28.665799,77.363013,2026-01-06T16:00:00Z
Manual Upload,IMINT,IMINT Node 818,Large dataset record for stress testing dashboard.,28.462871,77.305709,2026-01-06T16:10:00Z
OSINT-MOCK,OSINT,OSINT Node 819,Large dataset record for stress testing dashboard.,28.697958,77.006947,2026-01-06T16:20:00Z
OSINT-MOCK,OSINT,OSINT Node 820,Large dataset record for stress testing dashboard.,28.742741,76.973776,2026-01-06T16:30:00Z
OSINT-MOCK,OSINT,OSINT Node 821,Large dataset record for stress testing dashboard.,28.598966,77.153579,2026-01-06T16:40:00Z
OSINT-MOCK,OSINT,OSINT Node 822,Large dataset record for stress testing dashboard.,28.518937,77.497608,2026-01-06T16:50:00Z
Manual Upload,IMINT,IMINT Node 823,Large dataset record for stress testing dashboard.,28.86491,77.101731,2026-01-06T17:00:00Z
Manual Upload,IMINT,IMINT Node 824,Large dataset record for stress testing dashboard.,28.370537,77.10847,2026-01-06T17:10:00Z
Manual Upload,HUMINT,HUMINT Node 825,Large dataset record for stress testing dashboard.,28.327059,77.008344,2026-01-06T17:20:00Z
Manual Upload,HUMINT,HUMINT Node 826,Large dataset record for stress testing dashboard.,28.764186,77.206355,2026-01-06T17:30:00Z
Manual Upload,HUMINT,HUMINT Node 827,Large dataset record for stress testing dashboard.,28.388642,76.967417,2026-01-06T17:40:00Z
Manual Upload,IMINT,IMINT Node 828,Large dataset record for stress testing dashboard.,28.704071,77.432825,2026-01-06T17:50:00Z
Manual Upload,IMINT,IMINT Node 829,Large dataset record for stress testing dashboard.,28.487391,76.925953,2026-01-06T18:00:00Z
Manual Upload,HUMINT,HUMINT Node 830,Large dataset record for stress testing dashboard.,28.563735,77.416077,2026-01-06T18:10:00Z
Manual Upload,IMINT,IMINT Node 831,Large dataset record for stress testing dashboard.,28.767263,77.199544,2026-01-06T18:20:00Z
Manual Upload,IMINT,IMINT Node 832,Large dataset record for stress testing dashboard.,28.3531,77.218472,2026-01-06T18:30:00Z
Manual Upload,IMINT,IMINT Node 833,Large dataset record for stress testing dashboard.,28.469115,77.231944,2026-01-06T18:40:00Z
Manual Upload,IMINT,IMINT Node 834,Large dataset record for stress testing dashboard.,28.692192,77.237023,2026-01-06T18:50:00Z
Manual Upload,IMINT,IMINT Node 835,Large dataset record for stress testing dashboard.,28.315611,77.149423,2026-01-06T19:00:00Z
Manual Upload,HUMINT,HUMINT Node 836,Large dataset record for stress testing dashboard.,28.401176,77.071899,2026-01-06T19:10:00Z
OSINT-MOCK,OSINT,OSINT Node 837,Large dataset record for stress testing dashboard.,28.476422,77.219183,2026-01-06T19:20:00Z
Manual Upload,IMINT,IMINT Node 838,Large dataset record for stress testing dashboard.,28.786266,77.412841,2026-01-06T19:30:00Z
Manual Upload,HUMINT,HUMINT Node 839,Large dataset record for stress testing dashboard.,28.424725,77.145712,2026-01-06T19:40:00Z
Manual Upload,IMINT,IMINT Node 840,Large dataset record for stress testing dashboard.,28.882211,77.236549,2026-01-06T19:50:00Z
OSINT-MOCK,OSINT,OSINT Node 841,Large dataset record for stress testing dashboard.,28.711801,77.279444,2026-01-06T20:00:00Z
Manual Upload,IMINT,IMINT Node 842,Large dataset record for stress testing dashboard.,28.733228,77.258062,2026-01-06T20:10:00Z
Manual Upload,IMINT,IMINT Node 843,Large dataset record for stress testing dashboard.,28.685027,77.173208,2026-01-06T20:20:00Z
OSINT-MOCK,OSINT,OSINT Node 844,Large dataset record for stress testing dashboard.,28.542597,77.09641,2026-01-06T20:30:00Z
Manual Upload,HUMINT,HUMINT Node 845,Large dataset record for stress testing dashboard.,28.510296,77.262011,2026-01-06T20:40:00Z
OSINT-MOCK,OSINT,OSINT Node 846,Large dataset record for stress testing dashboard.,28.796048,76.93858,2026-01-06T20:50:00Z
Manual Upload,IMINT,IMINT Node 847,Large dataset record for stress testing dashboard.,28.682118,77.342429,2026-01-06T21:00:00Z
Manual Upload,HUMINT,HUMINT Node 848,Large dataset record for stress testing dashboard.,28.422249,77.415891,2026-01-06T21:10:00Z
Manual Upload,HUMINT,HUMINT Node 849,Large dataset record for stress testing dashboard.,28.91071,77.056838,2026-01-06T21:20:00Z
OSINT-MOCK,OSINT,OSINT Node 850,Large dataset record for stress testing dashboard.,28.847392,76.935693,2026-01-06T21:30:00Z
Manual Upload,IMINT,IMINT Node 851,Large dataset record for stress testing dashboard.,28.35613,76.956164,2026-01-06T21:40:00Z
Manual Upload,IMINT,IMINT Node 852,Large dataset record for stress testing dashboard.,28.750819,77.045242,2026-01-06T21:50:00Z
Manual Upload,HUMINT,HUMINT Node 853,Large dataset record for stress testing dashboard.,28.63659,77.371775,2026-01-06T22:00:00Z
Manual Upload,HUMINT,HUMINT Node 854,Large dataset record for stress testing dashboard.,28.438185,77.097633,2026-01-06T22:10:00Z
OSINT-MOCK,OSINT,OSINT Node 855,Large dataset record for stress testing dashboard.,28.899419,77.297571,2026-01-06T22:20:00Z
Manual Upload,HUMINT,HUMINT Node 856,Large dataset record for stress testing dashboard.,28.622701,77.064943,2026-01-06T22:30:00Z
OSINT-MOCK,OSINT,OSINT Node 857,Large dataset record for stress testing dashboard.,28.673596,77.13639,2026-01-06T22:40:00Z
Manual Upload,IMINT,IMINT Node 858,Large dataset record for stress testing dashboard.,28.343391,77.26547,2026-01-06T22:50:00Z
Manual Upload,HUMINT,HUMINT Node 859,Large dataset record for stress testing dashboard.,28.65734,77.393196,2026-01-06T23:00:00Z
OSINT-MOCK,OSINT,OSINT Node 860,Large dataset record for stress testing dashboard.,28.632112,77.257218,2026-01-06T23:10:00Z
Manual Upload,HUMINT,HUMINT Node 861,Large dataset record for stress testing dashboard.,28.342075,77.461305,2026-01-06T23:20:00Z
Manual Upload,IMINT,IMINT Node 862,Large dataset record for stress testing dashboard.,28.723345,77.073383,2026-01-06T23:30:00Z
Manual Upload,HUMINT,HUMINT Node 863,Large dataset record for stress testing dashboard.,28.830839,77.277034,2026-01-06T23:40:00Z
Manual Upload,HUMINT,HUMINT Node 864,Large dataset record for stress testing dashboard.,28.612402,76.939001,2026-01-06T23:50:00Z
Manual Upload,HUMINT,HUMINT Node 865,Large dataset record for stress testing dashboard.,28.471178,76.917613,2026-01-07T00:00:00Z
Manual Upload,HUMINT,HUMINT Node 866,Large dataset record for stress testing dashboard.,28.502749,77.428107,2026-01-07T00:10:00Z
OSINT-MOCK,OSINT,OSINT Node 867,Large dataset record for stress testing dashboard.,28.76766,77.11295,2026-01-07T00:20:00Z
Manual Upload,HUMINT,HUMINT Node 868,Large dataset record for stress testing dashboard.,28.656626,77.37851,2026-01-07T00:30:00Z
OSINT-MOCK,OSINT,OSINT Node 869,Large dataset record for stress testing dashboard.,28.774703,77.487855,2026-01-07T00:40:00Z
OSINT-MOCK,OSINT,OSINT Node 870,Large dataset record for stress testing dashboard.,28.782656,77.392159,2026-01-07T00:50:00Z
Manual Upload,HUMINT,HUMINT Node 871,Large dataset record for stress testing dashboard.,28.568991,77.05451,2026-01-07T01:00:00Z
Manual Upload,HUMINT,HUMINT Node 872,Large dataset record for stress testing dashboard.,28.468753,77.151662,2026-01-07T01:10:00Z
OSINT-MOCK,OSINT,OSINT Node 873,Large dataset record for stress testing dashboard.,28.783867,77.421573,2026-01-07T01:20:00Z
Manual Upload,HUMINT,HUMINT Node 874,Large dataset record for stress testing dashboard.,28.776155,77.110904,2026-01-07T01:30:00Z
Manual Upload,HUMINT,HUMINT Node 875,Large dataset record for stress testing dashboard.,28.346415,77.146894,2026-01-07T01:40:00Z
OSINT-MOCK,OSINT,OSINT Node 876,Large dataset record for stress testing dashboard.,28.67609,77.117214,2026-01-07T01:50:00Z
Manual Upload,HUMINT,HUMINT Node 877,Large dataset record for stress testing dashboard.,28.319394,77.468149,2026-01-07T02:00:00Z
OSINT-MOCK,OSINT,OSINT Node 878,Large dataset record for stress testing dashboard.,28.410058,77.021043,2026-01-07T02:10:00Z
Manual Upload,HUMINT,HUMINT Node 879,Large dataset record for stress testing dashboard.,28.405193,77.017626,2026-01-07T02:20:00Z
Manual Upload,IMINT,IMINT Node 880,Large dataset record for stress testing dashboard.,28.570809,77.437813,2026-01-07T02:30:00Z
OSINT-MOCK,OSINT,OSINT Node 881,Large dataset record for stress testing dashboard.,28.707886,77.09537,2026-01-07T02:40:00Z
Manual Upload,HUMINT,HUMINT Node 882,Large dataset record for stress testing dashboard.,28.772185,77.276964,2026-01-07T02:50:00Z
Manual Upload,HUMINT,HUMINT Node 883,Large dataset record for stress testing dashboard.,28.330549,76.956439,2026-01-07T03:00:00Z
Manual Upload,HUMINT,HUMINT Node 884,Large dataset record for stress testing dashboard.,28.739385,76.968949,2026-01-07T03:10:00Z
Manual Upload,HUMINT,HUMINT Node 885,Large dataset record for stress testing dashboard.,28.860331,77.420072,2026-01-07T03:20:00Z
Manual Upload,HUMINT,HUMINT Node 886,Large dataset record for stress testing dashboard.,28.633945,77.219242,2026-01-07T03:30:00Z
Manual Upload,IMINT,IMINT Node 887,Large dataset record for stress testing dashboard.,28.909924,76.912672,2026-01-07T03:40:00Z
Manual Upload,IMINT,IMINT Node 888,Large dataset record for stress testing dashboard.,28.322908,77.193751,2026-01-07T03:50:00Z
Manual Upload,HUMINT,HUMINT Node 889,Large dataset record for stress testing dashboard.,28.903087,77.19772,2026-01-07T04:00:00Z
OSINT-MOCK,OSINT,OSINT Node 890,Large dataset record for stress testing dashboard.,28.908882,76.985711,2026-01-07T04:10:00Z
Manual Upload,HUMINT,HUMINT Node 891,Large dataset record for stress testing dashboard.,28.417633,77.266315,2026-01-07T04:20:00Z
OSINT-MOCK,OSINT,OSINT Node 892,Large dataset record for stress testing dashboard.,28.580353,77.380356,2026-01-07T04:30:00Z
OSINT-MOCK,OSINT,OSINT Node 893,Large dataset record for stress testing dashboard.,28.872491,77.072918,2026-01-07T04:40:00Z
Manual Upload,HUMINT,HUMINT Node 894,Large dataset record for stress testing dashboard.,28.91043,77.154129,2026-01-07T04:50:00Z
Manual Upload,HUMINT,HUMINT Node 895,Large dataset record for stress testing dashboard.,28.825545,77.292156,2026-01-07T05:00:00Z
OSINT-MOCK,OSINT,OSINT Node 896,Large dataset record for stress testing dashboard.,28.359584,77.347268,2026-01-07T05:10:00Z
OSINT-MOCK,OSINT,OSINT Node 897,Large dataset record for stress testing dashboard.,28.345983,77.226257,2026-01-07T05:20:00Z
Manual Upload,HUMINT,HUMINT Node 898,Large dataset record for stress testing dashboard.,28.755149,77.439699,2026-01-07T05:30:00Z
Manual Upload,IMINT,IMINT Node 899,Large dataset record for stress testing dashboard.,28.450686,77.116432,2026-01-07T05:40:00Z
Manual Upload,IMINT,IMINT Node 900,Large dataset record for stress testing dashboard.,28.751598,77.428839,2026-01-07T05:50:00Z
Manual Upload,IMINT,IMINT Node 901,Large dataset record for stress testing dashboard.,28.342756,77.241465,2026-01-07T06:00:00Z
Manual Upload,IMINT,IMINT Node 902,Large dataset record for stress testing dashboard.,28.415182,77.499041,2026-01-07T06:10:00Z
Manual Upload,IMINT,IMINT Node 903,Large dataset record for stress testing dashboard.,28.418797,76.98575,2026-01-07T06:20:00Z
Manual Upload,IMINT,IMINT Node 904,Large dataset record for stress testing dashboard.,28.648395,77.359707,2026-01-07T06:30:00Z
Manual Upload,HUMINT,HUMINT Node 905,Large dataset record for stress testing dashboard.,28.508479,77.060931,2026-01-07T06:40:00Z
Manual Upload,HUMINT,HUMINT Node 906,Large dataset record for stress testing dashboard.,28.342189,77.314492,2026-01-07T06:50:00Z
Manual Upload,HUMINT,HUMINT Node 907,Large dataset record for stress testing dashboard.,28.466579,77.300693,2026-01-07T07:00:00Z
OSINT-MOCK,OSINT,OSINT Node 908,Large dataset record for stress testing dashboard.,28.705224,77.112124,2026-01-07T07:10:00Z
OSINT-MOCK,OSINT,OSINT Node 909,Large dataset record for stress testing dashboard.,28.835822,77.416306,2026-01-07T07:20:00Z
OSINT-MOCK,OSINT,OSINT Node 910,Large dataset record for stress testing dashboard.,28.380742,77.475679,2026-01-07T07:30:00Z
Manual Upload,HUMINT,HUMINT Node 911,Large dataset record for stress testing dashboard.,28.874693,77.499835,2026-01-07T07:40:00Z
Manual Upload,IMINT,IMINT Node 912,Large dataset record for stress testing dashboard.,28.775751,77.277866,2026-01-07T07:50:00Z
Manual Upload,IMINT,IMINT Node 913,Large dataset record for stress testing dashboard.,28.752483,77.203752,2026-01-07T08:00:00Z
Manual Upload,HUMINT,HUMINT Node 914,Large dataset record for stress testing dashboard.,28.753964,77.498974,2026-01-07T08:10:00Z
OSINT-MOCK,OSINT,OSINT Node 915,Large dataset record for stress testing dashboard.,28.576933,77.373132,2026-01-07T08:20:00Z
Manual Upload,IMINT,IMINT Node 916,Large dataset record for stress testing dashboard.,28.459638,77.085082,2026-01-07T08:30:00Z
OSINT-MOCK,OSINT,OSINT Node 917,Large dataset record for stress testing dashboard.,28.721011,77.008815,2026-01-07T08:40:00Z
Manual Upload,IMINT,IMINT Node 918,Large dataset record for stress testing dashboard.,28.332323,77.429566,2026-01-07T08:50:00Z
OSINT-MOCK,OSINT,OSINT Node 919,Large dataset record for stress testing dashboard.,28.637238,77.32005,2026-01-07T09:00:00Z
OSINT-MOCK,OSINT,OSINT Node 920,Large dataset record for stress testing dashboard.,28.852544,77.121178,2026-01-07T09:10:00Z
OSINT-MOCK,OSINT,OSINT Node 921,Large dataset record for stress testing dashboard.,28.706933,76.945467,2026-01-07T09:20:00Z
OSINT-MOCK,OSINT,OSINT Node 922,Large dataset record for stress testing dashboard.,28.677944,77.141215,2026-01-07T09:30:00Z
Manual Upload,IMINT,IMINT Node 923,Large dataset record for stress testing dashboard.,28.809921,77.061958,2026-01-07T09:40:00Z
Manual Upload,IMINT,IMINT Node 924,Large dataset record for stress testing dashboard.,28.695105,76.92892,2026-01-07T09:50:00Z
Manual Upload,HUMINT,HUMINT Node 925,Large dataset record for stress testing dashboard.,28.910498,77.496317,2026-01-07T10:00:00Z
OSINT-MOCK,OSINT,OSINT Node 926,Large dataset record for stress testing dashboard.,28.745412,77.210825,2026-01-07T10:10:00Z
Manual Upload,HUMINT,HUMINT Node 927,Large dataset record for stress testing dashboard.,28.473959,77.445277,2026-01-07T10:20:00Z
OSINT-MOCK,OSINT,OSINT Node 928,Large dataset record for stress testing dashboard.,28.822562,77.437658,2026-01-07T10:30:00Z
Manual Upload,IMINT,IMINT Node 929,Large dataset record for stress testing dashboard.,28.335358,77.4615,2026-01-07T10:40:00Z
Manual Upload,IMINT,IMINT Node 930,Large dataset record for stress testing dashboard.,28.786604,77.353184,2026-01-07T10:50:00Z
Manual Upload,HUMINT,HUMINT Node 931,Large dataset record for stress testing dashboard.,28.355374,77.432552,2026-01-07T11:00:00Z
OSINT-MOCK,OSINT,OSINT Node 932,Large dataset record for stress testing dashboard.,28.598402,77.080963,2026-01-07T11:10:00Z
OSINT-MOCK,OSINT,OSINT Node 933,Large dataset record for stress testing dashboard.,28.819436,77.116204,2026-01-07T11:20:00Z
Manual Upload,IMINT,IMINT Node 934,Large dataset record for stress testing dashboard.,28.481212,77.061636,2026-01-07T11:30:00Z
Manual Upload,HUMINT,HUMINT Node 935,Large dataset record for stress testing dashboard.,28.887207,77.065992,2026-01-07T11:40:00Z
Manual Upload,IMINT,IMINT Node 936,Large dataset record for stress testing dashboard.,28.345992,77.228042,2026-01-07T11:50:00Z
Manual Upload,HUMINT,HUMINT Node 937,Large dataset record for stress testing dashboard.,28.841305,77.32206,2026-01-07T12:00:00Z
Manual Upload,IMINT,IMINT Node 938,Large dataset record for stress testing dashboard.,28.67556,77.039466,2026-01-07T12:10:00Z
Manual Upload,IMINT,IMINT Node 939,Large dataset record for stress testing dashboard.,28.784467,76.973292,2026-01-07T12:20:00Z
Manual Upload,IMINT,IMINT Node 940,Large dataset record for stress testing dashboard.,28.725644,77.362391,2026-01-07T12:30:00Z
Manual Upload,IMINT,IMINT Node 941,Large dataset record for stress testing dashboard.,28.715611,77.053554,2026-01-07T12:40:00Z
Manual Upload,IMINT,IMINT Node 942,Large dataset record for stress testing dashboard.,28.3879,77.230979,2026-01-07T12:50:00Z
Manual Upload,IMINT,IMINT Node 943,Large dataset record for stress testing dashboard.,28.621395,77.062274,2026-01-07T13:00:00Z
Manual Upload,IMINT,IMINT Node 944,Large dataset record for stress testing dashboard.,28.755105,77.391343,2026-01-07T13:10:00Z
Manual Upload,IMINT,IMINT Node 945,Large dataset record for stress testing dashboard.,28.661468,77.501903,2026-01-07T13:20:00Z
Manual Upload,IMINT,IMINT Node 946,Large dataset record for stress testing dashboard.,28.622595,77.002002,2026-01-07T13:30:00Z
Manual Upload,HUMINT,HUMINT Node 947,Large dataset record for stress testing dashboard.,28.67321,77.092645,2026-01-07T13:40:00Z
Manual Upload,HUMINT,HUMINT Node 948,Large dataset record for stress testing dashboard.,28.602645,77.330847,2026-01-07T13:50:00Z
Manual Upload,IMINT,IMINT Node 949,Large dataset record for stress testing dashboard.,28.376692,77.412847,2026-01-07T14:00:00Z
OSINT-MOCK,OSINT,OSINT Node 950,Large dataset record for stress testing dashboard.,28.396418,77.135105,2026-01-07T14:10:00Z
Manual Upload,IMINT,IMINT Node 951,Large dataset record for stress testing dashboard.,28.800034,77.426109,2026-01-07T14:20:00Z
Manual Upload,IMINT,IMINT Node 952,Large dataset record for stress testing dashboard.,28.638168,77.487104,2026-01-07T14:30:00Z
OSINT-MOCK,OSINT,OSINT Node 953,Large dataset record for stress testing dashboard.,28.46548,77.06968,2026-01-07T14:40:00Z
Manual Upload,IMINT,IMINT Node 954,Large dataset record for stress testing dashboard.,28.812885,77.298218,2026-01-07T14:50:00Z
OSINT-MOCK,OSINT,OSINT Node 955,Large dataset record for stress testing dashboard.,28.583618,77.221878,2026-01-07T15:00:00Z
OSINT-MOCK,OSINT,OSINT Node 956,Large dataset record for stress testing dashboard.,28.654708,76.970922,2026-01-07T15:10:00Z
Manual Upload,HUMINT,HUMINT Node 957,Large dataset record for stress testing dashboard.,28.905098,77.304719,2026-01-07T15:20:00Z
OSINT-MOCK,OSINT,OSINT Node 958,Large dataset record for stress testing dashboard.,28.33195,77.46097,2026-01-07T15:30:00Z
OSINT-MOCK,OSINT,OSINT Node 959,Large dataset record for stress testing dashboard.,28.880121,77.248949,2026-01-07T15:40:00Z
OSINT-MOCK,OSINT,OSINT Node 960,Large dataset record for stress testing dashboard.,28.624149,77.21781,2026-01-07T15:50:00Z
OSINT-MOCK,OSINT,OSINT Node 961,Large dataset record for stress testing dashboard.,28.740914,77.243228,2026-01-07T16:00:00Z
OSINT-MOCK,OSINT,OSINT Node 962,Large dataset record for stress testing dashboard.,28.41457,76.981676,2026-01-07T16:10:00Z
OSINT-MOCK,OSINT,OSINT Node 963,Large dataset record for stress testing dashboard.,28.322842,77.047012,2026-01-07T16:20:00Z
Manual Upload,HUMINT,HUMINT Node 964,Large dataset record for stress testing dashboard.,28.323666,77.323999,2026-01-07T16:30:00Z
OSINT-MOCK,OSINT,OSINT Node 965,Large dataset record for stress testing dashboard.,28.590685,77.136641,2026-01-07T16:40:00Z
Manual Upload,IMINT,IMINT Node 966,Large dataset record for stress testing dashboard.,28.859924,77.213754,2026-01-07T16:50:00Z
Manual Upload,IMINT,IMINT Node 967,Large dataset record for stress testing dashboard.,28.67202,77.429701,2026-01-07T17:00:00Z
OSINT-MOCK,OSINT,OSINT Node 968,Large dataset record for stress testing dashboard.,28.602408,77.14074,2026-01-07T17:10:00Z
OSINT-MOCK,OSINT,OSINT Node 969,Large dataset record for stress testing dashboard.,28.642545,77.399698,2026-01-07T17:20:00Z
Manual Upload,HUMINT,HUMINT Node 970,Large dataset record for stress testing dashboard.,28.537503,77.387116,2026-01-07T17:30:00Z
Manual Upload,IMINT,IMINT Node 971,Large dataset record for stress testing dashboard.,28.350927,77.343704,2026-01-07T17:40:00Z
OSINT-MOCK,OSINT,OSINT Node 972,Large dataset record for stress testing dashboard.,28.487518,77.100595,2026-01-07T17:50:00Z
Manual Upload,IMINT,IMINT Node 973,Large dataset record for stress testing dashboard.,28.698592,76.960031,2026-01-07T18:00:00Z
Manual Upload,HUMINT,HUMINT Node 974,Large dataset record for stress testing dashboard.,28.76697,77.380701,2026-01-07T18:10:00Z
Manual Upload,IMINT,IMINT Node 975,Large dataset record for stress testing dashboard.,28.566584,77.359645,2026-01-07T18:20:00Z
Manual Upload,HUMINT,HUMINT Node 976,Large dataset record for stress testing dashboard.,28.698809,77.025992,2026-01-07T18:30:00Z
Manual Upload,HUMINT,HUMINT Node 977,Large dataset record for stress testing dashboard.,28.559101,77.498465,2026-01-07T18:40:00Z
OSINT-MOCK,OSINT,OSINT Node 978,Large dataset record for stress testing dashboard.,28.813135,77.383063,2026-01-07T18:50:00Z
OSINT-MOCK,OSINT,OSINT Node 979,Large dataset record for stress testing dashboard.,28.31609,77.349001,2026-01-07T19:00:00Z
OSINT-MOCK,OSINT,OSINT Node 980,Large dataset record for stress testing dashboard.,28.588126,77.359958,2026-01-07T19:10:00Z
Manual Upload,HUMINT,HUMINT Node 981,Large dataset record for stress testing dashboard.,28.316005,77.399422,2026-01-07T19:20:00Z
Manual Upload,IMINT,IMINT Node 982,Large dataset record for stress testing dashboard.,28.879975,77.480498,2026-01-07T19:30:00Z
Manual Upload,HUMINT,HUMINT Node 983,Large dataset record for stress testing dashboard.,28.541414,77.409455,2026-01-07T19:40:00Z
Manual Upload,HUMINT,HUMINT Node 984,Large dataset record for stress testing dashboard.,28.325627,77.322419,2026-01-07T19:50:00Z
Manual Upload,HUMINT,HUMINT Node 985,Large dataset record for stress testing dashboard.,28.573611,77.447132,2026-01-07T20:00:00Z
OSINT-MOCK,OSINT,OSINT Node 986,Large dataset record for stress testing dashboard.,28.567149,76.964217,2026-01-07T20:10:00Z
Manual Upload,HUMINT,HUMINT Node 987,Large dataset record for stress testing dashboard.,28.856892,77.144792,2026-01-07T20:20:00Z
OSINT-MOCK,OSINT,OSINT Node 988,Large dataset record for stress testing dashboard.,28.493354,76.960925,2026-01-07T20:30:00Z
OSINT-MOCK,OSINT,OSINT Node 989,Large dataset record for stress testing dashboard.,28.736348,77.444085,2026-01-07T20:40:00Z
Manual Upload,HUMINT,HUMINT Node 990,Large dataset record for stress testing dashboard.,28.905969,76.909951,2026-01-07T20:50:00Z
Manual Upload,IMINT,IMINT Node 991,Large dataset record for stress testing dashboard.,28.638892,76.969343,2026-01-07T21:00:00Z
Manual Upload,HUMINT,HUMINT Node 992,Large dataset record for stress testing dashboard.,28.804667,77.458785,2026-01-07T21:10:00Z
Manual Upload,IMINT,IMINT Node 993,Large dataset record for stress testing dashboard.,28.777356,77.19066,2026-01-07T21:20:00Z
Manual Upload,IMINT,IMINT Node 994,Large dataset record for stress testing dashboard.,28.683005,77.129371,2026-01-07T21:30:00Z
Manual Upload,IMINT,IMINT Node 995,Large dataset record for stress testing dashboard.,28.770025,77.166938,2026-01-07T21:40:00Z
Manual Upload,HUMINT,HUMINT Node 996,Large dataset record for stress testing dashboard.,28.435281,77.241377,2026-01-07T21:50:00Z
Manual Upload,IMINT,IMINT Node 997,Large dataset record for stress testing dashboard.,28.634477,77.249481,2026-01-07T22:00:00Z
Manual Upload,HUMINT,HUMINT Node 998,Large dataset record for stress testing dashboard.,28.557054,77.142049,2026-01-07T22:10:00Z
Manual Upload,IMINT,IMINT Node 999,Large dataset record for stress testing dashboard.,28.784847,77.225773,2026-01-07T22:20:00Z
Manual Upload,IMINT,IMINT Node 1000,Large dataset record for stress testing dashboard.,28.573969,77.242252,2026-01-07T22:30:00Z
Manual Upload,IMINT,IMINT Node 1001,Large dataset record for stress testing dashboard.,28.653352,77.192487,2026-01-07T22:40:00Z
Manual Upload,IMINT,IMINT Node 1002,Large dataset record for stress testing dashboard.,28.710147,77.200177,2026-01-07T22:50:00Z
Manual Upload,IMINT,IMINT Node 1003,Large dataset record for stress testing dashboard.,28.357489,76.927381,2026-01-07T23:00:00Z
OSINT-MOCK,OSINT,OSINT Node 1004,Large dataset record for stress testing dashboard.,28.571153,77.126813,2026-01-07T23:10:00Z
OSINT-MOCK,OSINT,OSINT Node 1005,Large dataset record for stress testing dashboard.,28.65551,77.447075,2026-01-07T23:20:00Z
OSINT-MOCK,OSINT,OSINT Node 1006,Large dataset record for stress testing dashboard.,28.729828,77.051049,2026-01-07T23:30:00Z
Manual Upload,IMINT,IMINT Node 1007,Large dataset record for stress testing dashboard.,28.879861,76.988621,2026-01-07T23:40:00Z
Manual Upload,IMINT,IMINT Node 1008,Large dataset record for stress testing dashboard.,28.7723,77.124104,2026-01-07T23:50:00Z
OSINT-MOCK,OSINT,OSINT Node 1009,Large dataset record for stress testing dashboard.,28.627086,77.244441,2026-01-08T00:00:00Z
OSINT-MOCK,OSINT,OSINT Node 1010,Large dataset record for stress testing dashboard.,28.541984,77.090635,2026-01-08T00:10:00Z
Manual Upload,IMINT,IMINT Node 1011,Large dataset record for stress testing dashboard.,28.645878,76.912507,2026-01-08T00:20:00Z
OSINT-MOCK,OSINT,OSINT Node 1012,Large dataset record for stress testing dashboard.,28.535026,76.99252,2026-01-08T00:30:00Z
Manual Upload,IMINT,IMINT Node 1013,Large dataset record for stress testing dashboard.,28.784279,77.125724,2026-01-08T00:40:00Z
Manual Upload,HUMINT,HUMINT Node 1014,Large dataset record for stress testing dashboard.,28.502513,77.483402,2026-01-08T00:50:00Z
OSINT-MOCK,OSINT,OSINT Node 1015,Large dataset record for stress testing dashboard.,28.605895,77.083472,2026-01-08T01:00:00Z
Manual Upload,HUMINT,HUMINT Node 1016,Large dataset record for stress testing dashboard.,28.716479,76.991782,2026-01-08T01:10:00Z
OSINT-MOCK,OSINT,OSINT Node 1017,Large dataset record for stress testing dashboard.,28.544958,77.019927,2026-01-08T01:20:00Z
Manual Upload,IMINT,IMINT Node 1018,Large dataset record for stress testing dashboard.,28.371843,77.312785,2026-01-08T01:30:00Z
Manual Upload,IMINT,IMINT Node 1019,Large dataset record for stress testing dashboard.,28.644755,77.077199,2026-01-08T01:40:00Z
OSINT-MOCK,OSINT,OSINT Node 1020,Large dataset record for stress testing dashboard.,28.741562,77.150688,2026-01-08T01:50:00Z
OSINT-MOCK,OSINT,OSINT Node 1021,Large dataset record for stress testing dashboard.,28.575345,77.015216,2026-01-08T02:00:00Z
Manual Upload,IMINT,IMINT Node 1022,Large dataset record for stress testing dashboard.,28.675795,77.195517,2026-01-08T02:10:00Z
Manual Upload,IMINT,IMINT Node 1023,Large dataset record for stress testing dashboard.,28.666481,77.178567,2026-01-08T02:20:00Z
Manual Upload,HUMINT,HUMINT Node 1024,Large dataset record for stress testing dashboard.,28.842885,77.457048,2026-01-08T02:30:00Z
OSINT-MOCK,OSINT,OSINT Node 1025,Large dataset record for stress testing dashboard.,28.746504,77.128865,2026-01-08T02:40:00Z
Manual Upload,IMINT,IMINT Node 1026,Large dataset record for stress testing dashboard.,28.377041,77.241131,2026-01-08T02:50:00Z
OSINT-MOCK,OSINT,OSINT Node 1027,Large dataset record for stress testing dashboard.,28.490089,77.200664,2026-01-08T03:00:00Z
OSINT-MOCK,OSINT,OSINT Node 1028,Large dataset record for stress testing dashboard.,28.505276,77.376701,2026-01-08T03:10:00Z
OSINT-MOCK,OSINT,OSINT Node 1029,Large dataset record for stress testing dashboard.,28.315632,77.255787,2026-01-08T03:20:00Z
OSINT-MOCK,OSINT,OSINT Node 1030,Large dataset record for stress testing dashboard.,28.820638,77.129301,2026-01-08T03:30:00Z
Manual Upload,IMINT,IMINT Node 1031,Large dataset record for stress testing dashboard.,28.740084,76.919837,2026-01-08T03:40:00Z
OSINT-MOCK,OSINT,OSINT Node 1032,Large dataset record for stress testing dashboard.,28.343769,77.288271,2026-01-08T03:50:00Z
Manual Upload,HUMINT,HUMINT Node 1033,Large dataset record for stress testing dashboard.,28.869104,77.448086,2026-01-08T04:00:00Z
OSINT-MOCK,OSINT,OSINT Node 1034,Large dataset record for stress testing dashboard.,28.478965,76.940705,2026-01-08T04:10:00Z
Manual Upload,HUMINT,HUMINT Node 1035,Large dataset record for stress testing dashboard.,28.440663,76.990607,2026-01-08T04:20:00Z
Manual Upload,IMINT,IMINT Node 1036,Large dataset record for stress testing dashboard.,28.909028,77.210859,2026-01-08T04:30:00Z
Manual Upload,HUMINT,HUMINT Node 1037,Large dataset record for stress testing dashboard.,28.680516,77.441454,2026-01-08T04:40:00Z
Manual Upload,IMINT,IMINT Node 1038,Large dataset record for stress testing dashboard.,28.316934,76.962376,2026-01-08T04:50:00Z
Manual Upload,IMINT,IMINT Node 1039,Large dataset record for stress testing dashboard.,28.70507,77.456448,2026-01-08T05:00:00Z
Manual Upload,IMINT,IMINT Node 1040,Large dataset record for stress testing dashboard.,28.423561,77.322308,2026-01-08T05:10:00Z
Manual Upload,HUMINT,HUMINT Node 1041,Large dataset record for stress testing dashboard.,28.585474,76.963054,2026-01-08T05:20:00Z
Manual Upload,IMINT,IMINT Node 1042,Large dataset record for stress testing dashboard.,28.357393,77.473959,2026-01-08T05:30:00Z
Manual Upload,HUMINT,HUMINT Node 1043,Large dataset record for stress testing dashboard.,28.868418,77.385905,2026-01-08T05:40:00Z
Manual Upload,HUMINT,HUMINT Node 1044,Large dataset record for stress testing dashboard.,28.317648,76.948547,2026-01-08T05:50:00Z
OSINT-MOCK,OSINT,OSINT Node 1045,Large dataset record for stress testing dashboard.,28.879683,77.293888,2026-01-08T06:00:00Z
OSINT-MOCK,OSINT,OSINT Node 1046,Large dataset record for stress testing dashboard.,28.36878,77.253617,2026-01-08T06:10:00Z
OSINT-MOCK,OSINT,OSINT Node 1047,Large dataset record for stress testing dashboard.,28.680151,77.415304,2026-01-08T06:20:00Z
Manual Upload,HUMINT,HUMINT Node 1048,Large dataset record for stress testing dashboard.,28.902533,77.303162,2026-01-08T06:30:00Z
OSINT-MOCK,OSINT,OSINT Node 1049,Large dataset record for stress testing dashboard.,28.425458,76.957522,2026-01-08T06:40:00Z
Manual Upload,HUMINT,HUMINT Node 1050,Large dataset record for stress testing dashboard.,28.760221,77.045448,2026-01-08T06:50:00Z
OSINT-MOCK,OSINT,OSINT Node 1051,Large dataset record for stress testing dashboard.,28.345844,77.250707,2026-01-08T07:00:00Z
Manual Upload,HUMINT,HUMINT Node 1052,Large dataset record for stress testing dashboard.,28.34021,77.186425,2026-01-08T07:10:00Z
OSINT-MOCK,OSINT,OSINT Node 1053,Large dataset record for stress testing dashboard.,28.670089,77.317291,2026-01-08T07:20:00Z
Manual Upload,IMINT,IMINT Node 1054,Large dataset record for stress testing dashboard.,28.888089,77.062855,2026-01-08T07:30:00Z
Manual Upload,IMINT,IMINT Node 1055,Large dataset record for stress testing dashboard.,28.811886,77.301187,2026-01-08T07:40:00Z
Manual Upload,IMINT,IMINT Node 1056,Large dataset record for stress testing dashboard.,28.658301,77.096355,2026-01-08T07:50:00Z
Manual Upload,IMINT,IMINT Node 1057,Large dataset record for stress testing dashboard.,28.510237,77.084821,2026-01-08T08:00:00Z
Manual Upload,HUMINT,HUMINT Node 1058,Large dataset record for stress testing dashboard.,28.39841,77.249492,2026-01-08T08:10:00Z
OSINT-MOCK,OSINT,OSINT Node 1059,Large dataset record for stress testing dashboard.,28.561823,77.2422,2026-01-08T08:20:00Z
OSINT-MOCK,OSINT,OSINT Node 1060,Large dataset record for stress testing dashboard.,28.833023,77.156275,2026-01-08T08:30:00Z
Manual Upload,HUMINT,HUMINT Node 1061,Large dataset record for stress testing dashboard.,28.671007,77.076417,2026-01-08T08:40:00Z
Manual Upload,IMINT,IMINT Node 1062,Large dataset record for stress testing dashboard.,28.773495,77.157052,2026-01-08T08:50:00Z
Manual Upload,IMINT,IMINT Node 1063,Large dataset record for stress testing dashboard.,28.366754,77.283643,2026-01-08T09:00:00Z
Manual Upload,HUMINT,HUMINT Node 1064,Large dataset record for stress testing dashboard.,28.622702,76.99375,2026-01-08T09:10:00Z
Manual Upload,IMINT,IMINT Node 1065,Large dataset record for stress testing dashboard.,28.435211,77.095513,2026-01-08T09:20:00Z
Manual Upload,IMINT,IMINT Node 1066,Large dataset record for stress testing dashboard.,28.363485,77.450018,2026-01-08T09:30:00Z
Manual Upload,HUMINT,HUMINT Node 1067,Large dataset record for stress testing dashboard.,28.777968,76.930313,2026-01-08T09:40:00Z
Manual Upload,IMINT,IMINT Node 1068,Large dataset record for stress testing dashboard.,28.341142,77.120077,2026-01-08T09:50:00Z
Manual Upload,IMINT,IMINT Node 1069,Large dataset record for stress testing dashboard.,28.712293,77.150969,2026-01-08T10:00:00Z
Manual Upload,HUMINT,HUMINT Node 1070,Large dataset record for stress testing dashboard.,28.423806,77.189963,2026-01-08T10:10:00Z
Manual Upload,IMINT,IMINT Node 1071,Large dataset record for stress testing dashboard.,28.441901,77.437989,2026-01-08T10:20:00Z
OSINT-MOCK,OSINT,OSINT Node 1072,Large dataset record for stress testing dashboard.,28.529866,77.06262,2026-01-08T10:30:00Z
Manual Upload,HUMINT,HUMINT Node 1073,Large dataset record for stress testing dashboard.,28.516337,77.460038,2026-01-08T10:40:00Z
Manual Upload,HUMINT,HUMINT Node 1074,Large dataset record for stress testing dashboard.,28.631864,77.152379,2026-01-08T10:50:00Z
Manual Upload,IMINT,IMINT Node 1075,Large dataset record for stress testing dashboard.,28.901308,77.170253,2026-01-08T11:00:00Z
Manual Upload,IMINT,IMINT Node 1076,Large dataset record for stress testing dashboard.,28.57146,77.025254,2026-01-08T11:10:00Z
Manual Upload,HUMINT,HUMINT Node 1077,Large dataset record for stress testing dashboard.,28.445318,77.339649,2026-01-08T11:20:00Z
Manual Upload,IMINT,IMINT Node 1078,Large dataset record for stress testing dashboard.,28.848497,77.467569,2026-01-08T11:30:00Z
OSINT-MOCK,OSINT,OSINT Node 1079,Large dataset record for stress testing dashboard.,28.431039,77.091184,2026-01-08T11:40:00Z
Manual Upload,IMINT,IMINT Node 1080,Large dataset record for stress testing dashboard.,28.504652,77.045711,2026-01-08T11:50:00Z
OSINT-MOCK,OSINT,OSINT Node 1081,Large dataset record for stress testing dashboard.,28.895328,77.087749,2026-01-08T12:00:00Z
OSINT-MOCK,OSINT,OSINT Node 1082,Large dataset record for stress testing dashboard.,28.638015,77.107509,2026-01-08T12:10:00Z
Manual Upload,HUMINT,HUMINT Node 1083,Large dataset record for stress testing dashboard.,28.58121,77.1756,2026-01-08T12:20:00Z
Manual Upload,HUMINT,HUMINT Node 1084,Large dataset record for stress testing dashboard.,28.736713,77.145084,2026-01-08T12:30:00Z
Manual Upload,HUMINT,HUMINT Node 1085,Large dataset record for stress testing dashboard.,28.685825,77.120464,2026-01-08T12:40:00Z
Manual Upload,IMINT,IMINT Node 1086,Large dataset record for stress testing dashboard.,28.890453,77.004673,2026-01-08T12:50:00Z
Manual Upload,IMINT,IMINT Node 1087,Large dataset record for stress testing dashboard.,28.423563,77.403791,2026-01-08T13:00:00Z
Manual Upload,HUMINT,HUMINT Node 1088,Large dataset record for stress testing dashboard.,28.334309,77.47115,2026-01-08T13:10:00Z
Manual Upload,IMINT,IMINT Node 1089,Large dataset record for stress testing dashboard.,28.378184,77.205031,2026-01-08T13:20:00Z
Manual Upload,IMINT,IMINT Node 1090,Large dataset record for stress testing dashboard.,28.499584,76.925534,2026-01-08T13:30:00Z
OSINT-MOCK,OSINT,OSINT Node 1091,Large dataset record for stress testing dashboard.,28.37493,77.049143,2026-01-08T13:40:00Z
Manual Upload,IMINT,IMINT Node 1092,Large dataset record for stress testing dashboard.,28.911969,77.18662,2026-01-08T13:50:00Z
Manual Upload,IMINT,IMINT Node 1093,Large dataset record for stress testing dashboard.,28.878742,76.965853,2026-01-08T14:00:00Z
Manual Upload,HUMINT,HUMINT Node 1094,Large dataset record for stress testing dashboard.,28.325358,77.10612,2026-01-08T14:10:00Z
Manual Upload,HUMINT,HUMINT Node 1095,Large dataset record for stress testing dashboard.,28.736396,77.176111,2026-01-08T14:20:00Z
OSINT-MOCK,OSINT,OSINT Node 1096,Large dataset record for stress testing dashboard.,28.34629,77.330618,2026-01-08T14:30:00Z
Manual Upload,IMINT,IMINT Node 1097,Large dataset record for stress testing dashboard.,28.694208,77.152674,2026-01-08T14:40:00Z
Manual Upload,HUMINT,HUMINT Node 1098,Large dataset record for stress testing dashboard.,28.536469,77.049285,2026-01-08T14:50:00Z
OSINT-MOCK,OSINT,OSINT Node 1099,Large dataset record for stress testing dashboard.,28.73308,76.958895,2026-01-08T15:00:00Z
Manual Upload,IMINT,IMINT Node 1100,Large dataset record for stress testing dashboard.,28.912827,77.444781,2026-01-08T15:10:00Z
Manual Upload,HUMINT,HUMINT Node 1101,Large dataset record for stress testing dashboard.,28.39504,77.171642,2026-01-08T15:20:00Z
Manual Upload,HUMINT,HUMINT Node 1102,Large dataset record for stress testing dashboard.,28.78486,77.449059,2026-01-08T15:30:00Z
OSINT-MOCK,OSINT,OSINT Node 1103,Large dataset record for stress testing dashboard.,28.837054,76.944713,2026-01-08T15:40:00Z
Manual Upload,IMINT,IMINT Node 1104,Large dataset record for stress testing dashboard.,28.829859,77.364728,2026-01-08T15:50:00Z
OSINT-MOCK,OSINT,OSINT Node 1105,Large dataset record for stress testing dashboard.,28.865284,76.956364,2026-01-08T16:00:00Z
OSINT-MOCK,OSINT,OSINT Node 1106,Large dataset record for stress testing dashboard.,28.516256,77.426694,2026-01-08T16:10:00Z
Manual Upload,IMINT,IMINT Node 1107,Large dataset record for stress testing dashboard.,28.857803,77.117215,2026-01-08T16:20:00Z
Manual Upload,HUMINT,HUMINT Node 1108,Large dataset record for stress testing dashboard.,28.725731,77.26192,2026-01-08T16:30:00Z
OSINT-MOCK,OSINT,OSINT Node 1109,Large dataset record for stress testing dashboard.,28.69413,77.279581,2026-01-08T16:40:00Z
Manual Upload,HUMINT,HUMINT Node 1110,Large dataset record for stress testing dashboard.,28.576737,76.935296,2026-01-08T16:50:00Z
OSINT-MOCK,OSINT,OSINT Node 1111,Large dataset record for stress testing dashboard.,28.373836,77.174765,2026-01-08T17:00:00Z
Manual Upload,IMINT,IMINT Node 1112,Large dataset record for stress testing dashboard.,28.820615,77.187217,2026-01-08T17:10:00Z
Manual Upload,IMINT,IMINT Node 1113,Large dataset record for stress testing dashboard.,28.34361,77.121319,2026-01-08T17:20:00Z
OSINT-MOCK,OSINT,OSINT Node 1114,Large dataset record for stress testing dashboard.,28.667832,77.128694,2026-01-08T17:30:00Z
OSINT-MOCK,OSINT,OSINT Node 1115,Large dataset record for stress testing dashboard.,28.861973,77.308856,2026-01-08T17:40:00Z
Manual Upload,HUMINT,HUMINT Node 1116,Large dataset record for stress testing dashboard.,28.342787,77.49854,2026-01-08T17:50:00Z
Manual Upload,HUMINT,HUMINT Node 1117,Large dataset record for stress testing dashboard.,28.888336,77.282224,2026-01-08T18:00:00Z
Manual Upload,IMINT,IMINT Node 1118,Large dataset record for stress testing dashboard.,28.777617,76.916323,2026-01-08T18:10:00Z
Manual Upload,HUMINT,HUMINT Node 1119,Large dataset record for stress testing dashboard.,28.852257,76.98011,2026-01-08T18:20:00Z
OSINT-MOCK,OSINT,OSINT Node 1120,Large dataset record for stress testing dashboard.,28.522826,77.471613,2026-01-08T18:30:00Z
Manual Upload,IMINT,IMINT Node 1121,Large dataset record for stress testing dashboard.,28.570945,77.212889,2026-01-08T18:40:00Z
OSINT-MOCK,OSINT,OSINT Node 1122,Large dataset record for stress testing dashboard.,28.897282,77.079527,2026-01-08T18:50:00Z
OSINT-MOCK,OSINT,OSINT Node 1123,Large dataset record for stress testing dashboard.,28.639557,77.285117,2026-01-08T19:00:00Z
Manual Upload,HUMINT,HUMINT Node 1124,Large dataset record for stress testing dashboard.,28.887147,77.503291,2026-01-08T19:10:00Z
OSINT-MOCK,OSINT,OSINT Node 1125,Large dataset record for stress testing dashboard.,28.8422,77.27896,2026-01-08T19:20:00Z
OSINT-MOCK,OSINT,OSINT Node 1126,Large dataset record for stress testing dashboard.,28.889807,77.124505,2026-01-08T19:30:00Z
Manual Upload,HUMINT,HUMINT Node 1127,Large dataset record for stress testing dashboard.,28.859482,77.320615,2026-01-08T19:40:00Z
OSINT-MOCK,OSINT,OSINT Node 1128,Large dataset record for stress testing dashboard.,28.401805,77.125808,2026-01-08T19:50:00Z
Manual Upload,HUMINT,HUMINT Node 1129,Large dataset record for stress testing dashboard.,28.333855,77.153534,2026-01-08T20:00:00Z
Manual Upload,IMINT,IMINT Node 1130,Large dataset record for stress testing dashboard.,28.655537,77.255565,2026-01-08T20:10:00Z
Manual Upload,IMINT,IMINT Node 1131,Large dataset record for stress testing dashboard.,28.325433,77.251716,2026-01-08T20:20:00Z
Manual Upload,IMINT,IMINT Node 1132,Large dataset record for stress testing dashboard.,28.349174,77.237041,2026-01-08T20:30:00Z
Manual Upload,IMINT,IMINT Node 1133,Large dataset record for stress testing dashboard.,28.577439,77.066661,2026-01-08T20:40:00Z
Manual Upload,IMINT,IMINT Node 1134,Large dataset record for stress testing dashboard.,28.851163,77.50667,2026-01-08T20:50:00Z
Manual Upload,IMINT,IMINT Node 1135,Large dataset record for stress testing dashboard.,28.474134,77.317131,2026-01-08T21:00:00Z
OSINT-MOCK,OSINT,OSINT Node 1136,Large dataset record for stress testing dashboard.,28.847758,77.039682,2026-01-08T21:10:00Z
Manual Upload,IMINT,IMINT Node 1137,Large dataset record for stress testing dashboard.,28.656066,77.082386,2026-01-08T21:20:00Z
OSINT-MOCK,OSINT,OSINT Node 1138,Large dataset record for stress testing dashboard.,28.733234,77.50093,2026-01-08T21:30:00Z
Manual Upload,HUMINT,HUMINT Node 1139,Large dataset record for stress testing dashboard.,28.326207,77.144578,2026-01-08T21:40:00Z
OSINT-MOCK,OSINT,OSINT Node 1140,Large dataset record for stress testing dashboard.,28.540086,77.41784,2026-01-08T21:50:00Z
OSINT-MOCK,OSINT,OSINT Node 1141,Large dataset record for stress testing dashboard.,28.514405,76.91383,2026-01-08T22:00:00Z
OSINT-MOCK,OSINT,OSINT Node 1142,Large dataset record for stress testing dashboard.,28.69363,77.406065,2026-01-08T22:10:00Z
Manual Upload,HUMINT,HUMINT Node 1143,Large dataset record for stress testing dashboard.,28.609838,77.500221,2026-01-08T22:20:00Z
OSINT-MOCK,OSINT,OSINT Node 1144,Large dataset record for stress testing dashboard.,28.466962,77.448306,2026-01-08T22:30:00Z
Manual Upload,HUMINT,HUMINT Node 1145,Large dataset record for stress testing dashboard.,28.485421,77.184627,2026-01-08T22:40:00Z
OSINT-MOCK,OSINT,OSINT Node 1146,Large dataset record for stress testing dashboard.,28.424162,76.945689,2026-01-08T22:50:00Z
OSINT-MOCK,OSINT,OSINT Node 1147,Large dataset record for stress testing dashboard.,28.710795,77.252609,2026-01-08T23:00:00Z
Manual Upload,HUMINT,HUMINT Node 1148,Large dataset record for stress testing dashboard.,28.445201,77.041793,2026-01-08T23:10:00Z
Manual Upload,IMINT,IMINT Node 1149,Large dataset record for stress testing dashboard.,28.827507,76.950846,2026-01-08T23:20:00Z
Manual Upload,IMINT,IMINT Node 1150,Large dataset record for stress testing dashboard.,28.786373,77.251791,2026-01-08T23:30:00Z
Manual Upload,IMINT,IMINT Node 1151,Large dataset record for stress testing dashboard.,28.850918,77.162053,2026-01-08T23:40:00Z
Manual Upload,IMINT,IMINT Node 1152,Large dataset record for stress testing dashboard.,28.341737,77.055571,2026-01-08T23:50:00Z
Manual Upload,HUMINT,HUMINT Node 1153,Large dataset record for stress testing dashboard.,28.772483,77.233608,2026-01-09T00:00:00Z
OSINT-MOCK,OSINT,OSINT Node 1154,Large dataset record for stress testing dashboard.,28.620162,77.054785,2026-01-09T00:10:00Z
Manual Upload,HUMINT,HUMINT Node 1155,Large dataset record for stress testing dashboard.,28.845739,76.978989,2026-01-09T00:20:00Z
OSINT-MOCK,OSINT,OSINT Node 1156,Large dataset record for stress testing dashboard.,28.549449,77.040966,2026-01-09T00:30:00Z
Manual Upload,IMINT,IMINT Node 1157,Large dataset record for stress testing dashboard.,28.68366,76.912897,2026-01-09T00:40:00Z
Manual Upload,HUMINT,HUMINT Node 1158,Large dataset record for stress testing dashboard.,28.514607,77.494166,2026-01-09T00:50:00Z
Manual Upload,IMINT,IMINT Node 1159,Large dataset record for stress testing dashboard.,28.51435,77.434874,2026-01-09T01:00:00Z
Manual Upload,HUMINT,HUMINT Node 1160,Large dataset record for stress testing dashboard.,28.64779,77.498213,2026-01-09T01:10:00Z
OSINT-MOCK,OSINT,OSINT Node 1161,Large dataset record for stress testing dashboard.,28.507867,77.248356,2026-01-09T01:20:00Z
Manual Upload,IMINT,IMINT Node 1162,Large dataset record for stress testing dashboard.,28.366536,77.265051,2026-01-09T01:30:00Z
Manual Upload,HUMINT,HUMINT Node 1163,Large dataset record for stress testing dashboard.,28.77654,77.096011,2026-01-09T01:40:00Z
OSINT-MOCK,OSINT,OSINT Node 1164,Large dataset record for stress testing dashboard.,28.341756,77.480951,2026-01-09T01:50:00Z
OSINT-MOCK,OSINT,OSINT Node 1165,Large dataset record for stress testing dashboard.,28.565348,77.391464,2026-01-09T02:00:00Z
OSINT-MOCK,OSINT,OSINT Node 1166,Large dataset record for stress testing dashboard.,28.792304,77.439847,2026-01-09T02:10:00Z
OSINT-MOCK,OSINT,OSINT Node 1167,Large dataset record for stress testing dashboard.,28.588444,77.121234,2026-01-09T02:20:00Z
Manual Upload,HUMINT,HUMINT Node 1168,Large dataset record for stress testing dashboard.,28.360543,77.186166,2026-01-09T02:30:00Z
OSINT-MOCK,OSINT,OSINT Node 1169,Large dataset record for stress testing dashboard.,28.847857,77.325942,2026-01-09T02:40:00Z
OSINT-MOCK,OSINT,OSINT Node 1170,Large dataset record for stress testing dashboard.,28.314558,77.175951,2026-01-09T02:50:00Z
OSINT-MOCK,OSINT,OSINT Node 1171,Large dataset record for stress testing dashboard.,28.794592,77.414112,2026-01-09T03:00:00Z
OSINT-MOCK,OSINT,OSINT Node 1172,Large dataset record for stress testing dashboard.,28.742117,77.239438,2026-01-09T03:10:00Z
OSINT-MOCK,OSINT,OSINT Node 1173,Large dataset record for stress testing dashboard.,28.427327,77.329254,2026-01-09T03:20:00Z
Manual Upload,IMINT,IMINT Node 1174,Large dataset record for stress testing dashboard.,28.373285,77.386157,2026-01-09T03:30:00Z
Manual Upload,IMINT,IMINT Node 1175,Large dataset record for stress testing dashboard.,28.710052,76.949515,2026-01-09T03:40:00Z
Manual Upload,HUMINT,HUMINT Node 1176,Large dataset record for stress testing dashboard.,28.785306,77.222352,2026-01-09T03:50:00Z
Manual Upload,IMINT,IMINT Node 1177,Large dataset record for stress testing dashboard.,28.747574,77.320837,2026-01-09T04:00:00Z
OSINT-MOCK,OSINT,OSINT Node 1178,Large dataset record for stress testing dashboard.,28.370578,76.97285,2026-01-09T04:10:00Z
Manual Upload,HUMINT,HUMINT Node 1179,Large dataset record for stress testing dashboard.,28.61578,77.035862,2026-01-09T04:20:00Z
Manual Upload,IMINT,IMINT Node 1180,Large dataset record for stress testing dashboard.,28.513289,77.239361,2026-01-09T04:30:00Z
Manual Upload,IMINT,IMINT Node 1181,Large dataset record for stress testing dashboard.,28.667025,77.096768,2026-01-09T04:40:00Z
OSINT-MOCK,OSINT,OSINT Node 1182,Large dataset record for stress testing dashboard.,28.59215,77.492687,2026-01-09T04:50:00Z
Manual Upload,IMINT,IMINT Node 1183,Large dataset record for stress testing dashboard.,28.736287,76.965518,2026-01-09T05:00:00Z
Manual Upload,HUMINT,HUMINT Node 1184,Large dataset record for stress testing dashboard.,28.623958,77.334298,2026-01-09T05:10:00Z
Manual Upload,IMINT,IMINT Node 1185,Large dataset record for stress testing dashboard.,28.864201,77.19625,2026-01-09T05:20:00Z
Manual Upload,IMINT,IMINT Node 1186,Large dataset record for stress testing dashboard.,28.676224,77.038568,2026-01-09T05:30:00Z
OSINT-MOCK,OSINT,OSINT Node 1187,Large dataset record for stress testing dashboard.,28.901354,77.274194,2026-01-09T05:40:00Z
OSINT-MOCK,OSINT,OSINT Node 1188,Large dataset record for stress testing dashboard.,28.619012,77.258131,2026-01-09T05:50:00Z
Manual Upload,HUMINT,HUMINT Node 1189,Large dataset record for stress testing dashboard.,28.796123,77.074667,2026-01-09T06:00:00Z
Manual Upload,IMINT,IMINT Node 1190,Large dataset record for stress testing dashboard.,28.83364,77.303414,2026-01-09T06:10:00Z
Manual Upload,HUMINT,HUMINT Node 1191,Large dataset record for stress testing dashboard.,28.396761,77.342429,2026-01-09T06:20:00Z
Manual Upload,IMINT,IMINT Node 1192,Large dataset record for stress testing dashboard.,28.411408,76.941385,2026-01-09T06:30:00Z
OSINT-MOCK,OSINT,OSINT Node 1193,Large dataset record for stress testing dashboard.,28.442151,77.085727,2026-01-09T06:40:00Z
OSINT-MOCK,OSINT,OSINT Node 1194,Large dataset record for stress testing dashboard.,28.689063,77.41221,2026-01-09T06:50:00Z
OSINT-MOCK,OSINT,OSINT Node 1195,Large dataset record for stress testing dashboard.,28.395062,77.476309,2026-01-09T07:00:00Z
Manual Upload,HUMINT,HUMINT Node 1196,Large dataset record for stress testing dashboard.,28.465077,77.075455,2026-01-09T07:10:00Z
Manual Upload,IMINT,IMINT Node 1197,Large dataset record for stress testing dashboard.,28.906342,77.3019,2026-01-09T07:20:00Z
Manual Upload,IMINT,IMINT Node 1198,Large dataset record for stress testing dashboard.,28.392907,77.358584,2026-01-09T07:30:00Z
Manual Upload,HUMINT,HUMINT Node 1199,Large dataset record for stress testing dashboard.,28.762564,76.948623,2026-01-09T07:40:00Z
Manual Upload,IMINT,IMINT Node 1200,Large dataset record for stress testing dashboard.,28.660265,77.335324,2026-01-09T07:50:00Z
Manual Upload,IMINT,IMINT Node 1201,Large dataset record for stress testing dashboard.,28.320025,76.98492,2026-01-09T08:00:00Z
Manual Upload,IMINT,IMINT Node 1202,Large dataset record for stress testing dashboard.,28.754772,76.985548,2026-01-09T08:10:00Z
Manual Upload,IMINT,IMINT Node 1203,Large dataset record for stress testing dashboard.,28.438615,76.939425,2026-01-09T08:20:00Z
OSINT-MOCK,OSINT,OSINT Node 1204,Large dataset record for stress testing dashboard.,28.731427,77.040411,2026-01-09T08:30:00Z
Manual Upload,HUMINT,HUMINT Node 1205,Large dataset record for stress testing dashboard.,28.392251,77.172344,2026-01-09T08:40:00Z
OSINT-MOCK,OSINT,OSINT Node 1206,Large dataset record for stress testing dashboard.,28.824192,76.985315,2026-01-09T08:50:00Z
OSINT-MOCK,OSINT,OSINT Node 1207,Large dataset record for stress testing dashboard.,28.46012,77.339711,2026-01-09T09:00:00Z
Manual Upload,IMINT,IMINT Node 1208,Large dataset record for stress testing dashboard.,28.853007,77.364582,2026-01-09T09:10:00Z
OSINT-MOCK,OSINT,OSINT Node 1209,Large dataset record for stress testing dashboard.,28.370022,77.110279,2026-01-09T09:20:00Z
OSINT-MOCK,OSINT,OSINT Node 1210,Large dataset record for stress testing dashboard.,28.558195,77.146524,2026-01-09T09:30:00Z
Manual Upload,HUMINT,HUMINT Node 1211,Large dataset record for stress testing dashboard.,28.723209,77.403927,2026-01-09T09:40:00Z
Manual Upload,HUMINT,HUMINT Node 1212,Large dataset record for stress testing dashboard.,28.743048,77.265922,2026-01-09T09:50:00Z
Manual Upload,IMINT,IMINT Node 1213,Large dataset record for stress testing dashboard.,28.588051,77.122515,2026-01-09T10:00:00Z
OSINT-MOCK,OSINT,OSINT Node 1214,Large dataset record for stress testing dashboard.,28.371472,77.231361,2026-01-09T10:10:00Z
Manual Upload,IMINT,IMINT Node 1215,Large dataset record for stress testing dashboard.,28.774643,77.319272,2026-01-09T10:20:00Z
Manual Upload,HUMINT,HUMINT Node 1216,Large dataset record for stress testing dashboard.,28.411039,77.267929,2026-01-09T10:30:00Z
Manual Upload,IMINT,IMINT Node 1217,Large dataset record for stress testing dashboard.,28.723482,77.396773,2026-01-09T10:40:00Z
Manual Upload,IMINT,IMINT Node 1218,Large dataset record for stress testing dashboard.,28.358317,77.088123,2026-01-09T10:50:00Z
Manual Upload,IMINT,IMINT Node 1219,Large dataset record for stress testing dashboard.,28.338426,77.475934,2026-01-09T11:00:00Z
OSINT-MOCK,OSINT,OSINT Node 1220,Large dataset record for stress testing dashboard.,28.763345,77.227532,2026-01-09T11:10:00Z
OSINT-MOCK,OSINT,OSINT Node 1221,Large dataset record for stress testing dashboard.,28.880367,76.926503,2026-01-09T11:20:00Z
Manual Upload,HUMINT,HUMINT Node 1222,Large dataset record for stress testing dashboard.,28.819188,77.354124,2026-01-09T11:30:00Z
OSINT-MOCK,OSINT,OSINT Node 1223,Large dataset record for stress testing dashboard.,28.354029,77.14126,2026-01-09T11:40:00Z
OSINT-MOCK,OSINT,OSINT Node 1224,Large dataset record for stress testing dashboard.,28.404401,76.957696,2026-01-09T11:50:00Z
OSINT-MOCK,OSINT,OSINT Node 1225,Large dataset record for stress testing dashboard.,28.877232,77.16088,2026-01-09T12:00:00Z
Manual Upload,IMINT,IMINT Node 1226,Large dataset record for stress testing dashboard.,28.614552,77.129135,2026-01-09T12:10:00Z
Manual Upload,HUMINT,HUMINT Node 1227,Large dataset record for stress testing dashboard.,28.844779,77.490303,2026-01-09T12:20:00Z
Manual Upload,HUMINT,HUMINT Node 1228,Large dataset record for stress testing dashboard.,28.818761,77.453447,2026-01-09T12:30:00Z
OSINT-MOCK,OSINT,OSINT Node 1229,Large dataset record for stress testing dashboard.,28.886328,77.435208,2026-01-09T12:40:00Z
OSINT-MOCK,OSINT,OSINT Node 1230,Large dataset record for stress testing dashboard.,28.543799,77.329256,2026-01-09T12:50:00Z
Manual Upload,HUMINT,HUMINT Node 1231,Large dataset record for stress testing dashboard.,28.364368,77.216287,2026-01-09T13:00:00Z
Manual Upload,IMINT,IMINT Node 1232,Large dataset record for stress testing dashboard.,28.53113,76.945267,2026-01-09T13:10:00Z
Manual Upload,HUMINT,HUMINT Node 1233,Large dataset record for stress testing dashboard.,28.486064,77.36684,2026-01-09T13:20:00Z
Manual Upload,HUMINT,HUMINT Node 1234,Large dataset record for stress testing dashboard.,28.494202,76.930707,2026-01-09T13:30:00Z
Manual Upload,HUMINT,HUMINT Node 1235,Large dataset record for stress testing dashboard.,28.54881,77.026808,2026-01-09T13:40:00Z
OSINT-MOCK,OSINT,OSINT Node 1236,Large dataset record for stress testing dashboard.,28.676695,77.022139,2026-01-09T13:50:00Z
Manual Upload,HUMINT,HUMINT Node 1237,Large dataset record for stress testing dashboard.,28.654432,77.115274,2026-01-09T14:00:00Z
Manual Upload,HUMINT,HUMINT Node 1238,Large dataset record for stress testing dashboard.,28.702234,77.135157,2026-01-09T14:10:00Z
Manual Upload,HUMINT,HUMINT Node 1239,Large dataset record for stress testing dashboard.,28.427764,77.416906,2026-01-09T14:20:00Z
OSINT-MOCK,OSINT,OSINT Node 1240,Large dataset record for stress testing dashboard.,28.394714,77.438239,2026-01-09T14:30:00Z
Manual Upload,HUMINT,HUMINT Node 1241,Large dataset record for stress testing dashboard.,28.366976,77.490194,2026-01-09T14:40:00Z
OSINT-MOCK,OSINT,OSINT Node 1242,Large dataset record for stress testing dashboard.,28.443765,77.155561,2026-01-09T14:50:00Z
Manual Upload,IMINT,IMINT Node 1243,Large dataset record for stress testing dashboard.,28.865681,77.352306,2026-01-09T15:00:00Z
Manual Upload,IMINT,IMINT Node 1244,Large dataset record for stress testing dashboard.,28.646783,77.101337,2026-01-09T15:10:00Z
Manual Upload,IMINT,IMINT Node 1245,Large dataset record for stress testing dashboard.,28.404683,77.316507,2026-01-09T15:20:00Z
Manual Upload,IMINT,IMINT Node 1246,Large dataset record for stress testing dashboard.,28.695639,77.481976,2026-01-09T15:30:00Z
Manual Upload,IMINT,IMINT Node 1247,Large dataset record for stress testing dashboard.,28.754871,77.478486,2026-01-09T15:40:00Z
Manual Upload,IMINT,IMINT Node 1248,Large dataset record for stress testing dashboard.,28.884123,77.27962,2026-01-09T15:50:00Z
Manual Upload,IMINT,IMINT Node 1249,Large dataset record for stress testing dashboard.,28.687565,77.153538,2026-01-09T16:00:00Z
Manual Upload,IMINT,IMINT Node 1250,Large dataset record for stress testing dashboard.,28.457961,77.095681,2026-01-09T16:10:00Z
Manual Upload,IMINT,IMINT Node 1251,Large dataset record for stress testing dashboard.,28.364681,77.269471,2026-01-09T16:20:00Z
Manual Upload,IMINT,IMINT Node 1252,Large dataset record for stress testing dashboard.,28.54206,77.041362,2026-01-09T16:30:00Z
OSINT-MOCK,OSINT,OSINT Node 1253,Large dataset record for stress testing dashboard.,28.517201,77.052653,2026-01-09T16:40:00Z
Manual Upload,HUMINT,HUMINT Node 1254,Large dataset record for stress testing dashboard.,28.745999,77.486443,2026-01-09T16:50:00Z
OSINT-MOCK,OSINT,OSINT Node 1255,Large dataset record for stress testing dashboard.,28.882241,77.493465,2026-01-09T17:00:00Z
Manual Upload,HUMINT,HUMINT Node 1256,Large dataset record for stress testing dashboard.,28.847278,77.309026,2026-01-09T17:10:00Z
Manual Upload,HUMINT,HUMINT Node 1257,Large dataset record for stress testing dashboard.,28.632877,77.043948,2026-01-09T17:20:00Z
OSINT-MOCK,OSINT,OSINT Node 1258,Large dataset record for stress testing dashboard.,28.883441,77.478618,2026-01-09T17:30:00Z
OSINT-MOCK,OSINT,OSINT Node 1259,Large dataset record for stress testing dashboard.,28.79925,77.053531,2026-01-09T17:40:00Z
Manual Upload,IMINT,IMINT Node 1260,Large dataset record for stress testing dashboard.,28.737743,77.128507,2026-01-09T17:50:00Z
Manual Upload,HUMINT,HUMINT Node 1261,Large dataset record for stress testing dashboard.,28.631301,77.152401,2026-01-09T18:00:00Z
Manual Upload,HUMINT,HUMINT Node 1262,Large dataset record for stress testing dashboard.,28.901983,77.069246,2026-01-09T18:10:00Z
Manual Upload,IMINT,IMINT Node 1263,Large dataset record for stress testing dashboard.,28.780917,77.143243,2026-01-09T18:20:00Z
Manual Upload,HUMINT,HUMINT Node 1264,Large dataset record for stress testing dashboard.,28.652129,77.070138,2026-01-09T18:30:00Z
Manual Upload,IMINT,IMINT Node 1265,Large dataset record for stress testing dashboard.,28.79154,77.149826,2026-01-09T18:40:00Z
Manual Upload,HUMINT,HUMINT Node 1266,Large dataset record for stress testing dashboard.,28.850849,77.387493,2026-01-09T18:50:00Z
Manual Upload,IMINT,IMINT Node 1267,Large dataset record for stress testing dashboard.,28.746947,77.474645,2026-01-09T19:00:00Z
OSINT-MOCK,OSINT,OSINT Node 1268,Large dataset record for stress testing dashboard.,28.515202,77.028621,2026-01-09T19:10:00Z
Manual Upload,HUMINT,HUMINT Node 1269,Large dataset record for stress testing dashboard.,28.575852,77.247591,2026-01-09T19:20:00Z
Manual Upload,IMINT,IMINT Node 1270,Large dataset record for stress testing dashboard.,28.549716,77.467716,2026-01-09T19:30:00Z
OSINT-MOCK,OSINT,OSINT Node 1271,Large dataset record for stress testing dashboard.,28.780052,77.138385,2026-01-09T19:40:00Z
OSINT-MOCK,OSINT,OSINT Node 1272,Large dataset record for stress testing dashboard.,28.572445,77.452567,2026-01-09T19:50:00Z
Manual Upload,HUMINT,HUMINT Node 1273,Large dataset record for stress testing dashboard.,28.361347,77.114955,2026-01-09T20:00:00Z
OSINT-MOCK,OSINT,OSINT Node 1274,Large dataset record for stress testing dashboard.,28.327176,77.327645,2026-01-09T20:10:00Z
Manual Upload,IMINT,IMINT Node 1275,Large dataset record for stress testing dashboard.,28.657512,77.464176,2026-01-09T20:20:00Z
OSINT-MOCK,OSINT,OSINT Node 1276,Large dataset record for stress testing dashboard.,28.864139,77.09281,2026-01-09T20:30:00Z
Manual Upload,HUMINT,HUMINT Node 1277,Large dataset record for stress testing dashboard.,28.80276,77.020219,2026-01-09T20:40:00Z
Manual Upload,HUMINT,HUMINT Node 1278,Large dataset record for stress testing dashboard.,28.671467,77.102858,2026-01-09T20:50:00Z
Manual Upload,HUMINT,HUMINT Node 1279,Large dataset record for stress testing dashboard.,28.65933,77.147245,2026-01-09T21:00:00Z
OSINT-MOCK,OSINT,OSINT Node 1280,Large dataset record for stress testing dashboard.,28.422934,77.421069,2026-01-09T21:10:00Z
Manual Upload,HUMINT,HUMINT Node 1281,Large dataset record for stress testing dashboard.,28.322028,77.431069,2026-01-09T21:20:00Z
Manual Upload,IMINT,IMINT Node 1282,Large dataset record for stress testing dashboard.,28.395925,77.129766,2026-01-09T21:30:00Z
OSINT-MOCK,OSINT,OSINT Node 1283,Large dataset record for stress testing dashboard.,28.667001,76.980198,2026-01-09T21:40:00Z
Manual Upload,HUMINT,HUMINT Node 1284,Large dataset record for stress testing dashboard.,28.544784,77.468875,2026-01-09T21:50:00Z
Manual Upload,HUMINT,HUMINT Node 1285,Large dataset record for stress testing dashboard.,28.345483,77.309619,2026-01-09T22:00:00Z
OSINT-MOCK,OSINT,OSINT Node 1286,Large dataset record for stress testing dashboard.,28.704299,77.259113,2026-01-09T22:10:00Z
Manual Upload,HUMINT,HUMINT Node 1287,Large dataset record for stress testing dashboard.,28.789483,77.003448,2026-01-09T22:20:00Z
Manual Upload,HUMINT,HUMINT Node 1288,Large dataset record for stress testing dashboard.,28.803847,77.089598,2026-01-09T22:30:00Z
OSINT-MOCK,OSINT,OSINT Node 1289,Large dataset record for stress testing dashboard.,28.845579,77.037095,2026-01-09T22:40:00Z
Manual Upload,IMINT,IMINT Node 1290,Large dataset record for stress testing dashboard.,28.585583,77.15659,2026-01-09T22:50:00Z
Manual Upload,IMINT,IMINT Node 1291,Large dataset record for stress testing dashboard.,28.776092,77.044603,2026-01-09T23:00:00Z
Manual Upload,IMINT,IMINT Node 1292,Large dataset record for stress testing dashboard.,28.8561,76.926993,2026-01-09T23:10:00Z
Manual Upload,IMINT,IMINT Node 1293,Large dataset record for stress testing dashboard.,28.725655,76.982189,2026-01-09T23:20:00Z
OSINT-MOCK,OSINT,OSINT Node 1294,Large dataset record for stress testing dashboard.,28.807071,77.460852,2026-01-09T23:30:00Z
Manual Upload,IMINT,IMINT Node 1295,Large dataset record for stress testing dashboard.,28.873053,76.95664,2026-01-09T23:40:00Z
Manual Upload,IMINT,IMINT Node 1296,Large dataset record for stress testing dashboard.,28.64329,76.964427,2026-01-09T23:50:00Z
Manual Upload,HUMINT,HUMINT Node 1297,Large dataset record for stress testing dashboard.,28.482411,77.002851,2026-01-10T00:00:00Z
Manual Upload,IMINT,IMINT Node 1298,Large dataset record for stress testing dashboard.,28.803287,77.303765,2026-01-10T00:10:00Z
Manual Upload,IMINT,IMINT Node 1299,Large dataset record for stress testing dashboard.,28.851657,77.168767,2026-01-10T00:20:00Z
Manual Upload,IMINT,IMINT Node 1300,Large dataset record for stress testing dashboard.,28.792406,77.064857,2026-01-10T00:30:00Z
OSINT-MOCK,OSINT,OSINT Node 1301,Large dataset record for stress testing dashboard.,28.704192,77.316228,2026-01-10T00:40:00Z
OSINT-MOCK,OSINT,OSINT Node 1302,Large dataset record for stress testing dashboard.,28.381357,77.025397,2026-01-10T00:50:00Z
Manual Upload,IMINT,IMINT Node 1303,Large dataset record for stress testing dashboard.,28.835716,77.469255,2026-01-10T01:00:00Z
Manual Upload,HUMINT,HUMINT Node 1304,Large dataset record for stress testing dashboard.,28.329089,77.226422,2026-01-10T01:10:00Z
OSINT-MOCK,OSINT,OSINT Node 1305,Large dataset record for stress testing dashboard.,28.839087,77.401213,2026-01-10T01:20:00Z
OSINT-MOCK,OSINT,OSINT Node 1306,Large dataset record for stress testing dashboard.,28.856862,77.186679,2026-01-10T01:30:00Z
Manual Upload,HUMINT,HUMINT Node 1307,Large dataset record for stress testing dashboard.,28.660283,77.149183,2026-01-10T01:40:00Z
OSINT-MOCK,OSINT,OSINT Node 1308,Large dataset record for stress testing dashboard.,28.557943,77.025988,2026-01-10T01:50:00Z
Manual Upload,IMINT,IMINT Node 1309,Large dataset record for stress testing dashboard.,28.380785,77.455616,2026-01-10T02:00:00Z
Manual Upload,IMINT,IMINT Node 1310,Large dataset record for stress testing dashboard.,28.810349,77.464,2026-01-10T02:10:00Z
Manual Upload,HUMINT,HUMINT Node 1311,Large dataset record for stress testing dashboard.,28.73406,77.398175,2026-01-10T02:20:00Z
Manual Upload,HUMINT,HUMINT Node 1312,Large dataset record for stress testing dashboard.,28.873357,76.946729,2026-01-10T02:30:00Z
OSINT-MOCK,OSINT,OSINT Node 1313,Large dataset record for stress testing dashboard.,28.50919,77.220486,2026-01-10T02:40:00Z
Manual Upload,HUMINT,HUMINT Node 1314,Large dataset record for stress testing dashboard.,28.33572,77.461465,2026-01-10T02:50:00Z
OSINT-MOCK,OSINT,OSINT Node 1315,Large dataset record for stress testing dashboard.,28.827701,77.015909,2026-01-10T03:00:00Z
Manual Upload,HUMINT,HUMINT Node 1316,Large dataset record for stress testing dashboard.,28.353328,77.020785,2026-01-10T03:10:00Z
OSINT-MOCK,OSINT,OSINT Node 1317,Large dataset record for stress testing dashboard.,28.711441,77.476218,2026-01-10T03:20:00Z
OSINT-MOCK,OSINT,OSINT Node 1318,Large dataset record for stress testing dashboard.,28.569154,77.271529,2026-01-10T03:30:00Z
OSINT-MOCK,OSINT,OSINT Node 1319,Large dataset record for stress testing dashboard.,28.894496,77.32438,2026-01-10T03:40:00Z
Manual Upload,HUMINT,HUMINT Node 1320,Large dataset record for stress testing dashboard.,28.775444,77.03957,2026-01-10T03:50:00Z
OSINT-MOCK,OSINT,OSINT Node 1321,Large dataset record for stress testing dashboard.,28.631352,77.285528,2026-01-10T04:00:00Z
OSINT-MOCK,OSINT,OSINT Node 1322,Large dataset record for stress testing dashboard.,28.610526,77.007687,2026-01-10T04:10:00Z
Manual Upload,IMINT,IMINT Node 1323,Large dataset record for stress testing dashboard.,28.432976,77.027869,2026-01-10T04:20:00Z
Manual Upload,IMINT,IMINT Node 1324,Large dataset record for stress testing dashboard.,28.521418,77.334512,2026-01-10T04:30:00Z
Manual Upload,IMINT,IMINT Node 1325,Large dataset record for stress testing dashboard.,28.779239,77.014606,2026-01-10T04:40:00Z
Manual Upload,IMINT,IMINT Node 1326,Large dataset record for stress testing dashboard.,28.329973,77.295925,2026-01-10T04:50:00Z
OSINT-MOCK,OSINT,OSINT Node 1327,Large dataset record for stress testing dashboard.,28.749653,77.422567,2026-01-10T05:00:00Z
Manual Upload,IMINT,IMINT Node 1328,Large dataset record for stress testing dashboard.,28.520282,77.340482,2026-01-10T05:10:00Z
Manual Upload,IMINT,IMINT Node 1329,Large dataset record for stress testing dashboard.,28.525249,77.444951,2026-01-10T05:20:00Z
OSINT-MOCK,OSINT,OSINT Node 1330,Large dataset record for stress testing dashboard.,28.723631,77.454727,2026-01-10T05:30:00Z
Manual Upload,HUMINT,HUMINT Node 1331,Large dataset record for stress testing dashboard.,28.415286,77.292962,2026-01-10T05:40:00Z
Manual Upload,IMINT,IMINT Node 1332,Large dataset record for stress testing dashboard.,28.450004,77.278569,2026-01-10T05:50:00Z
Manual Upload,HUMINT,HUMINT Node 1333,Large dataset record for stress testing dashboard.,28.675934,77.013584,2026-01-10T06:00:00Z
Manual Upload,IMINT,IMINT Node 1334,Large dataset record for stress testing dashboard.,28.532054,77.193209,2026-01-10T06:10:00Z
OSINT-MOCK,OSINT,OSINT Node 1335,Large dataset record for stress testing dashboard.,28.810883,77.378027,2026-01-10T06:20:00Z
OSINT-MOCK,OSINT,OSINT Node 1336,Large dataset record for stress testing dashboard.,28.783015,77.044301,2026-01-10T06:30:00Z
Manual Upload,HUMINT,HUMINT Node 1337,Large dataset record for stress testing dashboard.,28.567836,76.961265,2026-01-10T06:40:00Z
OSINT-MOCK,OSINT,OSINT Node 1338,Large dataset record for stress testing dashboard.,28.897096,77.190725,2026-01-10T06:50:00Z
Manual Upload,HUMINT,HUMINT Node 1339,Large dataset record for stress testing dashboard.,28.858339,77.239736,2026-01-10T07:00:00Z
Manual Upload,IMINT,IMINT Node 1340,Large dataset record for stress testing dashboard.,28.341237,77.021463,2026-01-10T07:10:00Z
Manual Upload,IMINT,IMINT Node 1341,Large dataset record for stress testing dashboard.,28.612601,77.484765,2026-01-10T07:20:00Z
OSINT-MOCK,OSINT,OSINT Node 1342,Large dataset record for stress testing dashboard.,28.798055,77.406859,2026-01-10T07:30:00Z
Manual Upload,HUMINT,HUMINT Node 1343,Large dataset record for stress testing dashboard.,28.54258,76.968202,2026-01-10T07:40:00Z
Manual Upload,HUMINT,HUMINT Node 1344,Large dataset record for stress testing dashboard.,28.388709,77.146855,2026-01-10T07:50:00Z
Manual Upload,IMINT,IMINT Node 1345,Large dataset record for stress testing dashboard.,28.700784,77.48029,2026-01-10T08:00:00Z
Manual Upload,IMINT,IMINT Node 1346,Large dataset record for stress testing dashboard.,28.447257,77.486648,2026-01-10T08:10:00Z
Manual Upload,IMINT,IMINT Node 1347,Large dataset record for stress testing dashboard.,28.650032,77.486145,2026-01-10T08:20:00Z
Manual Upload,IMINT,IMINT Node 1348,Large dataset record for stress testing dashboard.,28.367684,77.424418,2026-01-10T08:30:00Z
Manual Upload,IMINT,IMINT Node 1349,Large dataset record for stress testing dashboard.,28.790153,77.28716,2026-01-10T08:40:00Z
Manual Upload,HUMINT,HUMINT Node 1350,Large dataset record for stress testing dashboard.,28.771127,77.229479,2026-01-10T08:50:00Z
Manual Upload,HUMINT,HUMINT Node 1351,Large dataset record for stress testing dashboard.,28.78151,77.196086,2026-01-10T09:00:00Z
OSINT-MOCK,OSINT,OSINT Node 1352,Large dataset record for stress testing dashboard.,28.57947,77.066593,2026-01-10T09:10:00Z
OSINT-MOCK,OSINT,OSINT Node 1353,Large dataset record for stress testing dashboard.,28.439792,77.490919,2026-01-10T09:20:00Z
OSINT-MOCK,OSINT,OSINT Node 1354,Large dataset record for stress testing dashboard.,28.903191,77.498483,2026-01-10T09:30:00Z
Manual Upload,IMINT,IMINT Node 1355,Large dataset record for stress testing dashboard.,28.88527,77.460786,2026-01-10T09:40:00Z
Manual Upload,IMINT,IMINT Node 1356,Large dataset record for stress testing dashboard.,28.324032,76.972678,2026-01-10T09:50:00Z
Manual Upload,HUMINT,HUMINT Node 1357,Large dataset record for stress testing dashboard.,28.489122,77.507283,2026-01-10T10:00:00Z
Manual Upload,IMINT,IMINT Node 1358,Large dataset record for stress testing dashboard.,28.650028,77.311212,2026-01-10T10:10:00Z
Manual Upload,IMINT,IMINT Node 1359,Large dataset record for stress testing dashboard.,28.653544,77.339413,2026-01-10T10:20:00Z
OSINT-MOCK,OSINT,OSINT Node 1360,Large dataset record for stress testing dashboard.,28.908387,77.287801,2026-01-10T10:30:00Z
Manual Upload,HUMINT,HUMINT Node 1361,Large dataset record for stress testing dashboard.,28.421083,77.484013,2026-01-10T10:40:00Z
Manual Upload,IMINT,IMINT Node 1362,Large dataset record for stress testing dashboard.,28.348196,77.018824,2026-01-10T10:50:00Z
Manual Upload,HUMINT,HUMINT Node 1363,Large dataset record for stress testing dashboard.,28.909642,77.11152,2026-01-10T11:00:00Z
OSINT-MOCK,OSINT,OSINT Node 1364,Large dataset record for stress testing dashboard.,28.707554,77.449131,2026-01-10T11:10:00Z
Manual Upload,IMINT,IMINT Node 1365,Large dataset record for stress testing dashboard.,28.81377,77.290259,2026-01-10T11:20:00Z
OSINT-MOCK,OSINT,OSINT Node 1366,Large dataset record for stress testing dashboard.,28.601173,77.388243,2026-01-10T11:30:00Z
OSINT-MOCK,OSINT,OSINT Node 1367,Large dataset record for stress testing dashboard.,28.82695,76.977844,2026-01-10T11:40:00Z
Manual Upload,HUMINT,HUMINT Node 1368,Large dataset record for stress testing dashboard.,28.476834,77.319205,2026-01-10T11:50:00Z
OSINT-MOCK,OSINT,OSINT Node 1369,Large dataset record for stress testing dashboard.,28.479368,77.405604,2026-01-10T12:00:00Z
Manual Upload,IMINT,IMINT Node 1370,Large dataset record for stress testing dashboard.,28.60524,77.098153,2026-01-10T12:10:00Z
Manual Upload,IMINT,IMINT Node 1371,Large dataset record for stress testing dashboard.,28.883767,77.372302,2026-01-10T12:20:00Z
Manual Upload,IMINT,IMINT Node 1372,Large dataset record for stress testing dashboard.,28.650911,76.998098,2026-01-10T12:30:00Z
OSINT-MOCK,OSINT,OSINT Node 1373,Large dataset record for stress testing dashboard.,28.356942,77.373861,2026-01-10T12:40:00Z
Manual Upload,HUMINT,HUMINT Node 1374,Large dataset record for stress testing dashboard.,28.554676,76.943399,2026-01-10T12:50:00Z
Manual Upload,IMINT,IMINT Node 1375,Large dataset record for stress testing dashboard.,28.712282,77.046543,2026-01-10T13:00:00Z
OSINT-MOCK,OSINT,OSINT Node 1376,Large dataset record for stress testing dashboard.,28.598016,77.128225,2026-01-10T13:10:00Z
Manual Upload,HUMINT,HUMINT Node 1377,Large dataset record for stress testing dashboard.,28.502199,77.075109,2026-01-10T13:20:00Z
Manual Upload,IMINT,IMINT Node 1378,Large dataset record for stress testing dashboard.,28.34092,77.100052,2026-01-10T13:30:00Z
Manual Upload,IMINT,IMINT Node 1379,Large dataset record for stress testing dashboard.,28.357533,77.013568,2026-01-10T13:40:00Z
Manual Upload,HUMINT,HUMINT Node 1380,Large dataset record for stress testing dashboard.,28.709713,77.129972,2026-01-10T13:50:00Z
OSINT-MOCK,OSINT,OSINT Node 1381,Large dataset record for stress testing dashboard.,28.900312,77.069601,2026-01-10T14:00:00Z
Manual Upload,HUMINT,HUMINT Node 1382,Large dataset record for stress testing dashboard.,28.653636,77.459987,2026-01-10T14:10:00Z
Manual Upload,IMINT,IMINT Node 1383,Large dataset record for stress testing dashboard.,28.511869,77.071972,2026-01-10T14:20:00Z
Manual Upload,IMINT,IMINT Node 1384,Large dataset record for stress testing dashboard.,28.873907,76.963794,2026-01-10T14:30:00Z
Manual Upload,IMINT,IMINT Node 1385,Large dataset record for stress testing dashboard.,28.539485,77.49986,2026-01-10T14:40:00Z
Manual Upload,HUMINT,HUMINT Node 1386,Large dataset record for stress testing dashboard.,28.506524,77.237273,2026-01-10T14:50:00Z
OSINT-MOCK,OSINT,OSINT Node 1387,Large dataset record for stress testing dashboard.,28.796812,76.945119,2026-01-10T15:00:00Z
OSINT-MOCK,OSINT,OSINT Node 1388,Large dataset record for stress testing dashboard.,28.800622,76.919896,2026-01-10T15:10:00Z
OSINT-MOCK,OSINT,OSINT Node 1389,Large dataset record for stress testing dashboard.,28.574658,77.003977,2026-01-10T15:20:00Z
Manual Upload,HUMINT,HUMINT Node 1390,Large dataset record for stress testing dashboard.,28.356572,77.429126,2026-01-10T15:30:00Z
OSINT-MOCK,OSINT,OSINT Node 1391,Large dataset record for stress testing dashboard.,28.371556,77.346378,2026-01-10T15:40:00Z
OSINT-MOCK,OSINT,OSINT Node 1392,Large dataset record for stress testing dashboard.,28.403703,76.952975,2026-01-10T15:50:00Z
Manual Upload,HUMINT,HUMINT Node 1393,Large dataset record for stress testing dashboard.,28.656844,77.360139,2026-01-10T16:00:00Z
Manual Upload,HUMINT,HUMINT Node 1394,Large dataset record for stress testing dashboard.,28.857462,77.281183,2026-01-10T16:10:00Z
Manual Upload,HUMINT,HUMINT Node 1395,Large dataset record for stress testing dashboard.,28.633088,77.29736,2026-01-10T16:20:00Z
Manual Upload,HUMINT,HUMINT Node 1396,Large dataset record for stress testing dashboard.,28.335701,77.481935,2026-01-10T16:30:00Z
Manual Upload,HUMINT,HUMINT Node 1397,Large dataset record for stress testing dashboard.,28.443272,77.007984,2026-01-10T16:40:00Z
Manual Upload,IMINT,IMINT Node 1398,Large dataset record for stress testing dashboard.,28.849818,77.047795,2026-01-10T16:50:00Z
Manual Upload,HUMINT,HUMINT Node 1399,Large dataset record for stress testing dashboard.,28.904954,77.020225,2026-01-10T17:00:00Z
OSINT-MOCK,OSINT,OSINT Node 1400,Large dataset record for stress testing dashboard.,28.705121,77.31397,2026-01-10T17:10:00Z
Manual Upload,IMINT,IMINT Node 1401,Large dataset record for stress testing dashboard.,28.590129,77.112471,2026-01-10T17:20:00Z
Manual Upload,HUMINT,HUMINT Node 1402,Large dataset record for stress testing dashboard.,28.892201,77.229859,2026-01-10T17:30:00Z
OSINT-MOCK,OSINT,OSINT Node 1403,Large dataset record for stress testing dashboard.,28.703149,77.161214,2026-01-10T17:40:00Z
Manual Upload,IMINT,IMINT Node 1404,Large dataset record for stress testing dashboard.,28.818296,77.470582,2026-01-10T17:50:00Z
Manual Upload,IMINT,IMINT Node 1405,Large dataset record for stress testing dashboard.,28.724863,77.449066,2026-01-10T18:00:00Z
Manual Upload,IMINT,IMINT Node 1406,Large dataset record for stress testing dashboard.,28.729681,77.030809,2026-01-10T18:10:00Z
Manual Upload,HUMINT,HUMINT Node 1407,Large dataset record for stress testing dashboard.,28.368917,77.370978,2026-01-10T18:20:00Z
Manual Upload,IMINT,IMINT Node 1408,Large dataset record for stress testing dashboard.,28.49916,76.927526,2026-01-10T18:30:00Z
Manual Upload,IMINT,IMINT Node 1409,Large dataset record for stress testing dashboard.,28.717168,77.380383,2026-01-10T18:40:00Z
OSINT-MOCK,OSINT,OSINT Node 1410,Large dataset record for stress testing dashboard.,28.514823,77.048905,2026-01-10T18:50:00Z
OSINT-MOCK,OSINT,OSINT Node 1411,Large dataset record for stress testing dashboard.,28.341308,76.981631,2026-01-10T19:00:00Z
Manual Upload,HUMINT,HUMINT Node 1412,Large dataset record for stress testing dashboard.,28.525084,76.923111,2026-01-10T19:10:00Z
Manual Upload,HUMINT,HUMINT Node 1413,Large dataset record for stress testing dashboard.,28.605674,77.135882,2026-01-10T19:20:00Z
Manual Upload,HUMINT,HUMINT Node 1414,Large dataset record for stress testing dashboard.,28.651724,77.182657,2026-01-10T19:30:00Z
OSINT-MOCK,OSINT,OSINT Node 1415,Large dataset record for stress testing dashboard.,28.601863,77.33558,2026-01-10T19:40:00Z
Manual Upload,HUMINT,HUMINT Node 1416,Large dataset record for stress testing dashboard.,28.398068,77.489902,2026-01-10T19:50:00Z
Manual Upload,IMINT,IMINT Node 1417,Large dataset record for stress testing dashboard.,28.551286,77.094512,2026-01-10T20:00:00Z
Manual Upload,HUMINT,HUMINT Node 1418,Large dataset record for stress testing dashboard.,28.771409,77.206847,2026-01-10T20:10:00Z
Manual Upload,HUMINT,HUMINT Node 1419,Large dataset record for stress testing dashboard.,28.657338,77.264852,2026-01-10T20:20:00Z
OSINT-MOCK,OSINT,OSINT Node 1420,Large dataset record for stress testing dashboard.,28.844788,76.962416,2026-01-10T20:30:00Z
Manual Upload,IMINT,IMINT Node 1421,Large dataset record for stress testing dashboard.,28.545294,77.117535,2026-01-10T20:40:00Z
Manual Upload,HUMINT,HUMINT Node 1422,Large dataset record for stress testing dashboard.,28.908265,77.063159,2026-01-10T20:50:00Z
Manual Upload,HUMINT,HUMINT Node 1423,Large dataset record for stress testing dashboard.,28.333716,77.153024,2026-01-10T21:00:00Z
OSINT-MOCK,OSINT,OSINT Node 1424,Large dataset record for stress testing dashboard.,28.502741,77.041354,2026-01-10T21:10:00Z
Manual Upload,HUMINT,HUMINT Node 1425,Large dataset record for stress testing dashboard.,28.336481,77.352469,2026-01-10T21:20:00Z
Manual Upload,HUMINT,HUMINT Node 1426,Large dataset record for stress testing dashboard.,28.652928,77.278875,2026-01-10T21:30:00Z
Manual Upload,IMINT,IMINT Node 1427,Large dataset record for stress testing dashboard.,28.578728,76.974946,2026-01-10T21:40:00Z
Manual Upload,IMINT,IMINT Node 1428,Large dataset record for stress testing dashboard.,28.65316,77.123856,2026-01-10T21:50:00Z
OSINT-MOCK,OSINT,OSINT Node 1429,Large dataset record for stress testing dashboard.,28.731467,77.042644,2026-01-10T22:00:00Z
Manual Upload,HUMINT,HUMINT Node 1430,Large dataset record for stress testing dashboard.,28.343627,77.131577,2026-01-10T22:10:00Z
Manual Upload,HUMINT,HUMINT Node 1431,Large dataset record for stress testing dashboard.,28.74531,77.016548,2026-01-10T22:20:00Z
Manual Upload,HUMINT,HUMINT Node 1432,Large dataset record for stress testing dashboard.,28.379973,77.22641,2026-01-10T22:30:00Z
Manual Upload,HUMINT,HUMINT Node 1433,Large dataset record for stress testing dashboard.,28.562015,77.032822,2026-01-10T22:40:00Z
Manual Upload,HUMINT,HUMINT Node 1434,Large dataset record for stress testing dashboard.,28.454762,76.956018,2026-01-10T22:50:00Z
Manual Upload,IMINT,IMINT Node 1435,Large dataset record for stress testing dashboard.,28.682349,77.458699,2026-01-10T23:00:00Z
Manual Upload,HUMINT,HUMINT Node 1436,Large dataset record for stress testing dashboard.,28.823863,77.413298,2026-01-10T23:10:00Z
Manual Upload,HUMINT,HUMINT Node 1437,Large dataset record for stress testing dashboard.,28.680934,77.118209,2026-01-10T23:20:00Z
Manual Upload,HUMINT,HUMINT Node 1438,Large dataset record for stress testing dashboard.,28.562269,77.169775,2026-01-10T23:30:00Z
Manual Upload,HUMINT,HUMINT Node 1439,Large dataset record for stress testing dashboard.,28.897325,77.361232,2026-01-10T23:40:00Z
Manual Upload,HUMINT,HUMINT Node 1440,Large dataset record for stress testing dashboard.,28.761097,77.093435,2026-01-10T23:50:00Z
Manual Upload,HUMINT,HUMINT Node 1441,Large dataset record for stress testing dashboard.,28.785239,77.384024,2026-01-11T00:00:00Z
Manual Upload,IMINT,IMINT Node 1442,Large dataset record for stress testing dashboard.,28.681092,77.146313,2026-01-11T00:10:00Z
OSINT-MOCK,OSINT,OSINT Node 1443,Large dataset record for stress testing dashboard.,28.667353,77.360789,2026-01-11T00:20:00Z
Manual Upload,HUMINT,HUMINT Node 1444,Large dataset record for stress testing dashboard.,28.81417,77.47585,2026-01-11T00:30:00Z
OSINT-MOCK,OSINT,OSINT Node 1445,Large dataset record for stress testing dashboard.,28.479373,77.179534,2026-01-11T00:40:00Z
Manual Upload,HUMINT,HUMINT Node 1446,Large dataset record for stress testing dashboard.,28.658852,77.070784,2026-01-11T00:50:00Z
Manual Upload,IMINT,IMINT Node 1447,Large dataset record for stress testing dashboard.,28.472177,77.224495,2026-01-11T01:00:00Z
OSINT-MOCK,OSINT,OSINT Node 1448,Large dataset record for stress testing dashboard.,28.815963,77.328765,2026-01-11T01:10:00Z
Manual Upload,HUMINT,HUMINT Node 1449,Large dataset record for stress testing dashboard.,28.401562,76.937647,2026-01-11T01:20:00Z
Manual Upload,IMINT,IMINT Node 1450,Large dataset record for stress testing dashboard.,28.614203,76.985982,2026-01-11T01:30:00Z
Manual Upload,IMINT,IMINT Node 1451,Large dataset record for stress testing dashboard.,28.600117,77.470108,2026-01-11T01:40:00Z
Manual Upload,IMINT,IMINT Node 1452,Large dataset record for stress testing dashboard.,28.715305,77.228907,2026-01-11T01:50:00Z
OSINT-MOCK,OSINT,OSINT Node 1453,Large dataset record for stress testing dashboard.,28.663482,77.469255,2026-01-11T02:00:00Z
OSINT-MOCK,OSINT,OSINT Node 1454,Large dataset record for stress testing dashboard.,28.463406,76.971167,2026-01-11T02:10:00Z
Manual Upload,HUMINT,HUMINT Node 1455,Large dataset record for stress testing dashboard.,28.912524,77.365149,2026-01-11T02:20:00Z
OSINT-MOCK,OSINT,OSINT Node 1456,Large dataset record for stress testing dashboard.,28.391353,77.323763,2026-01-11T02:30:00Z
Manual Upload,HUMINT,HUMINT Node 1457,Large dataset record for stress testing dashboard.,28.830153,77.36601,2026-01-11T02:40:00Z
Manual Upload,IMINT,IMINT Node 1458,Large dataset record for stress testing dashboard.,28.509994,77.448543,2026-01-11T02:50:00Z
Manual Upload,IMINT,IMINT Node 1459,Large dataset record for stress testing dashboard.,28.522549,77.081239,2026-01-11T03:00:00Z
Manual Upload,HUMINT,HUMINT Node 1460,Large dataset record for stress testing dashboard.,28.784521,77.131326,2026-01-11T03:10:00Z
OSINT-MOCK,OSINT,OSINT Node 1461,Large dataset record for stress testing dashboard.,28.794112,76.988147,2026-01-11T03:20:00Z
Manual Upload,HUMINT,HUMINT Node 1462,Large dataset record for stress testing dashboard.,28.336275,76.915096,2026-01-11T03:30:00Z
Manual Upload,HUMINT,HUMINT Node 1463,Large dataset record for stress testing dashboard.,28.480783,77.168702,2026-01-11T03:40:00Z
Manual Upload,IMINT,IMINT Node 1464,Large dataset record for stress testing dashboard.,28.542801,76.947453,2026-01-11T03:50:00Z
OSINT-MOCK,OSINT,OSINT Node 1465,Large dataset record for stress testing dashboard.,28.680463,77.248944,2026-01-11T04:00:00Z
Manual Upload,HUMINT,HUMINT Node 1466,Large dataset record for stress testing dashboard.,28.398761,77.351378,2026-01-11T04:10:00Z
OSINT-MOCK,OSINT,OSINT Node 1467,Large dataset record for stress testing dashboard.,28.377882,77.376271,2026-01-11T04:20:00Z
Manual Upload,HUMINT,HUMINT Node 1468,Large dataset record for stress testing dashboard.,28.754203,77.185883,2026-01-11T04:30:00Z
Manual Upload,IMINT,IMINT Node 1469,Large dataset record for stress testing dashboard.,28.832491,77.226259,2026-01-11T04:40:00Z
Manual Upload,HUMINT,HUMINT Node 1470,Large dataset record for stress testing dashboard.,28.548864,77.10746,2026-01-11T04:50:00Z
OSINT-MOCK,OSINT,OSINT Node 1471,Large dataset record for stress testing dashboard.,28.690703,77.41275,2026-01-11T05:00:00Z
OSINT-MOCK,OSINT,OSINT Node 1472,Large dataset record for stress testing dashboard.,28.647126,77.167146,2026-01-11T05:10:00Z
OSINT-MOCK,OSINT,OSINT Node 1473,Large dataset record for stress testing dashboard.,28.867519,77.27469,2026-01-11T05:20:00Z
Manual Upload,HUMINT,HUMINT Node 1474,Large dataset record for stress testing dashboard.,28.470555,77.125298,2026-01-11T05:30:00Z
Manual Upload,HUMINT,HUMINT Node 1475,Large dataset record for stress testing dashboard.,28.427392,77.326458,2026-01-11T05:40:00Z
OSINT-MOCK,OSINT,OSINT Node 1476,Large dataset record for stress testing dashboard.,28.546632,76.959785,2026-01-11T05:50:00Z
OSINT-MOCK,OSINT,OSINT Node 1477,Large dataset record for stress testing dashboard.,28.874629,77.239438,2026-01-11T06:00:00Z
OSINT-MOCK,OSINT,OSINT Node 1478,Large dataset record for stress testing dashboard.,28.844911,77.086974,2026-01-11T06:10:00Z
Manual Upload,IMINT,IMINT Node 1479,Large dataset record for stress testing dashboard.,28.428196,77.153437,2026-01-11T06:20:00Z
OSINT-MOCK,OSINT,OSINT Node 1480,Large dataset record for stress testing dashboard.,28.758417,76.929091,2026-01-11T06:30:00Z
OSINT-MOCK,OSINT,OSINT Node 1481,Large dataset record for stress testing dashboard.,28.430842,77.183512,2026-01-11T06:40:00Z
OSINT-MOCK,OSINT,OSINT Node 1482,Large dataset record for stress testing dashboard.,28.472974,77.033747,2026-01-11T06:50:00Z
Manual Upload,HUMINT,HUMINT Node 1483,Large dataset record for stress testing dashboard.,28.32513,77.048194,2026-01-11T07:00:00Z
Manual Upload,IMINT,IMINT Node 1484,Large dataset record for stress testing dashboard.,28.742423,77.158411,2026-01-11T07:10:00Z
Manual Upload,HUMINT,HUMINT Node 1485,Large dataset record for stress testing dashboard.,28.729788,77.389598,2026-01-11T07:20:00Z
OSINT-MOCK,OSINT,OSINT Node 1486,Large dataset record for stress testing dashboard.,28.782759,77.233163,2026-01-11T07:30:00Z
Manual Upload,IMINT,IMINT Node 1487,Large dataset record for stress testing dashboard.,28.333502,77.383882,2026-01-11T07:40:00Z
OSINT-MOCK,OSINT,OSINT Node 1488,Large dataset record for stress testing dashboard.,28.502176,77.333708,2026-01-11T07:50:00Z
Manual Upload,IMINT,IMINT Node 1489,Large dataset record for stress testing dashboard.,28.655349,77.077348,2026-01-11T08:00:00Z
Manual Upload,IMINT,IMINT Node 1490,Large dataset record for stress testing dashboard.,28.889458,77.000794,2026-01-11T08:10:00Z
Manual Upload,HUMINT,HUMINT Node 1491,Large dataset record for stress testing dashboard.,28.367702,77.306599,2026-01-11T08:20:00Z
Manual Upload,HUMINT,HUMINT Node 1492,Large dataset record for stress testing dashboard.,28.576793,77.080628,2026-01-11T08:30:00Z
Manual Upload,HUMINT,HUMINT Node 1493,Large dataset record for stress testing dashboard.,28.471998,77.505128,2026-01-11T08:40:00Z
OSINT-MOCK,OSINT,OSINT Node 1494,Large dataset record for stress testing dashboard.,28.438604,77.100122,2026-01-11T08:50:00Z
Manual Upload,HUMINT,HUMINT Node 1495,Large dataset record for stress testing dashboard.,28.450929,77.385364,2026-01-11T09:00:00Z
Manual Upload,IMINT,IMINT Node 1496,Large dataset record for stress testing dashboard.,28.88225,77.007022,2026-01-11T09:10:00Z
Manual Upload,HUMINT,HUMINT Node 1497,Large dataset record for stress testing dashboard.,28.679601,77.077199,2026-01-11T09:20:00Z
Manual Upload,HUMINT,HUMINT Node 1498,Large dataset record for stress testing dashboard.,28.516904,77.178073,2026-01-11T09:30:00Z
OSINT-MOCK,OSINT,OSINT Node 1499,Large dataset record for stress testing dashboard.,28.7518,77.361335,2026-01-11T09:40:00Z
OSINT-MOCK,OSINT,OSINT Node 1500,Large dataset record for stress testing dashboard.,28.433282,76.989086,2026-01-11T09:50:00Z
OSINT-MOCK,OSINT,OSINT Node 1501,Large dataset record for stress testing dashboard.,28.688065,77.049264,2026-01-11T10:00:00Z
Manual Upload,IMINT,IMINT Node 1502,Large dataset record for stress testing dashboard.,28.323645,77.107113,2026-01-11T10:10:00Z
OSINT-MOCK,OSINT,OSINT Node 1503,Large dataset record for stress testing dashboard.,28.908804,77.038316,2026-01-11T10:20:00Z
Manual Upload,HUMINT,HUMINT Node 1504,Large dataset record for stress testing dashboard.,28.451733,77.040676,2026-01-11T10:30:00Z
Manual Upload,IMINT,IMINT Node 1505,Large dataset record for stress testing dashboard.,28.558875,77.173584,2026-01-11T10:40:00Z
Manual Upload,HUMINT,HUMINT Node 1506,Large dataset record for stress testing dashboard.,28.729255,77.311197,2026-01-11T10:50:00Z
OSINT-MOCK,OSINT,OSINT Node 1507,Large dataset record for stress testing dashboard.,28.783888,77.12812,2026-01-11T11:00:00Z
Manual Upload,HUMINT,HUMINT Node 1508,Large dataset record for stress testing dashboard.,28.576424,77.165121,2026-01-11T11:10:00Z
Manual Upload,HUMINT,HUMINT Node 1509,Large dataset record for stress testing dashboard.,28.679704,77.117424,2026-01-11T11:20:00Z
OSINT-MOCK,OSINT,OSINT Node 1510,Large dataset record for stress testing dashboard.,28.463374,77.358036,2026-01-11T11:30:00Z
OSINT-MOCK,OSINT,OSINT Node 1511,Large dataset record for stress testing dashboard.,28.480696,77.131117,2026-01-11T11:40:00Z
OSINT-MOCK,OSINT,OSINT Node 1512,Large dataset record for stress testing dashboard.,28.360845,77.451107,2026-01-11T11:50:00Z
Manual Upload,HUMINT,HUMINT Node 1513,Large dataset record for stress testing dashboard.,28.75473,77.242677,2026-01-11T12:00:00Z
OSINT-MOCK,OSINT,OSINT Node 1514,Large dataset record for stress testing dashboard.,28.803539,77.011376,2026-01-11T12:10:00Z
OSINT-MOCK,OSINT,OSINT Node 1515,Large dataset record for stress testing dashboard.,28.443971,77.339043,2026-01-11T12:20:00Z
Manual Upload,HUMINT,HUMINT Node 1516,Large dataset record for stress testing dashboard.,28.3419,77.23311,2026-01-11T12:30:00Z
Manual Upload,IMINT,IMINT Node 1517,Large dataset record for stress testing dashboard.,28.354761,77.492323,2026-01-11T12:40:00Z
OSINT-MOCK,OSINT,OSINT Node 1518,Large dataset record for stress testing dashboard.,28.7996,77.387298,2026-01-11T12:50:00Z
OSINT-MOCK,OSINT,OSINT Node 1519,Large dataset record for stress testing dashboard.,28.36842,77.33962,2026-01-11T13:00:00Z
OSINT-MOCK,OSINT,OSINT Node 1520,Large dataset record for stress testing dashboard.,28.71105,76.988442,2026-01-11T13:10:00Z
Manual Upload,IMINT,IMINT Node 1521,Large dataset record for stress testing dashboard.,28.842548,76.944094,2026-01-11T13:20:00Z
Manual Upload,IMINT,IMINT Node 1522,Large dataset record for stress testing dashboard.,28.562052,77.407795,2026-01-11T13:30:00Z
OSINT-MOCK,OSINT,OSINT Node 1523,Large dataset record for stress testing dashboard.,28.843759,77.186542,2026-01-11T13:40:00Z
Manual Upload,IMINT,IMINT Node 1524,Large dataset record for stress testing dashboard.,28.812918,77.194772,2026-01-11T13:50:00Z
Manual Upload,HUMINT,HUMINT Node 1525,Large dataset record for stress testing dashboard.,28.72849,77.101669,2026-01-11T14:00:00Z
Manual Upload,IMINT,IMINT Node 1526,Large dataset record for stress testing dashboard.,28.562252,77.282379,2026-01-11T14:10:00Z
Manual Upload,HUMINT,HUMINT Node 1527,Large dataset record for stress testing dashboard.,28.875329,77.018726,2026-01-11T14:20:00Z
Manual Upload,IMINT,IMINT Node 1528,Large dataset record for stress testing dashboard.,28.343928,77.124856,2026-01-11T14:30:00Z
Manual Upload,HUMINT,HUMINT Node 1529,Large dataset record for stress testing dashboard.,28.450334,77.432438,2026-01-11T14:40:00Z
Manual Upload,IMINT,IMINT Node 1530,Large dataset record for stress testing dashboard.,28.406352,77.315583,2026-01-11T14:50:00Z
OSINT-MOCK,OSINT,OSINT Node 1531,Large dataset record for stress testing dashboard.,28.402903,77.212474,2026-01-11T15:00:00Z
OSINT-MOCK,OSINT,OSINT Node 1532,Large dataset record for stress testing dashboard.,28.421827,77.098995,2026-01-11T15:10:00Z
Manual Upload,IMINT,IMINT Node 1533,Large dataset record for stress testing dashboard.,28.795499,77.25996,2026-01-11T15:20:00Z
Manual Upload,IMINT,IMINT Node 1534,Large dataset record for stress testing dashboard.,28.519845,77.145522,2026-01-11T15:30:00Z
Manual Upload,IMINT,IMINT Node 1535,Large dataset record for stress testing dashboard.,28.482948,77.061833,2026-01-11T15:40:00Z
OSINT-MOCK,OSINT,OSINT Node 1536,Large dataset record for stress testing dashboard.,28.748724,76.99746,2026-01-11T15:50:00Z
Manual Upload,HUMINT,HUMINT Node 1537,Large dataset record for stress testing dashboard.,28.605181,77.285321,2026-01-11T16:00:00Z
OSINT-MOCK,OSINT,OSINT Node 1538,Large dataset record for stress testing dashboard.,28.657942,77.473293,2026-01-11T16:10:00Z
OSINT-MOCK,OSINT,OSINT Node 1539,Large dataset record for stress testing dashboard.,28.373738,76.959722,2026-01-11T16:20:00Z
Manual Upload,IMINT,IMINT Node 1540,Large dataset record for stress testing dashboard.,28.385435,77.183734,2026-01-11T16:30:00Z
Manual Upload,IMINT,IMINT Node 1541,Large dataset record for stress testing dashboard.,28.339078,77.327133,2026-01-11T16:40:00Z
Manual Upload,IMINT,IMINT Node 1542,Large dataset record for stress testing dashboard.,28.645579,77.393405,2026-01-11T16:50:00Z
OSINT-MOCK,OSINT,OSINT Node 1543,Large dataset record for stress testing dashboard.,28.682414,77.310766,2026-01-11T17:00:00Z
Manual Upload,HUMINT,HUMINT Node 1544,Large dataset record for stress testing dashboard.,28.586549,76.93869,2026-01-11T17:10:00Z
Manual Upload,IMINT,IMINT Node 1545,Large dataset record for stress testing dashboard.,28.488709,76.930632,2026-01-11T17:20:00Z
Manual Upload,HUMINT,HUMINT Node 1546,Large dataset record for stress testing dashboard.,28.873419,77.267959,2026-01-11T17:30:00Z
Manual Upload,IMINT,IMINT Node 1547,Large dataset record for stress testing dashboard.,28.376041,77.491975,2026-01-11T17:40:00Z
Manual Upload,IMINT,IMINT Node 1548,Large dataset record for stress testing dashboard.,28.464991,77.121976,2026-01-11T17:50:00Z
OSINT-MOCK,OSINT,OSINT Node 1549,Large dataset record for stress testing dashboard.,28.504904,77.44045,2026-01-11T18:00:00Z
OSINT-MOCK,OSINT,OSINT Node 1550,Large dataset record for stress testing dashboard.,28.610295,77.012598,2026-01-11T18:10:00Z
Manual Upload,IMINT,IMINT Node 1551,Large dataset record for stress testing dashboard.,28.85709,77.476208,2026-01-11T18:20:00Z
Manual Upload,HUMINT,HUMINT Node 1552,Large dataset record for stress testing dashboard.,28.466616,77.041187,2026-01-11T18:30:00Z
Manual Upload,HUMINT,HUMINT Node 1553,Large dataset record for stress testing dashboard.,28.422973,76.921878,2026-01-11T18:40:00Z
OSINT-MOCK,OSINT,OSINT Node 1554,Large dataset record for stress testing dashboard.,28.403692,76.976792,2026-01-11T18:50:00Z
Manual Upload,HUMINT,HUMINT Node 1555,Large dataset record for stress testing dashboard.,28.540031,77.101302,2026-01-11T19:00:00Z
OSINT-MOCK,OSINT,OSINT Node 1556,Large dataset record for stress testing dashboard.,28.668562,77.296629,2026-01-11T19:10:00Z
OSINT-MOCK,OSINT,OSINT Node 1557,Large dataset record for stress testing dashboard.,28.859163,77.353023,2026-01-11T19:20:00Z
OSINT-MOCK,OSINT,OSINT Node 1558,Large dataset record for stress testing dashboard.,28.729314,77.398872,2026-01-11T19:30:00Z
Manual Upload,HUMINT,HUMINT Node 1559,Large dataset record for stress testing dashboard.,28.899597,77.085657,2026-01-11T19:40:00Z
Manual Upload,HUMINT,HUMINT Node 1560,Large dataset record for stress testing dashboard.,28.840225,77.409108,2026-01-11T19:50:00Z
Manual Upload,IMINT,IMINT Node 1561,Large dataset record for stress testing dashboard.,28.615222,77.220139,2026-01-11T20:00:00Z
OSINT-MOCK,OSINT,OSINT Node 1562,Large dataset record for stress testing dashboard.,28.673432,77.462469,2026-01-11T20:10:00Z
OSINT-MOCK,OSINT,OSINT Node 1563,Large dataset record for stress testing dashboard.,28.476477,76.921486,2026-01-11T20:20:00Z
Manual Upload,IMINT,IMINT Node 1564,Large dataset record for stress testing dashboard.,28.320095,77.133515,2026-01-11T20:30:00Z
Manual Upload,HUMINT,HUMINT Node 1565,Large dataset record for stress testing dashboard.,28.540414,77.213492,2026-01-11T20:40:00Z
Manual Upload,HUMINT,HUMINT Node 1566,Large dataset record for stress testing dashboard.,28.356723,77.368653,2026-01-11T20:50:00Z
Manual Upload,HUMINT,HUMINT Node 1567,Large dataset record for stress testing dashboard.,28.42758,77.318123,2026-01-11T21:00:00Z
OSINT-MOCK,OSINT,OSINT Node 1568,Large dataset record for stress testing dashboard.,28.468327,77.330194,2026-01-11T21:10:00Z
OSINT-MOCK,OSINT,OSINT Node 1569,Large dataset record for stress testing dashboard.,28.552257,77.289797,2026-01-11T21:20:00Z
Manual Upload,IMINT,IMINT Node 1570,Large dataset record for stress testing dashboard.,28.409875,77.435589,2026-01-11T21:30:00Z
OSINT-MOCK,OSINT,OSINT Node 1571,Large dataset record for stress testing dashboard.,28.503819,77.048903,2026-01-11T21:40:00Z
Manual Upload,HUMINT,HUMINT Node 1572,Large dataset record for stress testing dashboard.,28.58531,77.207805,2026-01-11T21:50:00Z
Manual Upload,HUMINT,HUMINT Node 1573,Large dataset record for stress testing dashboard.,28.790774,77.005011,2026-01-11T22:00:00Z
OSINT-MOCK,OSINT,OSINT Node 1574,Large dataset record for stress testing dashboard.,28.654243,76.919522,2026-01-11T22:10:00Z
OSINT-MOCK,OSINT,OSINT Node 1575,Large dataset record for stress testing dashboard.,28.845393,77.118574,2026-01-11T22:20:00Z
OSINT-MOCK,OSINT,OSINT Node 1576,Large dataset record for stress testing dashboard.,28.398956,77.271752,2026-01-11T22:30:00Z
OSINT-MOCK,OSINT,OSINT Node 1577,Large dataset record for stress testing dashboard.,28.706372,77.252623,2026-01-11T22:40:00Z
OSINT-MOCK,OSINT,OSINT Node 1578,Large dataset record for stress testing dashboard.,28.404446,77.080503,2026-01-11T22:50:00Z
Manual Upload,HUMINT,HUMINT Node 1579,Large dataset record for stress testing dashboard.,28.507448,77.427811,2026-01-11T23:00:00Z
Manual Upload,HUMINT,HUMINT Node 1580,Large dataset record for stress testing dashboard.,28.44492,76.999981,2026-01-11T23:10:00Z
Manual Upload,IMINT,IMINT Node 1581,Large dataset record for stress testing dashboard.,28.503383,77.307904,2026-01-11T23:20:00Z
Manual Upload,HUMINT,HUMINT Node 1582,Large dataset record for stress testing dashboard.,28.555234,77.170535,2026-01-11T23:30:00Z
Manual Upload,IMINT,IMINT Node 1583,Large dataset record for stress testing dashboard.,28.714925,77.396418,2026-01-11T23:40:00Z
Manual Upload,IMINT,IMINT Node 1584,Large dataset record for stress testing dashboard.,28.559063,77.405001,2026-01-11T23:50:00Z
OSINT-MOCK,OSINT,OSINT Node 1585,Large dataset record for stress testing dashboard.,28.491895,77.367367,2026-01-12T00:00:00Z
Manual Upload,HUMINT,HUMINT Node 1586,Large dataset record for stress testing dashboard.,28.339547,77.13519,2026-01-12T00:10:00Z
OSINT-MOCK,OSINT,OSINT Node 1587,Large dataset record for stress testing dashboard.,28.711847,77.283101,2026-01-12T00:20:00Z
OSINT-MOCK,OSINT,OSINT Node 1588,Large dataset record for stress testing dashboard.,28.701684,77.239735,2026-01-12T00:30:00Z
OSINT-MOCK,OSINT,OSINT Node 1589,Large dataset record for stress testing dashboard.,28.430619,77.343311,2026-01-12T00:40:00Z
OSINT-MOCK,OSINT,OSINT Node 1590,Large dataset record for stress testing dashboard.,28.706721,77.36517,2026-01-12T00:50:00Z
OSINT-MOCK,OSINT,OSINT Node 1591,Large dataset record for stress testing dashboard.,28.340066,77.253338,2026-01-12T01:00:00Z
Manual Upload,IMINT,IMINT Node 1592,Large dataset record for stress testing dashboard.,28.736523,77.00322,2026-01-12T01:10:00Z
OSINT-MOCK,OSINT,OSINT Node 1593,Large dataset record for stress testing dashboard.,28.364125,77.419302,2026-01-12T01:20:00Z
OSINT-MOCK,OSINT,OSINT Node 1594,Large dataset record for stress testing dashboard.,28.883754,77.012737,2026-01-12T01:30:00Z
Manual Upload,IMINT,IMINT Node 1595,Large dataset record for stress testing dashboard.,28.537168,77.086644,2026-01-12T01:40:00Z
Manual Upload,HUMINT,HUMINT Node 1596,Large dataset record for stress testing dashboard.,28.860918,76.976592,2026-01-12T01:50:00Z
Manual Upload,IMINT,IMINT Node 1597,Large dataset record for stress testing dashboard.,28.636896,77.430838,2026-01-12T02:00:00Z
Manual Upload,HUMINT,HUMINT Node 1598,Large dataset record for stress testing dashboard.,28.564194,77.208702,2026-01-12T02:10:00Z
Manual Upload,IMINT,IMINT Node 1599,Large dataset record for stress testing dashboard.,28.492673,76.914062,2026-01-12T02:20:00Z
Manual Upload,IMINT,IMINT Node 1600,Large dataset record for stress testing dashboard.,28.379741,77.10503,2026-01-12T02:30:00Z
Manual Upload,HUMINT,HUMINT Node 1601,Large dataset record for stress testing dashboard.,28.63624,77.142678,2026-01-12T02:40:00Z
Manual Upload,IMINT,IMINT Node 1602,Large dataset record for stress testing dashboard.,28.763946,77.411303,2026-01-12T02:50:00Z
OSINT-MOCK,OSINT,OSINT Node 1603,Large dataset record for stress testing dashboard.,28.314476,77.385767,2026-01-12T03:00:00Z
Manual Upload,HUMINT,HUMINT Node 1604,Large dataset record for stress testing dashboard.,28.65591,77.210486,2026-01-12T03:10:00Z
OSINT-MOCK,OSINT,OSINT Node 1605,Large dataset record for stress testing dashboard.,28.579247,77.22365,2026-01-12T03:20:00Z
Manual Upload,IMINT,IMINT Node 1606,Large dataset record for stress testing dashboard.,28.813045,77.221469,2026-01-12T03:30:00Z
Manual Upload,HUMINT,HUMINT Node 1607,Large dataset record for stress testing dashboard.,28.889758,77.291684,2026-01-12T03:40:00Z
Manual Upload,HUMINT,HUMINT Node 1608,Large dataset record for stress testing dashboard.,28.881339,77.148577,2026-01-12T03:50:00Z
Manual Upload,HUMINT,HUMINT Node 1609,Large dataset record for stress testing dashboard.,28.778942,76.980251,2026-01-12T04:00:00Z
Manual Upload,IMINT,IMINT Node 1610,Large dataset record for stress testing dashboard.,28.748432,77.039627,2026-01-12T04:10:00Z
Manual Upload,IMINT,IMINT Node 1611,Large dataset record for stress testing dashboard.,28.422076,77.275309,2026-01-12T04:20:00Z
OSINT-MOCK,OSINT,OSINT Node 1612,Large dataset record for stress testing dashboard.,28.871997,77.394198,2026-01-12T04:30:00Z
Manual Upload,HUMINT,HUMINT Node 1613,Large dataset record for stress testing dashboard.,28.358962,77.018813,2026-01-12T04:40:00Z
OSINT-MOCK,OSINT,OSINT Node 1614,Large dataset record for stress testing dashboard.,28.728006,76.936283,2026-01-12T04:50:00Z
OSINT-MOCK,OSINT,OSINT Node 1615,Large dataset record for stress testing dashboard.,28.680941,77.228139,2026-01-12T05:00:00Z
Manual Upload,IMINT,IMINT Node 1616,Large dataset record for stress testing dashboard.,28.482743,77.200359,2026-01-12T05:10:00Z
Manual Upload,IMINT,IMINT Node 1617,Large dataset record for stress testing dashboard.,28.864122,77.250011,2026-01-12T05:20:00Z
Manual Upload,IMINT,IMINT Node 1618,Large dataset record for stress testing dashboard.,28.833405,76.963029,2026-01-12T05:30:00Z
Manual Upload,HUMINT,HUMINT Node 1619,Large dataset record for stress testing dashboard.,28.581808,77.404229,2026-01-12T05:40:00Z
Manual Upload,IMINT,IMINT Node 1620,Large dataset record for stress testing dashboard.,28.666777,77.265437,2026-01-12T05:50:00Z
OSINT-MOCK,OSINT,OSINT Node 1621,Large dataset record for stress testing dashboard.,28.480511,77.323393,2026-01-12T06:00:00Z
OSINT-MOCK,OSINT,OSINT Node 1622,Large dataset record for stress testing dashboard.,28.704913,77.217212,2026-01-12T06:10:00Z
OSINT-MOCK,OSINT,OSINT Node 1623,Large dataset record for stress testing dashboard.,28.380436,77.238732,2026-01-12T06:20:00Z
Manual Upload,HUMINT,HUMINT Node 1624,Large dataset record for stress testing dashboard.,28.445504,77.168195,2026-01-12T06:30:00Z
OSINT-MOCK,OSINT,OSINT Node 1625,Large dataset record for stress testing dashboard.,28.326462,77.321913,2026-01-12T06:40:00Z
Manual Upload,HUMINT,HUMINT Node 1626,Large dataset record for stress testing dashboard.,28.737638,76.946433,2026-01-12T06:50:00Z
Manual Upload,IMINT,IMINT Node 1627,Large dataset record for stress testing dashboard.,28.875648,77.357797,2026-01-12T07:00:00Z
OSINT-MOCK,OSINT,OSINT Node 1628,Large dataset record for stress testing dashboard.,28.515896,77.235383,2026-01-12T07:10:00Z
Manual Upload,IMINT,IMINT Node 1629,Large dataset record for stress testing dashboard.,28.837681,76.911309,2026-01-12T07:20:00Z
Manual Upload,HUMINT,HUMINT Node 1630,Large dataset record for stress testing dashboard.,28.341748,77.394768,2026-01-12T07:30:00Z
OSINT-MOCK,OSINT,OSINT Node 1631,Large dataset record for stress testing dashboard.,28.460463,77.226676,2026-01-12T07:40:00Z
Manual Upload,HUMINT,HUMINT Node 1632,Large dataset record for stress testing dashboard.,28.6438,76.910147,2026-01-12T07:50:00Z
Manual Upload,HUMINT,HUMINT Node 1633,Large dataset record for stress testing dashboard.,28.64579,77.006103,2026-01-12T08:00:00Z
Manual Upload,IMINT,IMINT Node 1634,Large dataset record for stress testing dashboard.,28.819371,77.278567,2026-01-12T08:10:00Z
OSINT-MOCK,OSINT,OSINT Node 1635,Large dataset record for stress testing dashboard.,28.780912,77.369384,2026-01-12T08:20:00Z
Manual Upload,IMINT,IMINT Node 1636,Large dataset record for stress testing dashboard.,28.349685,77.147865,2026-01-12T08:30:00Z
Manual Upload,HUMINT,HUMINT Node 1637,Large dataset record for stress testing dashboard.,28.573217,77.402581,2026-01-12T08:40:00Z
OSINT-MOCK,OSINT,OSINT Node 1638,Large dataset record for stress testing dashboard.,28.874037,77.423677,2026-01-12T08:50:00Z
OSINT-MOCK,OSINT,OSINT Node 1639,Large dataset record for stress testing dashboard.,28.820202,77.504766,2026-01-12T09:00:00Z
Manual Upload,HUMINT,HUMINT Node 1640,Large dataset record for stress testing dashboard.,28.843108,77.209961,2026-01-12T09:10:00Z
OSINT-MOCK,OSINT,OSINT Node 1641,Large dataset record for stress testing dashboard.,28.717805,77.438658,2026-01-12T09:20:00Z
Manual Upload,IMINT,IMINT Node 1642,Large dataset record for stress testing dashboard.,28.442594,77.199191,2026-01-12T09:30:00Z
OSINT-MOCK,OSINT,OSINT Node 1643,Large dataset record for stress testing dashboard.,28.363881,77.110733,2026-01-12T09:40:00Z
Manual Upload,HUMINT,HUMINT Node 1644,Large dataset record for stress testing dashboard.,28.843864,77.487085,2026-01-12T09:50:00Z
OSINT-MOCK,OSINT,OSINT Node 1645,Large dataset record for stress testing dashboard.,28.42012,77.181925,2026-01-12T10:00:00Z
OSINT-MOCK,OSINT,OSINT Node 1646,Large dataset record for stress testing dashboard.,28.574332,77.091822,2026-01-12T10:10:00Z
OSINT-MOCK,OSINT,OSINT Node 1647,Large dataset record for stress testing dashboard.,28.314392,76.953631,2026-01-12T10:20:00Z
OSINT-MOCK,OSINT,OSINT Node 1648,Large dataset record for stress testing dashboard.,28.712194,77.383661,2026-01-12T10:30:00Z
OSINT-MOCK,OSINT,OSINT Node 1649,Large dataset record for stress testing dashboard.,28.853941,77.339138,2026-01-12T10:40:00Z
Manual Upload,IMINT,IMINT Node 1650,Large dataset record for stress testing dashboard.,28.37339,77.233339,2026-01-12T10:50:00Z
OSINT-MOCK,OSINT,OSINT Node 1651,Large dataset record for stress testing dashboard.,28.752554,77.043283,2026-01-12T11:00:00Z
OSINT-MOCK,OSINT,OSINT Node 1652,Large dataset record for stress testing dashboard.,28.590552,77.269052,2026-01-12T11:10:00Z
Manual Upload,IMINT,IMINT Node 1653,Large dataset record for stress testing dashboard.,28.630913,77.10422,2026-01-12T11:20:00Z
Manual Upload,HUMINT,HUMINT Node 1654,Large dataset record for stress testing dashboard.,28.878485,76.920871,2026-01-12T11:30:00Z
OSINT-MOCK,OSINT,OSINT Node 1655,Large dataset record for stress testing dashboard.,28.609705,76.965983,2026-01-12T11:40:00Z
Manual Upload,HUMINT,HUMINT Node 1656,Large dataset record for stress testing dashboard.,28.567395,77.28649,2026-01-12T11:50:00Z
Manual Upload,IMINT,IMINT Node 1657,Large dataset record for stress testing dashboard.,28.809213,77.009229,2026-01-12T12:00:00Z
OSINT-MOCK,OSINT,OSINT Node 1658,Large dataset record for stress testing dashboard.,28.853212,77.231936,2026-01-12T12:10:00Z
OSINT-MOCK,OSINT,OSINT Node 1659,Large dataset record for stress testing dashboard.,28.82768,77.396931,2026-01-12T12:20:00Z
Manual Upload,HUMINT,HUMINT Node 1660,Large dataset record for stress testing dashboard.,28.776095,77.281702,2026-01-12T12:30:00Z
OSINT-MOCK,OSINT,OSINT Node 1661,Large dataset record for stress testing dashboard.,28.677919,77.482913,2026-01-12T12:40:00Z
OSINT-MOCK,OSINT,OSINT Node 1662,Large dataset record for stress testing dashboard.,28.590287,77.210901,2026-01-12T12:50:00Z
Manual Upload,IMINT,IMINT Node 1663,Large dataset record for stress testing dashboard.,28.525306,77.265052,2026-01-12T13:00:00Z
Manual Upload,IMINT,IMINT Node 1664,Large dataset record for stress testing dashboard.,28.825837,77.294951,2026-01-12T13:10:00Z
Manual Upload,HUMINT,HUMINT Node 1665,Large dataset record for stress testing dashboard.,28.729567,77.118966,2026-01-12T13:20:00Z
Manual Upload,IMINT,IMINT Node 1666,Large dataset record for stress testing dashboard.,28.420817,77.314334,2026-01-12T13:30:00Z
Manual Upload,HUMINT,HUMINT Node 1667,Large dataset record for stress testing dashboard.,28.807045,76.999405,2026-01-12T13:40:00Z
Manual Upload,HUMINT,HUMINT Node 1668,Large dataset record for stress testing dashboard.,28.540022,77.326559,2026-01-12T13:50:00Z
Manual Upload,IMINT,IMINT Node 1669,Large dataset record for stress testing dashboard.,28.63422,77.367232,2026-01-12T14:00:00Z
OSINT-MOCK,OSINT,OSINT Node 1670,Large dataset record for stress testing dashboard.,28.835827,77.253848,2026-01-12T14:10:00Z
Manual Upload,HUMINT,HUMINT Node 1671,Large dataset record for stress testing dashboard.,28.396919,77.17793,2026-01-12T14:20:00Z
OSINT-MOCK,OSINT,OSINT Node 1672,Large dataset record for stress testing dashboard.,28.683946,77.264906,2026-01-12T14:30:00Z
Manual Upload,HUMINT,HUMINT Node 1673,Large dataset record for stress testing dashboard.,28.519957,77.043109,2026-01-12T14:40:00Z
OSINT-MOCK,OSINT,OSINT Node 1674,Large dataset record for stress testing dashboard.,28.716597,77.285965,2026-01-12T14:50:00Z
OSINT-MOCK,OSINT,OSINT Node 1675,Large dataset record for stress testing dashboard.,28.772298,77.351904,2026-01-12T15:00:00Z
Manual Upload,HUMINT,HUMINT Node 1676,Large dataset record for stress testing dashboard.,28.661499,77.273698,2026-01-12T15:10:00Z
Manual Upload,IMINT,IMINT Node 1677,Large dataset record for stress testing dashboard.,28.47477,77.194108,2026-01-12T15:20:00Z
Manual Upload,HUMINT,HUMINT Node 1678,Large dataset record for stress testing dashboard.,28.561103,77.263159,2026-01-12T15:30:00Z
Manual Upload,IMINT,IMINT Node 1679,Large dataset record for stress testing dashboard.,28.351657,77.171724,2026-01-12T15:40:00Z
OSINT-MOCK,OSINT,OSINT Node 1680,Large dataset record for stress testing dashboard.,28.551714,76.921956,2026-01-12T15:50:00Z
Manual Upload,HUMINT,HUMINT Node 1681,Large dataset record for stress testing dashboard.,28.645847,77.266173,2026-01-12T16:00:00Z
Manual Upload,IMINT,IMINT Node 1682,Large dataset record for stress testing dashboard.,28.725501,77.207818,2026-01-12T16:10:00Z
Manual Upload,IMINT,IMINT Node 1683,Large dataset record for stress testing dashboard.,28.525066,77.279684,2026-01-12T16:20:00Z
Manual Upload,IMINT,IMINT Node 1684,Large dataset record for stress testing dashboard.,28.484436,77.07448,2026-01-12T16:30:00Z
Manual Upload,IMINT,IMINT Node 1685,Large dataset record for stress testing dashboard.,28.430025,77.273958,2026-01-12T16:40:00Z
Manual Upload,HUMINT,HUMINT Node 1686,Large dataset record for stress testing dashboard.,28.822088,76.976527,2026-01-12T16:50:00Z
Manual Upload,IMINT,IMINT Node 1687,Large dataset record for stress testing dashboard.,28.459419,77.412337,2026-01-12T17:00:00Z
Manual Upload,HUMINT,HUMINT Node 1688,Large dataset record for stress testing dashboard.,28.880134,77.115018,2026-01-12T17:10:00Z
Manual Upload,IMINT,IMINT Node 1689,Large dataset record for stress testing dashboard.,28.753746,77.230861,2026-01-12T17:20:00Z
Manual Upload,IMINT,IMINT Node 1690,Large dataset record for stress testing dashboard.,28.377991,77.137492,2026-01-12T17:30:00Z
Manual Upload,HUMINT,HUMINT Node 1691,Large dataset record for stress testing dashboard.,28.634123,77.068133,2026-01-12T17:40:00Z
Manual Upload,IMINT,IMINT Node 1692,Large dataset record for stress testing dashboard.,28.319826,77.271957,2026-01-12T17:50:00Z
OSINT-MOCK,OSINT,OSINT Node 1693,Large dataset record for stress testing dashboard.,28.697906,77.392722,2026-01-12T18:00:00Z
OSINT-MOCK,OSINT,OSINT Node 1694,Large dataset record for stress testing dashboard.,28.5099,77.011541,2026-01-12T18:10:00Z
Manual Upload,HUMINT,HUMINT Node 1695,Large dataset record for stress testing dashboard.,28.412316,76.992725,2026-01-12T18:20:00Z
Manual Upload,IMINT,IMINT Node 1696,Large dataset record for stress testing dashboard.,28.337351,77.149129,2026-01-12T18:30:00Z
Manual Upload,IMINT,IMINT Node 1697,Large dataset record for stress testing dashboard.,28.674998,76.945724,2026-01-12T18:40:00Z
Manual Upload,HUMINT,HUMINT Node 1698,Large dataset record for stress testing dashboard.,28.421385,77.229785,2026-01-12T18:50:00Z
OSINT-MOCK,OSINT,OSINT Node 1699,Large dataset record for stress testing dashboard.,28.529042,76.971625,2026-01-12T19:00:00Z
Manual Upload,IMINT,IMINT Node 1700,Large dataset record for stress testing dashboard.,28.314227,77.435356,2026-01-12T19:10:00Z
OSINT-MOCK,OSINT,OSINT Node 1701,Large dataset record for stress testing dashboard.,28.647227,77.43396,2026-01-12T19:20:00Z
Manual Upload,IMINT,IMINT Node 1702,Large dataset record for stress testing dashboard.,28.511828,77.092073,2026-01-12T19:30:00Z
Manual Upload,IMINT,IMINT Node 1703,Large dataset record for stress testing dashboard.,28.644539,77.280313,2026-01-12T19:40:00Z
Manual Upload,IMINT,IMINT Node 1704,Large dataset record for stress testing dashboard.,28.598136,77.409045,2026-01-12T19:50:00Z
Manual Upload,HUMINT,HUMINT Node 1705,Large dataset record for stress testing dashboard.,28.910806,77.240999,2026-01-12T20:00:00Z
OSINT-MOCK,OSINT,OSINT Node 1706,Large dataset record for stress testing dashboard.,28.904449,77.050937,2026-01-12T20:10:00Z
Manual Upload,HUMINT,HUMINT Node 1707,Large dataset record for stress testing dashboard.,28.869173,77.177247,2026-01-12T20:20:00Z
OSINT-MOCK,OSINT,OSINT Node 1708,Large dataset record for stress testing dashboard.,28.863019,76.937346,2026-01-12T20:30:00Z
Manual Upload,HUMINT,HUMINT Node 1709,Large dataset record for stress testing dashboard.,28.341455,77.115948,2026-01-12T20:40:00Z
Manual Upload,IMINT,IMINT Node 1710,Large dataset record for stress testing dashboard.,28.769763,77.150978,2026-01-12T20:50:00Z
Manual Upload,HUMINT,HUMINT Node 1711,Large dataset record for stress testing dashboard.,28.847063,77.376133,2026-01-12T21:00:00Z
Manual Upload,HUMINT,HUMINT Node 1712,Large dataset record for stress testing dashboard.,28.70093,76.919372,2026-01-12T21:10:00Z
Manual Upload,HUMINT,HUMINT Node 1713,Large dataset record for stress testing dashboard.,28.546342,76.967255,2026-01-12T21:20:00Z
Manual Upload,HUMINT,HUMINT Node 1714,Large dataset record for stress testing dashboard.,28.774252,77.023949,2026-01-12T21:30:00Z
Manual Upload,HUMINT,HUMINT Node 1715,Large dataset record for stress testing dashboard.,28.901149,77.30798,2026-01-12T21:40:00Z
Manual Upload,IMINT,IMINT Node 1716,Large dataset record for stress testing dashboard.,28.573096,77.250689,2026-01-12T21:50:00Z
OSINT-MOCK,OSINT,OSINT Node 1717,Large dataset record for stress testing dashboard.,28.770602,77.457388,2026-01-12T22:00:00Z
OSINT-MOCK,OSINT,OSINT Node 1718,Large dataset record for stress testing dashboard.,28.706077,77.227492,2026-01-12T22:10:00Z
OSINT-MOCK,OSINT,OSINT Node 1719,Large dataset record for stress testing dashboard.,28.562567,77.294643,2026-01-12T22:20:00Z
OSINT-MOCK,OSINT,OSINT Node 1720,Large dataset record for stress testing dashboard.,28.332638,77.287614,2026-01-12T22:30:00Z
OSINT-MOCK,OSINT,OSINT Node 1721,Large dataset record for stress testing dashboard.,28.570536,77.442133,2026-01-12T22:40:00Z
Manual Upload,HUMINT,HUMINT Node 1722,Large dataset record for stress testing dashboard.,28.342463,77.07183,2026-01-12T22:50:00Z
OSINT-MOCK,OSINT,OSINT Node 1723,Large dataset record for stress testing dashboard.,28.49571,77.490357,2026-01-12T23:00:00Z
Manual Upload,HUMINT,HUMINT Node 1724,Large dataset record for stress testing dashboard.,28.674772,77.471885,2026-01-12T23:10:00Z
Manual Upload,HUMINT,HUMINT Node 1725,Large dataset record for stress testing dashboard.,28.604269,77.308159,2026-01-12T23:20:00Z
Manual Upload,HUMINT,HUMINT Node 1726,Large dataset record for stress testing dashboard.,28.649076,77.466475,2026-01-12T23:30:00Z
Manual Upload,HUMINT,HUMINT Node 1727,Large dataset record for stress testing dashboard.,28.412801,77.472999,2026-01-12T23:40:00Z
OSINT-MOCK,OSINT,OSINT Node 1728,Large dataset record for stress testing dashboard.,28.398958,77.375871,2026-01-12T23:50:00Z
Manual Upload,IMINT,IMINT Node 1729,Large dataset record for stress testing dashboard.,28.508064,77.115516,2026-01-13T00:00:00Z
Manual Upload,HUMINT,HUMINT Node 1730,Large dataset record for stress testing dashboard.,28.575613,77.195612,2026-01-13T00:10:00Z
OSINT-MOCK,OSINT,OSINT Node 1731,Large dataset record for stress testing dashboard.,28.873363,77.369871,2026-01-13T00:20:00Z
Manual Upload,IMINT,IMINT Node 1732,Large dataset record for stress testing dashboard.,28.877264,77.01748,2026-01-13T00:30:00Z
Manual Upload,IMINT,IMINT Node 1733,Large dataset record for stress testing dashboard.,28.318649,77.050547,2026-01-13T00:40:00Z
OSINT-MOCK,OSINT,OSINT Node 1734,Large dataset record for stress testing dashboard.,28.70241,77.085937,2026-01-13T00:50:00Z
Manual Upload,HUMINT,HUMINT Node 1735,Large dataset record for stress testing dashboard.,28.469072,77.093382,2026-01-13T01:00:00Z
Manual Upload,HUMINT,HUMINT Node 1736,Large dataset record for stress testing dashboard.,28.496044,77.082144,2026-01-13T01:10:00Z
Manual Upload,HUMINT,HUMINT Node 1737,Large dataset record for stress testing dashboard.,28.537319,77.042702,2026-01-13T01:20:00Z
OSINT-MOCK,OSINT,OSINT Node 1738,Large dataset record for stress testing dashboard.,28.509655,76.966833,2026-01-13T01:30:00Z
Manual Upload,HUMINT,HUMINT Node 1739,Large dataset record for stress testing dashboard.,28.634527,77.096524,2026-01-13T01:40:00Z
Manual Upload,HUMINT,HUMINT Node 1740,Large dataset record for stress testing dashboard.,28.812162,77.490669,2026-01-13T01:50:00Z
OSINT-MOCK,OSINT,OSINT Node 1741,Large dataset record for stress testing dashboard.,28.51371,77.117619,2026-01-13T02:00:00Z
Manual Upload,IMINT,IMINT Node 1742,Large dataset record for stress testing dashboard.,28.413634,77.40634,2026-01-13T02:10:00Z
Manual Upload,HUMINT,HUMINT Node 1743,Large dataset record for stress testing dashboard.,28.347714,77.353613,2026-01-13T02:20:00Z
OSINT-MOCK,OSINT,OSINT Node 1744,Large dataset record for stress testing dashboard.,28.390535,77.019901,2026-01-13T02:30:00Z
Manual Upload,IMINT,IMINT Node 1745,Large dataset record for stress testing dashboard.,28.872211,76.949794,2026-01-13T02:40:00Z
Manual Upload,IMINT,IMINT Node 1746,Large dataset record for stress testing dashboard.,28.78138,77.051097,2026-01-13T02:50:00Z
Manual Upload,HUMINT,HUMINT Node 1747,Large dataset record for stress testing dashboard.,28.399812,77.490946,2026-01-13T03:00:00Z
Manual Upload,IMINT,IMINT Node 1748,Large dataset record for stress testing dashboard.,28.408132,77.372441,2026-01-13T03:10:00Z
Manual Upload,IMINT,IMINT Node 1749,Large dataset record for stress testing dashboard.,28.699423,77.347904,2026-01-13T03:20:00Z
Manual Upload,IMINT,IMINT Node 1750,Large dataset record for stress testing dashboard.,28.521803,77.101591,2026-01-13T03:30:00Z
OSINT-MOCK,OSINT,OSINT Node 1751,Large dataset record for stress testing dashboard.,28.506637,77.103834,2026-01-13T03:40:00Z
Manual Upload,IMINT,IMINT Node 1752,Large dataset record for stress testing dashboard.,28.664574,77.092164,2026-01-13T03:50:00Z
Manual Upload,HUMINT,HUMINT Node 1753,Large dataset record for stress testing dashboard.,28.818919,76.992966,2026-01-13T04:00:00Z
Manual Upload,IMINT,IMINT Node 1754,Large dataset record for stress testing dashboard.,28.374742,76.978394,2026-01-13T04:10:00Z
OSINT-MOCK,OSINT,OSINT Node 1755,Large dataset record for stress testing dashboard.,28.510515,77.129946,2026-01-13T04:20:00Z
OSINT-MOCK,OSINT,OSINT Node 1756,Large dataset record for stress testing dashboard.,28.583076,76.941843,2026-01-13T04:30:00Z
Manual Upload,HUMINT,HUMINT Node 1757,Large dataset record for stress testing dashboard.,28.631356,77.291039,2026-01-13T04:40:00Z
Manual Upload,HUMINT,HUMINT Node 1758,Large dataset record for stress testing dashboard.,28.499008,76.964648,2026-01-13T04:50:00Z
OSINT-MOCK,OSINT,OSINT Node 1759,Large dataset record for stress testing dashboard.,28.586365,77.070547,2026-01-13T05:00:00Z
Manual Upload,HUMINT,HUMINT Node 1760,Large dataset record for stress testing dashboard.,28.772711,77.292177,2026-01-13T05:10:00Z
Manual Upload,IMINT,IMINT Node 1761,Large dataset record for stress testing dashboard.,28.777326,77.087538,2026-01-13T05:20:00Z
Manual Upload,HUMINT,HUMINT Node 1762,Large dataset record for stress testing dashboard.,28.75298,77.420905,2026-01-13T05:30:00Z
Manual Upload,HUMINT,HUMINT Node 1763,Large dataset record for stress testing dashboard.,28.381181,77.382682,2026-01-13T05:40:00Z
Manual Upload,IMINT,IMINT Node 1764,Large dataset record for stress testing dashboard.,28.385349,77.257349,2026-01-13T05:50:00Z
OSINT-MOCK,OSINT,OSINT Node 1765,Large dataset record for stress testing dashboard.,28.797367,77.251646,2026-01-13T06:00:00Z
Manual Upload,IMINT,IMINT Node 1766,Large dataset record for stress testing dashboard.,28.469874,77.417443,2026-01-13T06:10:00Z
Manual Upload,HUMINT,HUMINT Node 1767,Large dataset record for stress testing dashboard.,28.435805,77.109022,2026-01-13T06:20:00Z
OSINT-MOCK,OSINT,OSINT Node 1768,Large dataset record for stress testing dashboard.,28.620227,76.927171,2026-01-13T06:30:00Z
OSINT-MOCK,OSINT,OSINT Node 1769,Large dataset record for stress testing dashboard.,28.388787,77.039664,2026-01-13T06:40:00Z
OSINT-MOCK,OSINT,OSINT Node 1770,Large dataset record for stress testing dashboard.,28.838208,76.950189,2026-01-13T06:50:00Z
Manual Upload,IMINT,IMINT Node 1771,Large dataset record for stress testing dashboard.,28.457688,77.295586,2026-01-13T07:00:00Z
OSINT-MOCK,OSINT,OSINT Node 1772,Large dataset record for stress testing dashboard.,28.902142,77.165274,2026-01-13T07:10:00Z
OSINT-MOCK,OSINT,OSINT Node 1773,Large dataset record for stress testing dashboard.,28.621688,77.212617,2026-01-13T07:20:00Z
Manual Upload,HUMINT,HUMINT Node 1774,Large dataset record for stress testing dashboard.,28.801151,77.24309,2026-01-13T07:30:00Z
Manual Upload,HUMINT,HUMINT Node 1775,Large dataset record for stress testing dashboard.,28.790542,77.196951,2026-01-13T07:40:00Z
Manual Upload,IMINT,IMINT Node 1776,Large dataset record for stress testing dashboard.,28.43168,77.080145,2026-01-13T07:50:00Z
OSINT-MOCK,OSINT,OSINT Node 1777,Large dataset record for stress testing dashboard.,28.574777,77.098582,2026-01-13T08:00:00Z
Manual Upload,IMINT,IMINT Node 1778,Large dataset record for stress testing dashboard.,28.501977,76.982336,2026-01-13T08:10:00Z
Manual Upload,IMINT,IMINT Node 1779,Large dataset record for stress testing dashboard.,28.497338,77.105029,2026-01-13T08:20:00Z
OSINT-MOCK,OSINT,OSINT Node 1780,Large dataset record for stress testing dashboard.,28.441524,77.105463,2026-01-13T08:30:00Z
Manual Upload,IMINT,IMINT Node 1781,Large dataset record for stress testing dashboard.,28.603479,77.392466,2026-01-13T08:40:00Z
OSINT-MOCK,OSINT,OSINT Node 1782,Large dataset record for stress testing dashboard.,28.343902,77.21613,2026-01-13T08:50:00Z
OSINT-MOCK,OSINT,OSINT Node 1783,Large dataset record for stress testing dashboard.,28.527644,77.320335,2026-01-13T09:00:00Z
Manual Upload,HUMINT,HUMINT Node 1784,Large dataset record for stress testing dashboard.,28.489422,77.430614,2026-01-13T09:10:00Z
Manual Upload,IMINT,IMINT Node 1785,Large dataset record for stress testing dashboard.,28.366473,77.196514,2026-01-13T09:20:00Z
Manual Upload,HUMINT,HUMINT Node 1786,Large dataset record for stress testing dashboard.,28.54124,77.006551,2026-01-13T09:30:00Z
Manual Upload,HUMINT,HUMINT Node 1787,Large dataset record for stress testing dashboard.,28.66721,76.948183,2026-01-13T09:40:00Z
OSINT-MOCK,OSINT,OSINT Node 1788,Large dataset record for stress testing dashboard.,28.44859,77.39718,2026-01-13T09:50:00Z
Manual Upload,HUMINT,HUMINT Node 1789,Large dataset record for stress testing dashboard.,28.666496,77.254355,2026-01-13T10:00:00Z
Manual Upload,HUMINT,HUMINT Node 1790,Large dataset record for stress testing dashboard.,28.691363,77.167007,2026-01-13T10:10:00Z
Manual Upload,IMINT,IMINT Node 1791,Large dataset record for stress testing dashboard.,28.345495,77.261525,2026-01-13T10:20:00Z
OSINT-MOCK,OSINT,OSINT Node 1792,Large dataset record for stress testing dashboard.,28.788078,77.322696,2026-01-13T10:30:00Z
Manual Upload,HUMINT,HUMINT Node 1793,Large dataset record for stress testing dashboard.,28.342835,77.266346,2026-01-13T10:40:00Z
Manual Upload,IMINT,IMINT Node 1794,Large dataset record for stress testing dashboard.,28.601714,77.255464,2026-01-13T10:50:00Z
Manual Upload,IMINT,IMINT Node 1795,Large dataset record for stress testing dashboard.,28.857453,77.408596,2026-01-13T11:00:00Z
Manual Upload,IMINT,IMINT Node 1796,Large dataset record for stress testing dashboard.,28.739222,77.007235,2026-01-13T11:10:00Z
Manual Upload,IMINT,IMINT Node 1797,Large dataset record for stress testing dashboard.,28.364891,77.265671,2026-01-13T11:20:00Z
OSINT-MOCK,OSINT,OSINT Node 1798,Large dataset record for stress testing dashboard.,28.62714,77.451761,2026-01-13T11:30:00Z
Manual Upload,IMINT,IMINT Node 1799,Large dataset record for stress testing dashboard.,28.704231,77.142917,2026-01-13T11:40:00Z
Manual Upload,HUMINT,HUMINT Node 1800,Large dataset record for stress testing dashboard.,28.87663,77.374887,2026-01-13T11:50:00Z
Manual Upload,IMINT,IMINT Node 1801,Large dataset record for stress testing dashboard.,28.685452,77.472498,2026-01-13T12:00:00Z
Manual Upload,HUMINT,HUMINT Node 1802,Large dataset record for stress testing dashboard.,28.682943,77.183693,2026-01-13T12:10:00Z
Manual Upload,HUMINT,HUMINT Node 1803,Large dataset record for stress testing dashboard.,28.576724,77.245624,2026-01-13T12:20:00Z
Manual Upload,HUMINT,HUMINT Node 1804,Large dataset record for stress testing dashboard.,28.808231,77.4429,2026-01-13T12:30:00Z
Manual Upload,IMINT,IMINT Node 1805,Large dataset record for stress testing dashboard.,28.694966,77.251609,2026-01-13T12:40:00Z
OSINT-MOCK,OSINT,OSINT Node 1806,Large dataset record for stress testing dashboard.,28.389751,77.219988,2026-01-13T12:50:00Z
OSINT-MOCK,OSINT,OSINT Node 1807,Large dataset record for stress testing dashboard.,28.819452,76.939805,2026-01-13T13:00:00Z
Manual Upload,HUMINT,HUMINT Node 1808,Large dataset record for stress testing dashboard.,28.356774,77.356115,2026-01-13T13:10:00Z
Manual Upload,IMINT,IMINT Node 1809,Large dataset record for stress testing dashboard.,28.752577,77.274522,2026-01-13T13:20:00Z
OSINT-MOCK,OSINT,OSINT Node 1810,Large dataset record for stress testing dashboard.,28.821337,77.412155,2026-01-13T13:30:00Z
Manual Upload,IMINT,IMINT Node 1811,Large dataset record for stress testing dashboard.,28.493444,77.233269,2026-01-13T13:40:00Z
OSINT-MOCK,OSINT,OSINT Node 1812,Large dataset record for stress testing dashboard.,28.678962,77.424927,2026-01-13T13:50:00Z
Manual Upload,IMINT,IMINT Node 1813,Large dataset record for stress testing dashboard.,28.591173,77.464738,2026-01-13T14:00:00Z
Manual Upload,HUMINT,HUMINT Node 1814,Large dataset record for stress testing dashboard.,28.631373,77.458542,2026-01-13T14:10:00Z
Manual Upload,HUMINT,HUMINT Node 1815,Large dataset record for stress testing dashboard.,28.869164,77.395531,2026-01-13T14:20:00Z
Manual Upload,HUMINT,HUMINT Node 1816,Large dataset record for stress testing dashboard.,28.790783,77.032666,2026-01-13T14:30:00Z
Manual Upload,HUMINT,HUMINT Node 1817,Large dataset record for stress testing dashboard.,28.77023,77.004926,2026-01-13T14:40:00Z
OSINT-MOCK,OSINT,OSINT Node 1818,Large dataset record for stress testing dashboard.,28.903126,76.971887,2026-01-13T14:50:00Z
OSINT-MOCK,OSINT,OSINT Node 1819,Large dataset record for stress testing dashboard.,28.749572,77.291917,2026-01-13T15:00:00Z
Manual Upload,HUMINT,HUMINT Node 1820,Large dataset record for stress testing dashboard.,28.630798,77.114031,2026-01-13T15:10:00Z
OSINT-MOCK,OSINT,OSINT Node 1821,Large dataset record for stress testing dashboard.,28.823253,76.977446,2026-01-13T15:20:00Z
Manual Upload,HUMINT,HUMINT Node 1822,Large dataset record for stress testing dashboard.,28.660773,77.274853,2026-01-13T15:30:00Z
Manual Upload,HUMINT,HUMINT Node 1823,Large dataset record for stress testing dashboard.,28.814475,76.956872,2026-01-13T15:40:00Z
OSINT-MOCK,OSINT,OSINT Node 1824,Large dataset record for stress testing dashboard.,28.659763,77.441505,2026-01-13T15:50:00Z
Manual Upload,IMINT,IMINT Node 1825,Large dataset record for stress testing dashboard.,28.756633,77.279317,2026-01-13T16:00:00Z
OSINT-MOCK,OSINT,OSINT Node 1826,Large dataset record for stress testing dashboard.,28.657615,77.416554,2026-01-13T16:10:00Z
Manual Upload,HUMINT,HUMINT Node 1827,Large dataset record for stress testing dashboard.,28.581077,77.255255,2026-01-13T16:20:00Z
Manual Upload,HUMINT,HUMINT Node 1828,Large dataset record for stress testing dashboard.,28.503274,77.245164,2026-01-13T16:30:00Z
OSINT-MOCK,OSINT,OSINT Node 1829,Large dataset record for stress testing dashboard.,28.868667,77.260121,2026-01-13T16:40:00Z
Manual Upload,IMINT,IMINT Node 1830,Large dataset record for stress testing dashboard.,28.807768,77.133201,2026-01-13T16:50:00Z
Manual Upload,IMINT,IMINT Node 1831,Large dataset record for stress testing dashboard.,28.811335,77.096849,2026-01-13T17:00:00Z
Manual Upload,IMINT,IMINT Node 1832,Large dataset record for stress testing dashboard.,28.636977,76.921401,2026-01-13T17:10:00Z
Manual Upload,IMINT,IMINT Node 1833,Large dataset record for stress testing dashboard.,28.592708,77.358401,2026-01-13T17:20:00Z
Manual Upload,HUMINT,HUMINT Node 1834,Large dataset record for stress testing dashboard.,28.50495,76.984922,2026-01-13T17:30:00Z
OSINT-MOCK,OSINT,OSINT Node 1835,Large dataset record for stress testing dashboard.,28.325885,77.355648,2026-01-13T17:40:00Z
OSINT-MOCK,OSINT,OSINT Node 1836,Large dataset record for stress testing dashboard.,28.659304,77.381359,2026-01-13T17:50:00Z
Manual Upload,IMINT,IMINT Node 1837,Large dataset record for stress testing dashboard.,28.320161,77.484116,2026-01-13T18:00:00Z
Manual Upload,HUMINT,HUMINT Node 1838,Large dataset record for stress testing dashboard.,28.38929,77.253103,2026-01-13T18:10:00Z
Manual Upload,HUMINT,HUMINT Node 1839,Large dataset record for stress testing dashboard.,28.498324,77.296791,2026-01-13T18:20:00Z
Manual Upload,HUMINT,HUMINT Node 1840,Large dataset record for stress testing dashboard.,28.523637,77.05501,2026-01-13T18:30:00Z
Manual Upload,IMINT,IMINT Node 1841,Large dataset record for stress testing dashboard.,28.339258,76.944442,2026-01-13T18:40:00Z
OSINT-MOCK,OSINT,OSINT Node 1842,Large dataset record for stress testing dashboard.,28.510754,77.230007,2026-01-13T18:50:00Z
OSINT-MOCK,OSINT,OSINT Node 1843,Large dataset record for stress testing dashboard.,28.827251,77.339307,2026-01-13T19:00:00Z
OSINT-MOCK,OSINT,OSINT Node 1844,Large dataset record for stress testing dashboard.,28.483944,76.945598,2026-01-13T19:10:00Z
OSINT-MOCK,OSINT,OSINT Node 1845,Large dataset record for stress testing dashboard.,28.493502,77.33778,2026-01-13T19:20:00Z
Manual Upload,IMINT,IMINT Node 1846,Large dataset record for stress testing dashboard.,28.554177,77.452466,2026-01-13T19:30:00Z
OSINT-MOCK,OSINT,OSINT Node 1847,Large dataset record for stress testing dashboard.,28.790945,77.227558,2026-01-13T19:40:00Z
Manual Upload,HUMINT,HUMINT Node 1848,Large dataset record for stress testing dashboard.,28.541369,77.150234,2026-01-13T19:50:00Z
Manual Upload,IMINT,IMINT Node 1849,Large dataset record for stress testing dashboard.,28.36122,77.323124,2026-01-13T20:00:00Z
OSINT-MOCK,OSINT,OSINT Node 1850,Large dataset record for stress testing dashboard.,28.746275,77.149566,2026-01-13T20:10:00Z
Manual Upload,IMINT,IMINT Node 1851,Large dataset record for stress testing dashboard.,28.439291,77.054197,2026-01-13T20:20:00Z
Manual Upload,HUMINT,HUMINT Node 1852,Large dataset record for stress testing dashboard.,28.350112,76.913269,2026-01-13T20:30:00Z
Manual Upload,HUMINT,HUMINT Node 1853,Large dataset record for stress testing dashboard.,28.640632,77.494257,2026-01-13T20:40:00Z
Manual Upload,HUMINT,HUMINT Node 1854,Large dataset record for stress testing dashboard.,28.368109,77.288721,2026-01-13T20:50:00Z
Manual Upload,IMINT,IMINT Node 1855,Large dataset record for stress testing dashboard.,28.584118,77.056786,2026-01-13T21:00:00Z
Manual Upload,HUMINT,HUMINT Node 1856,Large dataset record for stress testing dashboard.,28.514487,77.1405,2026-01-13T21:10:00Z
OSINT-MOCK,OSINT,OSINT Node 1857,Large dataset record for stress testing dashboard.,28.457545,77.201406,2026-01-13T21:20:00Z
OSINT-MOCK,OSINT,OSINT Node 1858,Large dataset record for stress testing dashboard.,28.528141,77.382912,2026-01-13T21:30:00Z
Manual Upload,HUMINT,HUMINT Node 1859,Large dataset record for stress testing dashboard.,28.374657,77.083106,2026-01-13T21:40:00Z
Manual Upload,IMINT,IMINT Node 1860,Large dataset record for stress testing dashboard.,28.887811,77.277067,2026-01-13T21:50:00Z
OSINT-MOCK,OSINT,OSINT Node 1861,Large dataset record for stress testing dashboard.,28.394314,77.213835,2026-01-13T22:00:00Z
OSINT-MOCK,OSINT,OSINT Node 1862,Large dataset record for stress testing dashboard.,28.596822,77.018026,2026-01-13T22:10:00Z
Manual Upload,HUMINT,HUMINT Node 1863,Large dataset record for stress testing dashboard.,28.827056,77.235821,2026-01-13T22:20:00Z
Manual Upload,HUMINT,HUMINT Node 1864,Large dataset record for stress testing dashboard.,28.911961,77.299094,2026-01-13T22:30:00Z
Manual Upload,HUMINT,HUMINT Node 1865,Large dataset record for stress testing dashboard.,28.316712,77.457468,2026-01-13T22:40:00Z
Manual Upload,HUMINT,HUMINT Node 1866,Large dataset record for stress testing dashboard.,28.420154,76.958324,2026-01-13T22:50:00Z
Manual Upload,IMINT,IMINT Node 1867,Large dataset record for stress testing dashboard.,28.467755,77.3992,2026-01-13T23:00:00Z
OSINT-MOCK,OSINT,OSINT Node 1868,Large dataset record for stress testing dashboard.,28.561225,76.929977,2026-01-13T23:10:00Z
Manual Upload,HUMINT,HUMINT Node 1869,Large dataset record for stress testing dashboard.,28.687971,77.326941,2026-01-13T23:20:00Z
Manual Upload,IMINT,IMINT Node 1870,Large dataset record for stress testing dashboard.,28.694664,77.031843,2026-01-13T23:30:00Z
Manual Upload,HUMINT,HUMINT Node 1871,Large dataset record for stress testing dashboard.,28.837215,77.289888,2026-01-13T23:40:00Z
Manual Upload,HUMINT,HUMINT Node 1872,Large dataset record for stress testing dashboard.,28.559657,77.068361,2026-01-13T23:50:00Z
Manual Upload,IMINT,IMINT Node 1873,Large dataset record for stress testing dashboard.,28.891901,76.931484,2026-01-14T00:00:00Z
Manual Upload,HUMINT,HUMINT Node 1874,Large dataset record for stress testing dashboard.,28.65003,76.909733,2026-01-14T00:10:00Z
OSINT-MOCK,OSINT,OSINT Node 1875,Large dataset record for stress testing dashboard.,28.901978,76.913964,2026-01-14T00:20:00Z
OSINT-MOCK,OSINT,OSINT Node 1876,Large dataset record for stress testing dashboard.,28.605864,77.034118,2026-01-14T00:30:00Z
OSINT-MOCK,OSINT,OSINT Node 1877,Large dataset record for stress testing dashboard.,28.874076,77.214466,2026-01-14T00:40:00Z
Manual Upload,HUMINT,HUMINT Node 1878,Large dataset record for stress testing dashboard.,28.471878,77.064498,2026-01-14T00:50:00Z
Manual Upload,IMINT,IMINT Node 1879,Large dataset record for stress testing dashboard.,28.585873,77.226321,2026-01-14T01:00:00Z
OSINT-MOCK,OSINT,OSINT Node 1880,Large dataset record for stress testing dashboard.,28.45185,77.099193,2026-01-14T01:10:00Z
Manual Upload,IMINT,IMINT Node 1881,Large dataset record for stress testing dashboard.,28.869839,77.254207,2026-01-14T01:20:00Z
Manual Upload,HUMINT,HUMINT Node 1882,Large dataset record for stress testing dashboard.,28.792273,77.160033,2026-01-14T01:30:00Z
Manual Upload,IMINT,IMINT Node 1883,Large dataset record for stress testing dashboard.,28.469977,77.362703,2026-01-14T01:40:00Z
Manual Upload,IMINT,IMINT Node 1884,Large dataset record for stress testing dashboard.,28.83006,77.285018,2026-01-14T01:50:00Z
OSINT-MOCK,OSINT,OSINT Node 1885,Large dataset record for stress testing dashboard.,28.86582,77.250801,2026-01-14T02:00:00Z
Manual Upload,HUMINT,HUMINT Node 1886,Large dataset record for stress testing dashboard.,28.617294,77.367119,2026-01-14T02:10:00Z
Manual Upload,HUMINT,HUMINT Node 1887,Large dataset record for stress testing dashboard.,28.876991,77.214489,2026-01-14T02:20:00Z
Manual Upload,HUMINT,HUMINT Node 1888,Large dataset record for stress testing dashboard.,28.836601,77.361639,2026-01-14T02:30:00Z
Manual Upload,HUMINT,HUMINT Node 1889,Large dataset record for stress testing dashboard.,28.381031,77.333147,2026-01-14T02:40:00Z
OSINT-MOCK,OSINT,OSINT Node 1890,Large dataset record for stress testing dashboard.,28.636483,77.444654,2026-01-14T02:50:00Z
Manual Upload,HUMINT,HUMINT Node 1891,Large dataset record for stress testing dashboard.,28.821415,76.982972,2026-01-14T03:00:00Z
Manual Upload,HUMINT,HUMINT Node 1892,Large dataset record for stress testing dashboard.,28.84686,76.921764,2026-01-14T03:10:00Z
OSINT-MOCK,OSINT,OSINT Node 1893,Large dataset record for stress testing dashboard.,28.797526,77.484913,2026-01-14T03:20:00Z
Manual Upload,HUMINT,HUMINT Node 1894,Large dataset record for stress testing dashboard.,28.787202,77.363535,2026-01-14T03:30:00Z
OSINT-MOCK,OSINT,OSINT Node 1895,Large dataset record for stress testing dashboard.,28.779296,77.3684,2026-01-14T03:40:00Z
Manual Upload,IMINT,IMINT Node 1896,Large dataset record for stress testing dashboard.,28.435757,77.477267,2026-01-14T03:50:00Z
OSINT-MOCK,OSINT,OSINT Node 1897,Large dataset record for stress testing dashboard.,28.616226,77.22263,2026-01-14T04:00:00Z
Manual Upload,HUMINT,HUMINT Node 1898,Large dataset record for stress testing dashboard.,28.618254,77.032328,2026-01-14T04:10:00Z
Manual Upload,IMINT,IMINT Node 1899,Large dataset record for stress testing dashboard.,28.579812,77.357448,2026-01-14T04:20:00Z
Manual Upload,HUMINT,HUMINT Node 1900,Large dataset record for stress testing dashboard.,28.447367,77.049422,2026-01-14T04:30:00Z
OSINT-MOCK,OSINT,OSINT Node 1901,Large dataset record for stress testing dashboard.,28.484279,77.193938,2026-01-14T04:40:00Z
Manual Upload,IMINT,IMINT Node 1902,Large dataset record for stress testing dashboard.,28.81154,76.965576,2026-01-14T04:50:00Z
OSINT-MOCK,OSINT,OSINT Node 1903,Large dataset record for stress testing dashboard.,28.318957,76.916474,2026-01-14T05:00:00Z
Manual Upload,IMINT,IMINT Node 1904,Large dataset record for stress testing dashboard.,28.879148,77.118464,2026-01-14T05:10:00Z
OSINT-MOCK,OSINT,OSINT Node 1905,Large dataset record for stress testing dashboard.,28.809443,77.433009,2026-01-14T05:20:00Z
OSINT-MOCK,OSINT,OSINT Node 1906,Large dataset record for stress testing dashboard.,28.425674,76.98563,2026-01-14T05:30:00Z
OSINT-MOCK,OSINT,OSINT Node 1907,Large dataset record for stress testing dashboard.,28.523108,77.381515,2026-01-14T05:40:00Z
OSINT-MOCK,OSINT,OSINT Node 1908,Large dataset record for stress testing dashboard.,28.868198,76.949692,2026-01-14T05:50:00Z
OSINT-MOCK,OSINT,OSINT Node 1909,Large dataset record for stress testing dashboard.,28.831314,77.048586,2026-01-14T06:00:00Z
Manual Upload,HUMINT,HUMINT Node 1910,Large dataset record for stress testing dashboard.,28.680628,77.343497,2026-01-14T06:10:00Z
Manual Upload,HUMINT,HUMINT Node 1911,Large dataset record for stress testing dashboard.,28.584026,76.98937,2026-01-14T06:20:00Z
OSINT-MOCK,OSINT,OSINT Node 1912,Large dataset record for stress testing dashboard.,28.768677,76.948771,2026-01-14T06:30:00Z
Manual Upload,IMINT,IMINT Node 1913,Large dataset record for stress testing dashboard.,28.738266,77.205849,2026-01-14T06:40:00Z
Manual Upload,IMINT,IMINT Node 1914,Large dataset record for stress testing dashboard.,28.817219,77.072267,2026-01-14T06:50:00Z
OSINT-MOCK,OSINT,OSINT Node 1915,Large dataset record for stress testing dashboard.,28.442955,77.071434,2026-01-14T07:00:00Z
OSINT-MOCK,OSINT,OSINT Node 1916,Large dataset record for stress testing dashboard.,28.818013,77.294948,2026-01-14T07:10:00Z
Manual Upload,HUMINT,HUMINT Node 1917,Large dataset record for stress testing dashboard.,28.68673,77.337752,2026-01-14T07:20:00Z
OSINT-MOCK,OSINT,OSINT Node 1918,Large dataset record for stress testing dashboard.,28.373174,77.289575,2026-01-14T07:30:00Z
Manual Upload,HUMINT,HUMINT Node 1919,Large dataset record for stress testing dashboard.,28.400419,77.075229,2026-01-14T07:40:00Z
Manual Upload,IMINT,IMINT Node 1920,Large dataset record for stress testing dashboard.,28.330797,77.347114,2026-01-14T07:50:00Z
Manual Upload,HUMINT,HUMINT Node 1921,Large dataset record for stress testing dashboard.,28.598702,77.355645,2026-01-14T08:00:00Z
OSINT-MOCK,OSINT,OSINT Node 1922,Large dataset record for stress testing dashboard.,28.83323,77.253602,2026-01-14T08:10:00Z
Manual Upload,HUMINT,HUMINT Node 1923,Large dataset record for stress testing dashboard.,28.423899,77.132917,2026-01-14T08:20:00Z
OSINT-MOCK,OSINT,OSINT Node 1924,Large dataset record for stress testing dashboard.,28.819089,77.385071,2026-01-14T08:30:00Z
Manual Upload,IMINT,IMINT Node 1925,Large dataset record for stress testing dashboard.,28.487668,77.068009,2026-01-14T08:40:00Z
Manual Upload,HUMINT,HUMINT Node 1926,Large dataset record for stress testing dashboard.,28.701312,77.037391,2026-01-14T08:50:00Z
Manual Upload,IMINT,IMINT Node 1927,Large dataset record for stress testing dashboard.,28.373707,77.229142,2026-01-14T09:00:00Z
Manual Upload,HUMINT,HUMINT Node 1928,Large dataset record for stress testing dashboard.,28.344871,77.024451,2026-01-14T09:10:00Z
Manual Upload,HUMINT,HUMINT Node 1929,Large dataset record for stress testing dashboard.,28.629404,76.96853,2026-01-14T09:20:00Z
OSINT-MOCK,OSINT,OSINT Node 1930,Large dataset record for stress testing dashboard.,28.442967,77.193935,2026-01-14T09:30:00Z
Manual Upload,IMINT,IMINT Node 1931,Large dataset record for stress testing dashboard.,28.641593,77.17819,2026-01-14T09:40:00Z
OSINT-MOCK,OSINT,OSINT Node 1932,Large dataset record for stress testing dashboard.,28.415801,77.46955,2026-01-14T09:50:00Z
Manual Upload,HUMINT,HUMINT Node 1933,Large dataset record for stress testing dashboard.,28.781322,76.928079,2026-01-14T10:00:00Z
Manual Upload,HUMINT,HUMINT Node 1934,Large dataset record for stress testing dashboard.,28.78156,77.050867,2026-01-14T10:10:00Z
Manual Upload,HUMINT,HUMINT Node 1935,Large dataset record for stress testing dashboard.,28.746765,76.951047,2026-01-14T10:20:00Z
Manual Upload,IMINT,IMINT Node 1936,Large dataset record for stress testing dashboard.,28.431856,77.484062,2026-01-14T10:30:00Z
Manual Upload,HUMINT,HUMINT Node 1937,Large dataset record for stress testing dashboard.,28.332606,77.112378,2026-01-14T10:40:00Z
OSINT-MOCK,OSINT,OSINT Node 1938,Large dataset record for stress testing dashboard.,28.676849,76.927015,2026-01-14T10:50:00Z
Manual Upload,IMINT,IMINT Node 1939,Large dataset record for stress testing dashboard.,28.61086,76.990937,2026-01-14T11:00:00Z
Manual Upload,HUMINT,HUMINT Node 1940,Large dataset record for stress testing dashboard.,28.893318,76.924598,2026-01-14T11:10:00Z
OSINT-MOCK,OSINT,OSINT Node 1941,Large dataset record for stress testing dashboard.,28.443613,77.185887,2026-01-14T11:20:00Z
Manual Upload,HUMINT,HUMINT Node 1942,Large dataset record for stress testing dashboard.,28.765481,76.929764,2026-01-14T11:30:00Z
OSINT-MOCK,OSINT,OSINT Node 1943,Large dataset record for stress testing dashboard.,28.416899,76.965115,2026-01-14T11:40:00Z
OSINT-MOCK,OSINT,OSINT Node 1944,Large dataset record for stress testing dashboard.,28.638222,77.137405,2026-01-14T11:50:00Z
OSINT-MOCK,OSINT,OSINT Node 1945,Large dataset record for stress testing dashboard.,28.759847,77.192568,2026-01-14T12:00:00Z
OSINT-MOCK,OSINT,OSINT Node 1946,Large dataset record for stress testing dashboard.,28.706952,77.206369,2026-01-14T12:10:00Z
Manual Upload,HUMINT,HUMINT Node 1947,Large dataset record for stress testing dashboard.,28.38587,77.391559,2026-01-14T12:20:00Z
Manual Upload,HUMINT,HUMINT Node 1948,Large dataset record for stress testing dashboard.,28.503628,77.46223,2026-01-14T12:30:00Z
Manual Upload,HUMINT,HUMINT Node 1949,Large dataset record for stress testing dashboard.,28.759989,77.384408,2026-01-14T12:40:00Z
OSINT-MOCK,OSINT,OSINT Node 1950,Large dataset record for stress testing dashboard.,28.380476,77.00931,2026-01-14T12:50:00Z
Manual Upload,HUMINT,HUMINT Node 1951,Large dataset record for stress testing dashboard.,28.598277,76.912773,2026-01-14T13:00:00Z
OSINT-MOCK,OSINT,OSINT Node 1952,Large dataset record for stress testing dashboard.,28.497736,77.153237,2026-01-14T13:10:00Z
Manual Upload,HUMINT,HUMINT Node 1953,Large dataset record for stress testing dashboard.,28.808932,77.364746,2026-01-14T13:20:00Z
OSINT-MOCK,OSINT,OSINT Node 1954,Large dataset record for stress testing dashboard.,28.827997,77.467404,2026-01-14T13:30:00Z
Manual Upload,IMINT,IMINT Node 1955,Large dataset record for stress testing dashboard.,28.4241,76.995535,2026-01-14T13:40:00Z
OSINT-MOCK,OSINT,OSINT Node 1956,Large dataset record for stress testing dashboard.,28.552287,76.995442,2026-01-14T13:50:00Z
OSINT-MOCK,OSINT,OSINT Node 1957,Large dataset record for stress testing dashboard.,28.442704,77.261628,2026-01-14T14:00:00Z
Manual Upload,IMINT,IMINT Node 1958,Large dataset record for stress testing dashboard.,28.39905,77.348541,2026-01-14T14:10:00Z
Manual Upload,HUMINT,HUMINT Node 1959,Large dataset record for stress testing dashboard.,28.752155,77.259005,2026-01-14T14:20:00Z
Manual Upload,HUMINT,HUMINT Node 1960,Large dataset record for stress testing dashboard.,28.759045,77.176647,2026-01-14T14:30:00Z
OSINT-MOCK,OSINT,OSINT Node 1961,Large dataset record for stress testing dashboard.,28.843881,77.134497,2026-01-14T14:40:00Z
Manual Upload,IMINT,IMINT Node 1962,Large dataset record for stress testing dashboard.,28.438846,77.018579,2026-01-14T14:50:00Z
OSINT-MOCK,OSINT,OSINT Node 1963,Large dataset record for stress testing dashboard.,28.689206,77.098484,2026-01-14T15:00:00Z
OSINT-MOCK,OSINT,OSINT Node 1964,Large dataset record for stress testing dashboard.,28.86767,77.191195,2026-01-14T15:10:00Z
Manual Upload,HUMINT,HUMINT Node 1965,Large dataset record for stress testing dashboard.,28.704827,77.270607,2026-01-14T15:20:00Z
Manual Upload,IMINT,IMINT Node 1966,Large dataset record for stress testing dashboard.,28.74602,76.923464,2026-01-14T15:30:00Z
Manual Upload,IMINT,IMINT Node 1967,Large dataset record for stress testing dashboard.,28.394262,77.477811,2026-01-14T15:40:00Z
OSINT-MOCK,OSINT,OSINT Node 1968,Large dataset record for stress testing dashboard.,28.529354,77.23303,2026-01-14T15:50:00Z
OSINT-MOCK,OSINT,OSINT Node 1969,Large dataset record for stress testing dashboard.,28.543259,76.987848,2026-01-14T16:00:00Z
Manual Upload,IMINT,IMINT Node 1970,Large dataset record for stress testing dashboard.,28.658883,76.975264,2026-01-14T16:10:00Z
OSINT-MOCK,OSINT,OSINT Node 1971,Large dataset record for stress testing dashboard.,28.662765,77.413956,2026-01-14T16:20:00Z
Manual Upload,HUMINT,HUMINT Node 1972,Large dataset record for stress testing dashboard.,28.797154,77.233296,2026-01-14T16:30:00Z
Manual Upload,IMINT,IMINT Node 1973,Large dataset record for stress testing dashboard.,28.909921,77.330871,2026-01-14T16:40:00Z
Manual Upload,HUMINT,HUMINT Node 1974,Large dataset record for stress testing dashboard.,28.67789,77.230516,2026-01-14T16:50:00Z
Manual Upload,IMINT,IMINT Node 1975,Large dataset record for stress testing dashboard.,28.46708,77.242602,2026-01-14T17:00:00Z
Manual Upload,HUMINT,HUMINT Node 1976,Large dataset record for stress testing dashboard.,28.718579,76.985141,2026-01-14T17:10:00Z
OSINT-MOCK,OSINT,OSINT Node 1977,Large dataset record for stress testing dashboard.,28.541522,76.944272,2026-01-14T17:20:00Z
Manual Upload,HUMINT,HUMINT Node 1978,Large dataset record for stress testing dashboard.,28.61402,77.070541,2026-01-14T17:30:00Z
OSINT-MOCK,OSINT,OSINT Node 1979,Large dataset record for stress testing dashboard.,28.469191,77.215703,2026-01-14T17:40:00Z
OSINT-MOCK,OSINT,OSINT Node 1980,Large dataset record for stress testing dashboard.,28.576893,77.30341,2026-01-14T17:50:00Z
OSINT-MOCK,OSINT,OSINT Node 1981,Large dataset record for stress testing dashboard.,28.899932,76.974721,2026-01-14T18:00:00Z
Manual Upload,IMINT,IMINT Node 1982,Large dataset record for stress testing dashboard.,28.608317,77.280827,2026-01-14T18:10:00Z
OSINT-MOCK,OSINT,OSINT Node 1983,Large dataset record for stress testing dashboard.,28.392278,77.17131,2026-01-14T18:20:00Z
Manual Upload,IMINT,IMINT Node 1984,Large dataset record for stress testing dashboard.,28.344111,77.251768,2026-01-14T18:30:00Z
OSINT-MOCK,OSINT,OSINT Node 1985,Large dataset record for stress testing dashboard.,28.772355,77.468974,2026-01-14T18:40:00Z
Manual Upload,IMINT,IMINT Node 1986,Large dataset record for stress testing dashboard.,28.549723,77.486169,2026-01-14T18:50:00Z
Manual Upload,HUMINT,HUMINT Node 1987,Large dataset record for stress testing dashboard.,28.390615,77.027428,2026-01-14T19:00:00Z
Manual Upload,HUMINT,HUMINT Node 1988,Large dataset record for stress testing dashboard.,28.901688,77.076161,2026-01-14T19:10:00Z
OSINT-MOCK,OSINT,OSINT Node 1989,Large dataset record for stress testing dashboard.,28.619817,77.071251,2026-01-14T19:20:00Z
Manual Upload,IMINT,IMINT Node 1990,Large dataset record for stress testing dashboard.,28.616402,76.979361,2026-01-14T19:30:00Z
Manual Upload,HUMINT,HUMINT Node 1991,Large dataset record for stress testing dashboard.,28.893179,77.155131,2026-01-14T19:40:00Z
OSINT-MOCK,OSINT,OSINT Node 1992,Large dataset record for stress testing dashboard.,28.572916,76.997821,2026-01-14T19:50:00Z
OSINT-MOCK,OSINT,OSINT Node 1993,Large dataset record for stress testing dashboard.,28.414804,77.507723,2026-01-14T20:00:00Z
Manual Upload,IMINT,IMINT Node 1994,Large dataset record for stress testing dashboard.,28.759988,77.204001,2026-01-14T20:10:00Z
Manual Upload,HUMINT,HUMINT Node 1995,Large dataset record for stress testing dashboard.,28.402931,76.917727,2026-01-14T20:20:00Z
OSINT-MOCK,OSINT,OSINT Node 1996,Large dataset record for stress testing dashboard.,28.314794,77.033882,2026-01-14T20:30:00Z
Manual Upload,IMINT,IMINT Node 1997,Large dataset record for stress testing dashboard.,28.315087,76.921373,2026-01-14T20:40:00Z
Manual Upload,HUMINT,HUMINT Node 1998,Large dataset record for stress testing dashboard.,28.625298,77.0582,2026-01-14T20:50:00Z
Manual Upload,HUMINT,HUMINT Node 1999,Large dataset record for stress testing dashboard.,28.760166,77.505438,2026-01-14T21:00:00Z
OSINT-MOCK,OSINT,OSINT Node 2000,Large dataset record for stress testing dashboard.,28.457464,76.975738,2026-01-14T21:10:00Z
Manual Upload,IMINT,IMINT Node 2001,Large dataset record for stress testing dashboard.,28.315915,77.221655,2026-01-14T21:20:00Z
OSINT-MOCK,OSINT,OSINT Node 2002,Large dataset record for stress testing dashboard.,28.913463,76.981791,2026-01-14T21:30:00Z
Manual Upload,IMINT,IMINT Node 2003,Large dataset record for stress testing dashboard.,28.557616,76.91059,2026-01-14T21:40:00Z
Manual Upload,HUMINT,HUMINT Node 2004,Large dataset record for stress testing dashboard.,28.886867,77.419237,2026-01-14T21:50:00Z
OSINT-MOCK,OSINT,OSINT Node 2005,Large dataset record for stress testing dashboard.,28.65453,77.35383,2026-01-14T22:00:00Z
Manual Upload,HUMINT,HUMINT Node 2006,Large dataset record for stress testing dashboard.,28.80614,76.992318,2026-01-14T22:10:00Z
Manual Upload,IMINT,IMINT Node 2007,Large dataset record for stress testing dashboard.,28.434825,77.183048,2026-01-14T22:20:00Z
Manual Upload,IMINT,IMINT Node 2008,Large dataset record for stress testing dashboard.,28.717852,77.476043,2026-01-14T22:30:00Z
Manual Upload,IMINT,IMINT Node 2009,Large dataset record for stress testing dashboard.,28.749953,77.353008,2026-01-14T22:40:00Z
Manual Upload,IMINT,IMINT Node 2010,Large dataset record for stress testing dashboard.,28.340738,76.914344,2026-01-14T22:50:00Z
OSINT-MOCK,OSINT,OSINT Node 2011,Large dataset record for stress testing dashboard.,28.516003,77.234996,2026-01-14T23:00:00Z
Manual Upload,IMINT,IMINT Node 2012,Large dataset record for stress testing dashboard.,28.879582,77.42896,2026-01-14T23:10:00Z
Manual Upload,HUMINT,HUMINT Node 2013,Large dataset record for stress testing dashboard.,28.569054,77.508985,2026-01-14T23:20:00Z
Manual Upload,IMINT,IMINT Node 2014,Large dataset record for stress testing dashboard.,28.460866,76.939397,2026-01-14T23:30:00Z
Manual Upload,IMINT,IMINT Node 2015,Large dataset record for stress testing dashboard.,28.803461,77.492465,2026-01-14T23:40:00Z
Manual Upload,HUMINT,HUMINT Node 2016,Large dataset record for stress testing dashboard.,28.480298,77.040471,2026-01-14T23:50:00Z
OSINT-MOCK,OSINT,OSINT Node 2017,Large dataset record for stress testing dashboard.,28.385144,76.967069,2026-01-15T00:00:00Z
OSINT-MOCK,OSINT,OSINT Node 2018,Large dataset record for stress testing dashboard.,28.885755,76.958489,2026-01-15T00:10:00Z
OSINT-MOCK,OSINT,OSINT Node 2019,Large dataset record for stress testing dashboard.,28.627935,76.960098,2026-01-15T00:20:00Z
Manual Upload,HUMINT,HUMINT Node 2020,Large dataset record for stress testing dashboard.,28.711192,77.242178,2026-01-15T00:30:00Z
OSINT-MOCK,OSINT,OSINT Node 2021,Large dataset record for stress testing dashboard.,28.730482,77.106836,2026-01-15T00:40:00Z
Manual Upload,HUMINT,HUMINT Node 2022,Large dataset record for stress testing dashboard.,28.769438,77.486712,2026-01-15T00:50:00Z
Manual Upload,IMINT,IMINT Node 2023,Large dataset record for stress testing dashboard.,28.403949,76.919903,2026-01-15T01:00:00Z
OSINT-MOCK,OSINT,OSINT Node 2024,Large dataset record for stress testing dashboard.,28.469765,77.417719,2026-01-15T01:10:00Z
OSINT-MOCK,OSINT,OSINT Node 2025,Large dataset record for stress testing dashboard.,28.354948,77.031072,2026-01-15T01:20:00Z
Manual Upload,HUMINT,HUMINT Node 2026,Large dataset record for stress testing dashboard.,28.48054,77.155669,2026-01-15T01:30:00Z
Manual Upload,IMINT,IMINT Node 2027,Large dataset record for stress testing dashboard.,28.506891,77.47507,2026-01-15T01:40:00Z
Manual Upload,IMINT,IMINT Node 2028,Large dataset record for stress testing dashboard.,28.672238,77.07903,2026-01-15T01:50:00Z
Manual Upload,HUMINT,HUMINT Node 2029,Large dataset record for stress testing dashboard.,28.477903,77.151653,2026-01-15T02:00:00Z
OSINT-MOCK,OSINT,OSINT Node 2030,Large dataset record for stress testing dashboard.,28.402862,76.941201,2026-01-15T02:10:00Z
Manual Upload,IMINT,IMINT Node 2031,Large dataset record for stress testing dashboard.,28.644222,77.069198,2026-01-15T02:20:00Z
Manual Upload,IMINT,IMINT Node 2032,Large dataset record for stress testing dashboard.,28.746511,77.395068,2026-01-15T02:30:00Z
Manual Upload,IMINT,IMINT Node 2033,Large dataset record for stress testing dashboard.,28.775895,77.45515,2026-01-15T02:40:00Z
Manual Upload,IMINT,IMINT Node 2034,Large dataset record for stress testing dashboard.,28.618097,77.46139,2026-01-15T02:50:00Z
Manual Upload,HUMINT,HUMINT Node 2035,Large dataset record for stress testing dashboard.,28.447395,77.177043,2026-01-15T03:00:00Z
Manual Upload,HUMINT,HUMINT Node 2036,Large dataset record for stress testing dashboard.,28.894788,76.998575,2026-01-15T03:10:00Z
Manual Upload,IMINT,IMINT Node 2037,Large dataset record for stress testing dashboard.,28.398343,77.227527,2026-01-15T03:20:00Z
Manual Upload,IMINT,IMINT Node 2038,Large dataset record for stress testing dashboard.,28.846246,77.207128,2026-01-15T03:30:00Z
OSINT-MOCK,OSINT,OSINT Node 2039,Large dataset record for stress testing dashboard.,28.508757,76.990566,2026-01-15T03:40:00Z
OSINT-MOCK,OSINT,OSINT Node 2040,Large dataset record for stress testing dashboard.,28.787701,77.124107,2026-01-15T03:50:00Z
OSINT-MOCK,OSINT,OSINT Node 2041,Large dataset record for stress testing dashboard.,28.560851,77.004862,2026-01-15T04:00:00Z
OSINT-MOCK,OSINT,OSINT Node 2042,Large dataset record for stress testing dashboard.,28.520564,77.18166,2026-01-15T04:10:00Z
OSINT-MOCK,OSINT,OSINT Node 2043,Large dataset record for stress testing dashboard.,28.490696,77.004682,2026-01-15T04:20:00Z
OSINT-MOCK,OSINT,OSINT Node 2044,Large dataset record for stress testing dashboard.,28.909394,77.245008,2026-01-15T04:30:00Z
Manual Upload,IMINT,IMINT Node 2045,Large dataset record for stress testing dashboard.,28.644896,77.108209,2026-01-15T04:40:00Z
OSINT-MOCK,OSINT,OSINT Node 2046,Large dataset record for stress testing dashboard.,28.383617,77.160204,2026-01-15T04:50:00Z
Manual Upload,HUMINT,HUMINT Node 2047,Large dataset record for stress testing dashboard.,28.690905,77.380781,2026-01-15T05:00:00Z
Manual Upload,IMINT,IMINT Node 2048,Large dataset record for stress testing dashboard.,28.521471,76.919739,2026-01-15T05:10:00Z
OSINT-MOCK,OSINT,OSINT Node 2049,Large dataset record for stress testing dashboard.,28.833667,77.14755,2026-01-15T05:20:00Z
OSINT-MOCK,OSINT,OSINT Node 2050,Large dataset record for stress testing dashboard.,28.350399,77.269969,2026-01-15T05:30:00Z
OSINT-MOCK,OSINT,OSINT Node 2051,Large dataset record for stress testing dashboard.,28.347129,77.164882,2026-01-15T05:40:00Z
OSINT-MOCK,OSINT,OSINT Node 2052,Large dataset record for stress testing dashboard.,28.346169,76.985672,2026-01-15T05:50:00Z
OSINT-MOCK,OSINT,OSINT Node 2053,Large dataset record for stress testing dashboard.,28.627323,77.183969,2026-01-15T06:00:00Z
OSINT-MOCK,OSINT,OSINT Node 2054,Large dataset record for stress testing dashboard.,28.367739,77.436387,2026-01-15T06:10:00Z
Manual Upload,IMINT,IMINT Node 2055,Large dataset record for stress testing dashboard.,28.434202,77.451448,2026-01-15T06:20:00Z
Manual Upload,HUMINT,HUMINT Node 2056,Large dataset record for stress testing dashboard.,28.754905,77.464138,2026-01-15T06:30:00Z
OSINT-MOCK,OSINT,OSINT Node 2057,Large dataset record for stress testing dashboard.,28.355086,76.962743,2026-01-15T06:40:00Z
Manual Upload,IMINT,IMINT Node 2058,Large dataset record for stress testing dashboard.,28.706818,77.067695,2026-01-15T06:50:00Z
Manual Upload,IMINT,IMINT Node 2059,Large dataset record for stress testing dashboard.,28.743098,76.915917,2026-01-15T07:00:00Z
OSINT-MOCK,OSINT,OSINT Node 2060,Large dataset record for stress testing dashboard.,28.57153,77.359858,2026-01-15T07:10:00Z
Manual Upload,IMINT,IMINT Node 2061,Large dataset record for stress testing dashboard.,28.887332,77.372142,2026-01-15T07:20:00Z
Manual Upload,HUMINT,HUMINT Node 2062,Large dataset record for stress testing dashboard.,28.861968,77.361352,2026-01-15T07:30:00Z
Manual Upload,HUMINT,HUMINT Node 2063,Large dataset record for stress testing dashboard.,28.543001,76.936602,2026-01-15T07:40:00Z
Manual Upload,HUMINT,HUMINT Node 2064,Large dataset record for stress testing dashboard.,28.706955,77.4453,2026-01-15T07:50:00Z
Manual Upload,IMINT,IMINT Node 2065,Large dataset record for stress testing dashboard.,28.565277,77.040258,2026-01-15T08:00:00Z
OSINT-MOCK,OSINT,OSINT Node 2066,Large dataset record for stress testing dashboard.,28.493807,77.40413,2026-01-15T08:10:00Z
OSINT-MOCK,OSINT,OSINT Node 2067,Large dataset record for stress testing dashboard.,28.378143,76.961868,2026-01-15T08:20:00Z
Manual Upload,IMINT,IMINT Node 2068,Large dataset record for stress testing dashboard.,28.318006,77.208532,2026-01-15T08:30:00Z
Manual Upload,IMINT,IMINT Node 2069,Large dataset record for stress testing dashboard.,28.79303,77.498821,2026-01-15T08:40:00Z
Manual Upload,HUMINT,HUMINT Node 2070,Large dataset record for stress testing dashboard.,28.499377,77.416207,2026-01-15T08:50:00Z
Manual Upload,HUMINT,HUMINT Node 2071,Large dataset record for stress testing dashboard.,28.454827,77.244001,2026-01-15T09:00:00Z
Manual Upload,IMINT,IMINT Node 2072,Large dataset record for stress testing dashboard.,28.363744,77.508504,2026-01-15T09:10:00Z
OSINT-MOCK,OSINT,OSINT Node 2073,Large dataset record for stress testing dashboard.,28.415346,77.473121,2026-01-15T09:20:00Z
Manual Upload,HUMINT,HUMINT Node 2074,Large dataset record for stress testing dashboard.,28.763572,76.984731,2026-01-15T09:30:00Z
Manual Upload,HUMINT,HUMINT Node 2075,Large dataset record for stress testing dashboard.,28.714807,77.018964,2026-01-15T09:40:00Z
Manual Upload,HUMINT,HUMINT Node 2076,Large dataset record for stress testing dashboard.,28.906019,77.214633,2026-01-15T09:50:00Z
Manual Upload,HUMINT,HUMINT Node 2077,Large dataset record for stress testing dashboard.,28.736055,77.141456,2026-01-15T10:00:00Z
OSINT-MOCK,OSINT,OSINT Node 2078,Large dataset record for stress testing dashboard.,28.873029,77.378903,2026-01-15T10:10:00Z
OSINT-MOCK,OSINT,OSINT Node 2079,Large dataset record for stress testing dashboard.,28.827455,77.074637,2026-01-15T10:20:00Z
Manual Upload,HUMINT,HUMINT Node 2080,Large dataset record for stress testing dashboard.,28.887736,77.281841,2026-01-15T10:30:00Z
Manual Upload,IMINT,IMINT Node 2081,Large dataset record for stress testing dashboard.,28.844224,77.154262,2026-01-15T10:40:00Z
Manual Upload,HUMINT,HUMINT Node 2082,Large dataset record for stress testing dashboard.,28.579099,77.422756,2026-01-15T10:50:00Z
Manual Upload,HUMINT,HUMINT Node 2083,Large dataset record for stress testing dashboard.,28.787964,77.085071,2026-01-15T11:00:00Z
Manual Upload,IMINT,IMINT Node 2084,Large dataset record for stress testing dashboard.,28.811822,77.306435,2026-01-15T11:10:00Z
OSINT-MOCK,OSINT,OSINT Node 2085,Large dataset record for stress testing dashboard.,28.349954,77.033616,2026-01-15T11:20:00Z
OSINT-MOCK,OSINT,OSINT Node 2086,Large dataset record for stress testing dashboard.,28.3358,77.49398,2026-01-15T11:30:00Z
Manual Upload,IMINT,IMINT Node 2087,Large dataset record for stress testing dashboard.,28.797666,77.090985,2026-01-15T11:40:00Z
OSINT-MOCK,OSINT,OSINT Node 2088,Large dataset record for stress testing dashboard.,28.603924,77.089802,2026-01-15T11:50:00Z
Manual Upload,HUMINT,HUMINT Node 2089,Large dataset record for stress testing dashboard.,28.389232,77.096924,2026-01-15T12:00:00Z
Manual Upload,HUMINT,HUMINT Node 2090,Large dataset record for stress testing dashboard.,28.800917,77.09356,2026-01-15T12:10:00Z
Manual Upload,HUMINT,HUMINT Node 2091,Large dataset record for stress testing dashboard.,28.749535,77.436223,2026-01-15T12:20:00Z
OSINT-MOCK,OSINT,OSINT Node 2092,Large dataset record for stress testing dashboard.,28.64251,77.477485,2026-01-15T12:30:00Z
Manual Upload,HUMINT,HUMINT Node 2093,Large dataset record for stress testing dashboard.,28.366028,77.383378,2026-01-15T12:40:00Z
Manual Upload,HUMINT,HUMINT Node 2094,Large dataset record for stress testing dashboard.,28.819986,77.271761,2026-01-15T12:50:00Z
OSINT-MOCK,OSINT,OSINT Node 2095,Large dataset record for stress testing dashboard.,28.412076,77.063067,2026-01-15T13:00:00Z
Manual Upload,IMINT,IMINT Node 2096,Large dataset record for stress testing dashboard.,28.324215,77.148802,2026-01-15T13:10:00Z
OSINT-MOCK,OSINT,OSINT Node 2097,Large dataset record for stress testing dashboard.,28.479747,77.078833,2026-01-15T13:20:00Z
Manual Upload,IMINT,IMINT Node 2098,Large dataset record for stress testing dashboard.,28.773749,76.969645,2026-01-15T13:30:00Z
Manual Upload,IMINT,IMINT Node 2099,Large dataset record for stress testing dashboard.,28.681375,77.373466,2026-01-15T13:40:00Z
Manual Upload,HUMINT,HUMINT Node 2100,Large dataset record for stress testing dashboard.,28.644159,77.227718,2026-01-15T13:50:00Z
Manual Upload,HUMINT,HUMINT Node 2101,Large dataset record for stress testing dashboard.,28.463347,77.423305,2026-01-15T14:00:00Z
Manual Upload,IMINT,IMINT Node 2102,Large dataset record for stress testing dashboard.,28.454001,77.044208,2026-01-15T14:10:00Z
Manual Upload,IMINT,IMINT Node 2103,Large dataset record for stress testing dashboard.,28.665956,77.0815,2026-01-15T14:20:00Z
Manual Upload,IMINT,IMINT Node 2104,Large dataset record for stress testing dashboard.,28.797675,77.343409,2026-01-15T14:30:00Z
Manual Upload,HUMINT,HUMINT Node 2105,Large dataset record for stress testing dashboard.,28.62399,77.261012,2026-01-15T14:40:00Z
Manual Upload,HUMINT,HUMINT Node 2106,Large dataset record for stress testing dashboard.,28.636004,77.504843,2026-01-15T14:50:00Z
Manual Upload,HUMINT,HUMINT Node 2107,Large dataset record for stress testing dashboard.,28.469702,77.373479,2026-01-15T15:00:00Z
OSINT-MOCK,OSINT,OSINT Node 2108,Large dataset record for stress testing dashboard.,28.821945,77.398935,2026-01-15T15:10:00Z
Manual Upload,HUMINT,HUMINT Node 2109,Large dataset record for stress testing dashboard.,28.422947,77.005599,2026-01-15T15:20:00Z
Manual Upload,HUMINT,HUMINT Node 2110,Large dataset record for stress testing dashboard.,28.500501,77.302907,2026-01-15T15:30:00Z
OSINT-MOCK,OSINT,OSINT Node 2111,Large dataset record for stress testing dashboard.,28.363257,77.344724,2026-01-15T15:40:00Z
Manual Upload,HUMINT,HUMINT Node 2112,Large dataset record for stress testing dashboard.,28.831814,76.980078,2026-01-15T15:50:00Z
Manual Upload,IMINT,IMINT Node 2113,Large dataset record for stress testing dashboard.,28.344475,77.27578,2026-01-15T16:00:00Z
OSINT-MOCK,OSINT,OSINT Node 2114,Large dataset record for stress testing dashboard.,28.56823,77.403277,2026-01-15T16:10:00Z
Manual Upload,IMINT,IMINT Node 2115,Large dataset record for stress testing dashboard.,28.611903,76.969288,2026-01-15T16:20:00Z
OSINT-MOCK,OSINT,OSINT Node 2116,Large dataset record for stress testing dashboard.,28.699016,77.212142,2026-01-15T16:30:00Z
OSINT-MOCK,OSINT,OSINT Node 2117,Large dataset record for stress testing dashboard.,28.906373,77.030581,2026-01-15T16:40:00Z
Manual Upload,IMINT,IMINT Node 2118,Large dataset record for stress testing dashboard.,28.913602,77.029987,2026-01-15T16:50:00Z
Manual Upload,IMINT,IMINT Node 2119,Large dataset record for stress testing dashboard.,28.581933,77.405843,2026-01-15T17:00:00Z
OSINT-MOCK,OSINT,OSINT Node 2120,Large dataset record for stress testing dashboard.,28.676534,77.48378,2026-01-15T17:10:00Z
OSINT-MOCK,OSINT,OSINT Node 2121,Large dataset record for stress testing dashboard.,28.367579,77.074613,2026-01-15T17:20:00Z
Manual Upload,HUMINT,HUMINT Node 2122,Large dataset record for stress testing dashboard.,28.439814,77.46039,2026-01-15T17:30:00Z
Manual Upload,IMINT,IMINT Node 2123,Large dataset record for stress testing dashboard.,28.801875,77.053421,2026-01-15T17:40:00Z
Manual Upload,HUMINT,HUMINT Node 2124,Large dataset record for stress testing dashboard.,28.611729,76.968341,2026-01-15T17:50:00Z
OSINT-MOCK,OSINT,OSINT Node 2125,Large dataset record for stress testing dashboard.,28.771057,77.241866,2026-01-15T18:00:00Z
Manual Upload,IMINT,IMINT Node 2126,Large dataset record for stress testing dashboard.,28.782305,76.971977,2026-01-15T18:10:00Z
OSINT-MOCK,OSINT,OSINT Node 2127,Large dataset record for stress testing dashboard.,28.768502,77.439464,2026-01-15T18:20:00Z
Manual Upload,IMINT,IMINT Node 2128,Large dataset record for stress testing dashboard.,28.770236,77.472944,2026-01-15T18:30:00Z
OSINT-MOCK,OSINT,OSINT Node 2129,Large dataset record for stress testing dashboard.,28.743073,77.495662,2026-01-15T18:40:00Z
Manual Upload,IMINT,IMINT Node 2130,Large dataset record for stress testing dashboard.,28.746955,77.064022,2026-01-15T18:50:00Z
Manual Upload,IMINT,IMINT Node 2131,Large dataset record for stress testing dashboard.,28.702709,77.416241,2026-01-15T19:00:00Z
Manual Upload,HUMINT,HUMINT Node 2132,Large dataset record for stress testing dashboard.,28.593896,77.22333,2026-01-15T19:10:00Z
OSINT-MOCK,OSINT,OSINT Node 2133,Large dataset record for stress testing dashboard.,28.866659,77.286212,2026-01-15T19:20:00Z
OSINT-MOCK,OSINT,OSINT Node 2134,Large dataset record for stress testing dashboard.,28.43752,77.17153,2026-01-15T19:30:00Z
OSINT-MOCK,OSINT,OSINT Node 2135,Large dataset record for stress testing dashboard.,28.516518,77.008389,2026-01-15T19:40:00Z
Manual Upload,IMINT,IMINT Node 2136,Large dataset record for stress testing dashboard.,28.32748,77.462574,2026-01-15T19:50:00Z
Manual Upload,HUMINT,HUMINT Node 2137,Large dataset record for stress testing dashboard.,28.630991,77.429337,2026-01-15T20:00:00Z
OSINT-MOCK,OSINT,OSINT Node 2138,Large dataset record for stress testing dashboard.,28.627452,76.911078,2026-01-15T20:10:00Z
OSINT-MOCK,OSINT,OSINT Node 2139,Large dataset record for stress testing dashboard.,28.781534,77.268247,2026-01-15T20:20:00Z
Manual Upload,HUMINT,HUMINT Node 2140,Large dataset record for stress testing dashboard.,28.742935,77.189769,2026-01-15T20:30:00Z
Manual Upload,IMINT,IMINT Node 2141,Large dataset record for stress testing dashboard.,28.37737,76.925494,2026-01-15T20:40:00Z
Manual Upload,HUMINT,HUMINT Node 2142,Large dataset record for stress testing dashboard.,28.621091,77.376518,2026-01-15T20:50:00Z
OSINT-MOCK,OSINT,OSINT Node 2143,Large dataset record for stress testing dashboard.,28.899469,77.001777,2026-01-15T21:00:00Z
Manual Upload,IMINT,IMINT Node 2144,Large dataset record for stress testing dashboard.,28.720008,77.436469,2026-01-15T21:10:00Z
Manual Upload,HUMINT,HUMINT Node 2145,Large dataset record for stress testing dashboard.,28.694146,77.139518,2026-01-15T21:20:00Z
OSINT-MOCK,OSINT,OSINT Node 2146,Large dataset record for stress testing dashboard.,28.608146,76.981369,2026-01-15T21:30:00Z
OSINT-MOCK,OSINT,OSINT Node 2147,Large dataset record for stress testing dashboard.,28.604999,77.411501,2026-01-15T21:40:00Z
OSINT-MOCK,OSINT,OSINT Node 2148,Large dataset record for stress testing dashboard.,28.582345,77.160535,2026-01-15T21:50:00Z
Manual Upload,HUMINT,HUMINT Node 2149,Large dataset record for stress testing dashboard.,28.853702,76.913184,2026-01-15T22:00:00Z
Manual Upload,IMINT,IMINT Node 2150,Large dataset record for stress testing dashboard.,28.642118,77.313242,2026-01-15T22:10:00Z
Manual Upload,HUMINT,HUMINT Node 2151,Large dataset record for stress testing dashboard.,28.643325,77.379627,2026-01-15T22:20:00Z
OSINT-MOCK,OSINT,OSINT Node 2152,Large dataset record for stress testing dashboard.,28.834179,77.209301,2026-01-15T22:30:00Z
Manual Upload,HUMINT,HUMINT Node 2153,Large dataset record for stress testing dashboard.,28.41573,77.063136,2026-01-15T22:40:00Z
OSINT-MOCK,OSINT,OSINT Node 2154,Large dataset record for stress testing dashboard.,28.430393,77.369819,2026-01-15T22:50:00Z
OSINT-MOCK,OSINT,OSINT Node 2155,Large dataset record for stress testing dashboard.,28.839703,77.487405,2026-01-15T23:00:00Z
Manual Upload,IMINT,IMINT Node 2156,Large dataset record for stress testing dashboard.,28.896067,76.981925,2026-01-15T23:10:00Z
Manual Upload,IMINT,IMINT Node 2157,Large dataset record for stress testing dashboard.,28.336731,77.504989,2026-01-15T23:20:00Z
Manual Upload,HUMINT,HUMINT Node 2158,Large dataset record for stress testing dashboard.,28.715234,77.138456,2026-01-15T23:30:00Z
Manual Upload,IMINT,IMINT Node 2159,Large dataset record for stress testing dashboard.,28.82205,77.064749,2026-01-15T23:40:00Z
Manual Upload,HUMINT,HUMINT Node 2160,Large dataset record for stress testing dashboard.,28.597196,77.14236,2026-01-15T23:50:00Z
Manual Upload,HUMINT,HUMINT Node 2161,Large dataset record for stress testing dashboard.,28.723244,77.122904,2026-01-16T00:00:00Z
Manual Upload,IMINT,IMINT Node 2162,Large dataset record for stress testing dashboard.,28.685746,76.980037,2026-01-16T00:10:00Z
Manual Upload,HUMINT,HUMINT Node 2163,Large dataset record for stress testing dashboard.,28.823723,77.457634,2026-01-16T00:20:00Z
OSINT-MOCK,OSINT,OSINT Node 2164,Large dataset record for stress testing dashboard.,28.732089,77.472762,2026-01-16T00:30:00Z
OSINT-MOCK,OSINT,OSINT Node 2165,Large dataset record for stress testing dashboard.,28.367566,76.941951,2026-01-16T00:40:00Z
OSINT-MOCK,OSINT,OSINT Node 2166,Large dataset record for stress testing dashboard.,28.817138,77.445789,2026-01-16T00:50:00Z
OSINT-MOCK,OSINT,OSINT Node 2167,Large dataset record for stress testing dashboard.,28.546937,76.911647,2026-01-16T01:00:00Z
Manual Upload,IMINT,IMINT Node 2168,Large dataset record for stress testing dashboard.,28.444451,77.127387,2026-01-16T01:10:00Z
OSINT-MOCK,OSINT,OSINT Node 2169,Large dataset record for stress testing dashboard.,28.627509,77.063817,2026-01-16T01:20:00Z
Manual Upload,IMINT,IMINT Node 2170,Large dataset record for stress testing dashboard.,28.483142,77.036129,2026-01-16T01:30:00Z
OSINT-MOCK,OSINT,OSINT Node 2171,Large dataset record for stress testing dashboard.,28.730803,77.281002,2026-01-16T01:40:00Z
Manual Upload,HUMINT,HUMINT Node 2172,Large dataset record for stress testing dashboard.,28.660632,77.082135,2026-01-16T01:50:00Z
OSINT-MOCK,OSINT,OSINT Node 2173,Large dataset record for stress testing dashboard.,28.615934,77.041234,2026-01-16T02:00:00Z
Manual Upload,HUMINT,HUMINT Node 2174,Large dataset record for stress testing dashboard.,28.494757,76.973282,2026-01-16T02:10:00Z
OSINT-MOCK,OSINT,OSINT Node 2175,Large dataset record for stress testing dashboard.,28.674312,77.394694,2026-01-16T02:20:00Z
OSINT-MOCK,OSINT,OSINT Node 2176,Large dataset record for stress testing dashboard.,28.503736,77.04618,2026-01-16T02:30:00Z
Manual Upload,HUMINT,HUMINT Node 2177,Large dataset record for stress testing dashboard.,28.37446,77.455955,2026-01-16T02:40:00Z
Manual Upload,IMINT,IMINT Node 2178,Large dataset record for stress testing dashboard.,28.599663,77.127837,2026-01-16T02:50:00Z
Manual Upload,HUMINT,HUMINT Node 2179,Large dataset record for stress testing dashboard.,28.64393,77.141881,2026-01-16T03:00:00Z
OSINT-MOCK,OSINT,OSINT Node 2180,Large dataset record for stress testing dashboard.,28.556468,77.385513,2026-01-16T03:10:00Z
Manual Upload,HUMINT,HUMINT Node 2181,Large dataset record for stress testing dashboard.,28.714548,77.470431,2026-01-16T03:20:00Z
OSINT-MOCK,OSINT,OSINT Node 2182,Large dataset record for stress testing dashboard.,28.453504,77.23897,2026-01-16T03:30:00Z
OSINT-MOCK,OSINT,OSINT Node 2183,Large dataset record for stress testing dashboard.,28.315784,76.919246,2026-01-16T03:40:00Z
Manual Upload,HUMINT,HUMINT Node 2184,Large dataset record for stress testing dashboard.,28.842179,77.074682,2026-01-16T03:50:00Z
OSINT-MOCK,OSINT,OSINT Node 2185,Large dataset record for stress testing dashboard.,28.566267,77.370224,2026-01-16T04:00:00Z
Manual Upload,IMINT,IMINT Node 2186,Large dataset record for stress testing dashboard.,28.60825,77.401158,2026-01-16T04:10:00Z
OSINT-MOCK,OSINT,OSINT Node 2187,Large dataset record for stress testing dashboard.,28.786243,77.422314,2026-01-16T04:20:00Z
Manual Upload,HUMINT,HUMINT Node 2188,Large dataset record for stress testing dashboard.,28.505934,77.057069,2026-01-16T04:30:00Z
OSINT-MOCK,OSINT,OSINT Node 2189,Large dataset record for stress testing dashboard.,28.506471,77.367951,2026-01-16T04:40:00Z
Manual Upload,HUMINT,HUMINT Node 2190,Large dataset record for stress testing dashboard.,28.395989,77.371257,2026-01-16T04:50:00Z
OSINT-MOCK,OSINT,OSINT Node 2191,Large dataset record for stress testing dashboard.,28.858464,77.106709,2026-01-16T05:00:00Z
Manual Upload,IMINT,IMINT Node 2192,Large dataset record for stress testing dashboard.,28.394292,77.264365,2026-01-16T05:10:00Z
Manual Upload,HUMINT,HUMINT Node 2193,Large dataset record for stress testing dashboard.,28.61255,76.968077,2026-01-16T05:20:00Z
Manual Upload,IMINT,IMINT Node 2194,Large dataset record for stress testing dashboard.,28.469658,77.134828,2026-01-16T05:30:00Z
Manual Upload,IMINT,IMINT Node 2195,Large dataset record for stress testing dashboard.,28.341269,77.311868,2026-01-16T05:40:00Z
Manual Upload,HUMINT,HUMINT Node 2196,Large dataset record for stress testing dashboard.,28.591016,77.04525,2026-01-16T05:50:00Z
Manual Upload,HUMINT,HUMINT Node 2197,Large dataset record for stress testing dashboard.,28.325216,77.086381,2026-01-16T06:00:00Z
Manual Upload,HUMINT,HUMINT Node 2198,Large dataset record for stress testing dashboard.,28.574979,77.351887,2026-01-16T06:10:00Z
Manual Upload,HUMINT,HUMINT Node 2199,Large dataset record for stress testing dashboard.,28.776921,77.162711,2026-01-16T06:20:00Z
OSINT-MOCK,OSINT,OSINT Node 2200,Large dataset record for stress testing dashboard.,28.595038,76.931007,2026-01-16T06:30:00Z
OSINT-MOCK,OSINT,OSINT Node 2201,Large dataset record for stress testing dashboard.,28.578826,76.92539,2026-01-16T06:40:00Z
OSINT-MOCK,OSINT,OSINT Node 2202,Large dataset record for stress testing dashboard.,28.350588,77.209024,2026-01-16T06:50:00Z
Manual Upload,IMINT,IMINT Node 2203,Large dataset record for stress testing dashboard.,28.530892,77.392305,2026-01-16T07:00:00Z
OSINT-MOCK,OSINT,OSINT Node 2204,Large dataset record for stress testing dashboard.,28.602311,77.505945,2026-01-16T07:10:00Z
OSINT-MOCK,OSINT,OSINT Node 2205,Large dataset record for stress testing dashboard.,28.602593,77.342596,2026-01-16T07:20:00Z
OSINT-MOCK,OSINT,OSINT Node 2206,Large dataset record for stress testing dashboard.,28.372522,77.09983,2026-01-16T07:30:00Z
Manual Upload,HUMINT,HUMINT Node 2207,Large dataset record for stress testing dashboard.,28.631946,77.37479,2026-01-16T07:40:00Z
Manual Upload,HUMINT,HUMINT Node 2208,Large dataset record for stress testing dashboard.,28.491804,76.952738,2026-01-16T07:50:00Z
Manual Upload,HUMINT,HUMINT Node 2209,Large dataset record for stress testing dashboard.,28.615853,77.103591,2026-01-16T08:00:00Z
OSINT-MOCK,OSINT,OSINT Node 2210,Large dataset record for stress testing dashboard.,28.716931,77.138994,2026-01-16T08:10:00Z
Manual Upload,HUMINT,HUMINT Node 2211,Large dataset record for stress testing dashboard.,28.651473,77.108398,2026-01-16T08:20:00Z
OSINT-MOCK,OSINT,OSINT Node 2212,Large dataset record for stress testing dashboard.,28.725051,77.150696,2026-01-16T08:30:00Z
Manual Upload,IMINT,IMINT Node 2213,Large dataset record for stress testing dashboard.,28.850002,77.020562,2026-01-16T08:40:00Z
Manual Upload,HUMINT,HUMINT Node 2214,Large dataset record for stress testing dashboard.,28.814243,77.507219,2026-01-16T08:50:00Z
OSINT-MOCK,OSINT,OSINT Node 2215,Large dataset record for stress testing dashboard.,28.563872,77.059403,2026-01-16T09:00:00Z
Manual Upload,IMINT,IMINT Node 2216,Large dataset record for stress testing dashboard.,28.581092,77.444421,2026-01-16T09:10:00Z
OSINT-MOCK,OSINT,OSINT Node 2217,Large dataset record for stress testing dashboard.,28.438025,77.195941,2026-01-16T09:20:00Z
Manual Upload,HUMINT,HUMINT Node 2218,Large dataset record for stress testing dashboard.,28.8297,77.332844,2026-01-16T09:30:00Z
Manual Upload,HUMINT,HUMINT Node 2219,Large dataset record for stress testing dashboard.,28.438847,77.238094,2026-01-16T09:40:00Z
Manual Upload,HUMINT,HUMINT Node 2220,Large dataset record for stress testing dashboard.,28.599433,77.323977,2026-01-16T09:50:00Z
Manual Upload,IMINT,IMINT Node 2221,Large dataset record for stress testing dashboard.,28.676145,77.039733,2026-01-16T10:00:00Z
Manual Upload,HUMINT,HUMINT Node 2222,Large dataset record for stress testing dashboard.,28.572642,77.21137,2026-01-16T10:10:00Z
Manual Upload,IMINT,IMINT Node 2223,Large dataset record for stress testing dashboard.,28.678329,77.152862,2026-01-16T10:20:00Z
Manual Upload,IMINT,IMINT Node 2224,Large dataset record for stress testing dashboard.,28.73035,77.387399,2026-01-16T10:30:00Z
Manual Upload,HUMINT,HUMINT Node 2225,Large dataset record for stress testing dashboard.,28.865014,77.222989,2026-01-16T10:40:00Z
OSINT-MOCK,OSINT,OSINT Node 2226,Large dataset record for stress testing dashboard.,28.668693,77.049254,2026-01-16T10:50:00Z
OSINT-MOCK,OSINT,OSINT Node 2227,Large dataset record for stress testing dashboard.,28.730253,77.377103,2026-01-16T11:00:00Z
OSINT-MOCK,OSINT,OSINT Node 2228,Large dataset record for stress testing dashboard.,28.469725,77.117112,2026-01-16T11:10:00Z
Manual Upload,IMINT,IMINT Node 2229,Large dataset record for stress testing dashboard.,28.726282,77.475154,2026-01-16T11:20:00Z
Manual Upload,IMINT,IMINT Node 2230,Large dataset record for stress testing dashboard.,28.777102,77.193559,2026-01-16T11:30:00Z
Manual Upload,HUMINT,HUMINT Node 2231,Large dataset record for stress testing dashboard.,28.564772,76.959285,2026-01-16T11:40:00Z
Manual Upload,HUMINT,HUMINT Node 2232,Large dataset record for stress testing dashboard.,28.671609,77.178623,2026-01-16T11:50:00Z
Manual Upload,IMINT,IMINT Node 2233,Large dataset record for stress testing dashboard.,28.779807,77.097562,2026-01-16T12:00:00Z
Manual Upload,HUMINT,HUMINT Node 2234,Large dataset record for stress testing dashboard.,28.707643,77.102001,2026-01-16T12:10:00Z
Manual Upload,IMINT,IMINT Node 2235,Large dataset record for stress testing dashboard.,28.348564,77.193214,2026-01-16T12:20:00Z
Manual Upload,HUMINT,HUMINT Node 2236,Large dataset record for stress testing dashboard.,28.843002,77.208887,2026-01-16T12:30:00Z
OSINT-MOCK,OSINT,OSINT Node 2237,Large dataset record for stress testing dashboard.,28.520457,77.004271,2026-01-16T12:40:00Z
OSINT-MOCK,OSINT,OSINT Node 2238,Large dataset record for stress testing dashboard.,28.665918,77.426593,2026-01-16T12:50:00Z
OSINT-MOCK,OSINT,OSINT Node 2239,Large dataset record for stress testing dashboard.,28.812604,77.225181,2026-01-16T13:00:00Z
Manual Upload,HUMINT,HUMINT Node 2240,Large dataset record for stress testing dashboard.,28.820947,77.195114,2026-01-16T13:10:00Z
Manual Upload,IMINT,IMINT Node 2241,Large dataset record for stress testing dashboard.,28.763648,76.987143,2026-01-16T13:20:00Z
OSINT-MOCK,OSINT,OSINT Node 2242,Large dataset record for stress testing dashboard.,28.437645,76.944782,2026-01-16T13:30:00Z
Manual Upload,HUMINT,HUMINT Node 2243,Large dataset record for stress testing dashboard.,28.419165,77.295079,2026-01-16T13:40:00Z
Manual Upload,HUMINT,HUMINT Node 2244,Large dataset record for stress testing dashboard.,28.375872,77.365946,2026-01-16T13:50:00Z
Manual Upload,HUMINT,HUMINT Node 2245,Large dataset record for stress testing dashboard.,28.811979,77.299749,2026-01-16T14:00:00Z
Manual Upload,HUMINT,HUMINT Node 2246,Large dataset record for stress testing dashboard.,28.569456,76.981415,2026-01-16T14:10:00Z
Manual Upload,HUMINT,HUMINT Node 2247,Large dataset record for stress testing dashboard.,28.377865,77.007629,2026-01-16T14:20:00Z
Manual Upload,HUMINT,HUMINT Node 2248,Large dataset record for stress testing dashboard.,28.408469,77.438825,2026-01-16T14:30:00Z
Manual Upload,IMINT,IMINT Node 2249,Large dataset record for stress testing dashboard.,28.382312,77.069923,2026-01-16T14:40:00Z
OSINT-MOCK,OSINT,OSINT Node 2250,Large dataset record for stress testing dashboard.,28.556389,77.241075,2026-01-16T14:50:00Z
Manual Upload,HUMINT,HUMINT Node 2251,Large dataset record for stress testing dashboard.,28.538778,77.472998,2026-01-16T15:00:00Z
Manual Upload,IMINT,IMINT Node 2252,Large dataset record for stress testing dashboard.,28.887112,76.913718,2026-01-16T15:10:00Z
OSINT-MOCK,OSINT,OSINT Node 2253,Large dataset record for stress testing dashboard.,28.827787,77.016503,2026-01-16T15:20:00Z
Manual Upload,IMINT,IMINT Node 2254,Large dataset record for stress testing dashboard.,28.852993,77.357126,2026-01-16T15:30:00Z
Manual Upload,HUMINT,HUMINT Node 2255,Large dataset record for stress testing dashboard.,28.790728,76.917349,2026-01-16T15:40:00Z
Manual Upload,HUMINT,HUMINT Node 2256,Large dataset record for stress testing dashboard.,28.424531,77.147512,2026-01-16T15:50:00Z
Manual Upload,IMINT,IMINT Node 2257,Large dataset record for stress testing dashboard.,28.811195,76.94533,2026-01-16T16:00:00Z
Manual Upload,HUMINT,HUMINT Node 2258,Large dataset record for stress testing dashboard.,28.329064,76.951872,2026-01-16T16:10:00Z
OSINT-MOCK,OSINT,OSINT Node 2259,Large dataset record for stress testing dashboard.,28.844023,77.364684,2026-01-16T16:20:00Z
OSINT-MOCK,OSINT,OSINT Node 2260,Large dataset record for stress testing dashboard.,28.797634,76.957231,2026-01-16T16:30:00Z
Manual Upload,HUMINT,HUMINT Node 2261,Large dataset record for stress testing dashboard.,28.581289,77.376119,2026-01-16T16:40:00Z
Manual Upload,HUMINT,HUMINT Node 2262,Large dataset record for stress testing dashboard.,28.725051,77.473817,2026-01-16T16:50:00Z
Manual Upload,HUMINT,HUMINT Node 2263,Large dataset record for stress testing dashboard.,28.663882,77.034207,2026-01-16T17:00:00Z
Manual Upload,HUMINT,HUMINT Node 2264,Large dataset record for stress testing dashboard.,28.814978,77.019124,2026-01-16T17:10:00Z
OSINT-MOCK,OSINT,OSINT Node 2265,Large dataset record for stress testing dashboard.,28.539941,77.043326,2026-01-16T17:20:00Z
Manual Upload,IMINT,IMINT Node 2266,Large dataset record for stress testing dashboard.,28.831715,77.173342,2026-01-16T17:30:00Z
OSINT-MOCK,OSINT,OSINT Node 2267,Large dataset record for stress testing dashboard.,28.481082,77.175161,2026-01-16T17:40:00Z
OSINT-MOCK,OSINT,OSINT Node 2268,Large dataset record for stress testing dashboard.,28.863428,76.912198,2026-01-16T17:50:00Z
Manual Upload,HUMINT,HUMINT Node 2269,Large dataset record for stress testing dashboard.,28.888642,76.928507,2026-01-16T18:00:00Z
OSINT-MOCK,OSINT,OSINT Node 2270,Large dataset record for stress testing dashboard.,28.767639,77.104058,2026-01-16T18:10:00Z
Manual Upload,IMINT,IMINT Node 2271,Large dataset record for stress testing dashboard.,28.407664,77.118876,2026-01-16T18:20:00Z
Manual Upload,HUMINT,HUMINT Node 2272,Large dataset record for stress testing dashboard.,28.681549,77.500984,2026-01-16T18:30:00Z
Manual Upload,IMINT,IMINT Node 2273,Large dataset record for stress testing dashboard.,28.379135,77.271174,2026-01-16T18:40:00Z
Manual Upload,IMINT,IMINT Node 2274,Large dataset record for stress testing dashboard.,28.676727,76.985332,2026-01-16T18:50:00Z
OSINT-MOCK,OSINT,OSINT Node 2275,Large dataset record for stress testing dashboard.,28.408702,77.363866,2026-01-16T19:00:00Z
Manual Upload,IMINT,IMINT Node 2276,Large dataset record for stress testing dashboard.,28.638451,76.961204,2026-01-16T19:10:00Z
Manual Upload,HUMINT,HUMINT Node 2277,Large dataset record for stress testing dashboard.,28.384624,77.14157,2026-01-16T19:20:00Z
Manual Upload,IMINT,IMINT Node 2278,Large dataset record for stress testing dashboard.,28.70523,77.088079,2026-01-16T19:30:00Z
Manual Upload,HUMINT,HUMINT Node 2279,Large dataset record for stress testing dashboard.,28.804163,76.9447,2026-01-16T19:40:00Z
Manual Upload,IMINT,IMINT Node 2280,Large dataset record for stress testing dashboard.,28.745016,77.180537,2026-01-16T19:50:00Z
OSINT-MOCK,OSINT,OSINT Node 2281,Large dataset record for stress testing dashboard.,28.512577,77.011987,2026-01-16T20:00:00Z
OSINT-MOCK,OSINT,OSINT Node 2282,Large dataset record for stress testing dashboard.,28.645679,77.091233,2026-01-16T20:10:00Z
Manual Upload,IMINT,IMINT Node 2283,Large dataset record for stress testing dashboard.,28.666767,77.067865,2026-01-16T20:20:00Z
Manual Upload,HUMINT,HUMINT Node 2284,Large dataset record for stress testing dashboard.,28.689861,77.133181,2026-01-16T20:30:00Z
Manual Upload,IMINT,IMINT Node 2285,Large dataset record for stress testing dashboard.,28.747572,77.212399,2026-01-16T20:40:00Z
Manual Upload,HUMINT,HUMINT Node 2286,Large dataset record for stress testing dashboard.,28.574809,77.398639,2026-01-16T20:50:00Z
Manual Upload,HUMINT,HUMINT Node 2287,Large dataset record for stress testing dashboard.,28.76281,77.50523,2026-01-16T21:00:00Z
OSINT-MOCK,OSINT,OSINT Node 2288,Large dataset record for stress testing dashboard.,28.821793,76.92202,2026-01-16T21:10:00Z
OSINT-MOCK,OSINT,OSINT Node 2289,Large dataset record for stress testing dashboard.,28.641284,77.308064,2026-01-16T21:20:00Z
OSINT-MOCK,OSINT,OSINT Node 2290,Large dataset record for stress testing dashboard.,28.652927,77.414443,2026-01-16T21:30:00Z
OSINT-MOCK,OSINT,OSINT Node 2291,Large dataset record for stress testing dashboard.,28.670913,77.008542,2026-01-16T21:40:00Z
Manual Upload,HUMINT,HUMINT Node 2292,Large dataset record for stress testing dashboard.,28.856371,77.374978,2026-01-16T21:50:00Z
OSINT-MOCK,OSINT,OSINT Node 2293,Large dataset record for stress testing dashboard.,28.84317,77.051918,2026-01-16T22:00:00Z
OSINT-MOCK,OSINT,OSINT Node 2294,Large dataset record for stress testing dashboard.,28.481596,77.234328,2026-01-16T22:10:00Z
OSINT-MOCK,OSINT,OSINT Node 2295,Large dataset record for stress testing dashboard.,28.664769,77.013012,2026-01-16T22:20:00Z
OSINT-MOCK,OSINT,OSINT Node 2296,Large dataset record for stress testing dashboard.,28.522998,77.024457,2026-01-16T22:30:00Z
OSINT-MOCK,OSINT,OSINT Node 2297,Large dataset record for stress testing dashboard.,28.417888,77.483443,2026-01-16T22:40:00Z
Manual Upload,HUMINT,HUMINT Node 2298,Large dataset record for stress testing dashboard.,28.528413,76.933442,2026-01-16T22:50:00Z
Manual Upload,HUMINT,HUMINT Node 2299,Large dataset record for stress testing dashboard.,28.857421,77.392216,2026-01-16T23:00:00Z
Manual Upload,IMINT,IMINT Node 2300,Large dataset record for stress testing dashboard.,28.826004,76.944628,2026-01-16T23:10:00Z
Manual Upload,HUMINT,HUMINT Node 2301,Large dataset record for stress testing dashboard.,28.844742,77.044745,2026-01-16T23:20:00Z
Manual Upload,IMINT,IMINT Node 2302,Large dataset record for stress testing dashboard.,28.484108,77.386729,2026-01-16T23:30:00Z
Manual Upload,HUMINT,HUMINT Node 2303,Large dataset record for stress testing dashboard.,28.852377,77.044622,2026-01-16T23:40:00Z
Manual Upload,IMINT,IMINT Node 2304,Large dataset record for stress testing dashboard.,28.662437,77.396896,2026-01-16T23:50:00Z
Manual Upload,IMINT,IMINT Node 2305,Large dataset record for stress testing dashboard.,28.484802,77.379021,2026-01-17T00:00:00Z
OSINT-MOCK,OSINT,OSINT Node 2306,Large dataset record for stress testing dashboard.,28.430085,77.374459,2026-01-17T00:10:00Z
OSINT-MOCK,OSINT,OSINT Node 2307,Large dataset record for stress testing dashboard.,28.838988,77.085726,2026-01-17T00:20:00Z
Manual Upload,HUMINT,HUMINT Node 2308,Large dataset record for stress testing dashboard.,28.550369,77.006927,2026-01-17T00:30:00Z
OSINT-MOCK,OSINT,OSINT Node 2309,Large dataset record for stress testing dashboard.,28.393258,77.396107,2026-01-17T00:40:00Z
Manual Upload,IMINT,IMINT Node 2310,Large dataset record for stress testing dashboard.,28.521992,77.356973,2026-01-17T00:50:00Z
OSINT-MOCK,OSINT,OSINT Node 2311,Large dataset record for stress testing dashboard.,28.913793,77.047295,2026-01-17T01:00:00Z
Manual Upload,HUMINT,HUMINT Node 2312,Large dataset record for stress testing dashboard.,28.812892,77.382196,2026-01-17T01:10:00Z
OSINT-MOCK,OSINT,OSINT Node 2313,Large dataset record for stress testing dashboard.,28.36818,77.436822,2026-01-17T01:20:00Z
Manual Upload,IMINT,IMINT Node 2314,Large dataset record for stress testing dashboard.,28.580499,77.109004,2026-01-17T01:30:00Z
Manual Upload,IMINT,IMINT Node 2315,Large dataset record for stress testing dashboard.,28.549593,77.453604,2026-01-17T01:40:00Z
OSINT-MOCK,OSINT,OSINT Node 2316,Large dataset record for stress testing dashboard.,28.674586,76.989338,2026-01-17T01:50:00Z
Manual Upload,HUMINT,HUMINT Node 2317,Large dataset record for stress testing dashboard.,28.384643,77.054636,2026-01-17T02:00:00Z
Manual Upload,HUMINT,HUMINT Node 2318,Large dataset record for stress testing dashboard.,28.554793,76.954152,2026-01-17T02:10:00Z
OSINT-MOCK,OSINT,OSINT Node 2319,Large dataset record for stress testing dashboard.,28.499294,77.132017,2026-01-17T02:20:00Z
OSINT-MOCK,OSINT,OSINT Node 2320,Large dataset record for stress testing dashboard.,28.35324,76.917932,2026-01-17T02:30:00Z
Manual Upload,IMINT,IMINT Node 2321,Large dataset record for stress testing dashboard.,28.671079,77.429179,2026-01-17T02:40:00Z
Manual Upload,HUMINT,HUMINT Node 2322,Large dataset record for stress testing dashboard.,28.369644,77.03089,2026-01-17T02:50:00Z
OSINT-MOCK,OSINT,OSINT Node 2323,Large dataset record for stress testing dashboard.,28.519039,77.50059,2026-01-17T03:00:00Z
Manual Upload,HUMINT,HUMINT Node 2324,Large dataset record for stress testing dashboard.,28.665474,77.017487,2026-01-17T03:10:00Z
Manual Upload,HUMINT,HUMINT Node 2325,Large dataset record for stress testing dashboard.,28.359508,77.046448,2026-01-17T03:20:00Z
OSINT-MOCK,OSINT,OSINT Node 2326,Large dataset record for stress testing dashboard.,28.537326,77.342528,2026-01-17T03:30:00Z
Manual Upload,HUMINT,HUMINT Node 2327,Large dataset record for stress testing dashboard.,28.880392,77.421983,2026-01-17T03:40:00Z
Manual Upload,IMINT,IMINT Node 2328,Large dataset record for stress testing dashboard.,28.597972,76.999687,2026-01-17T03:50:00Z
Manual Upload,HUMINT,HUMINT Node 2329,Large dataset record for stress testing dashboard.,28.691633,77.148185,2026-01-17T04:00:00Z
Manual Upload,IMINT,IMINT Node 2330,Large dataset record for stress testing dashboard.,28.375631,77.452424,2026-01-17T04:10:00Z
OSINT-MOCK,OSINT,OSINT Node 2331,Large dataset record for stress testing dashboard.,28.329143,77.281486,2026-01-17T04:20:00Z
OSINT-MOCK,OSINT,OSINT Node 2332,Large dataset record for stress testing dashboard.,28.583041,77.368872,2026-01-17T04:30:00Z
Manual Upload,IMINT,IMINT Node 2333,Large dataset record for stress testing dashboard.,28.316606,77.264855,2026-01-17T04:40:00Z
Manual Upload,HUMINT,HUMINT Node 2334,Large dataset record for stress testing dashboard.,28.758996,77.228828,2026-01-17T04:50:00Z
OSINT-MOCK,OSINT,OSINT Node 2335,Large dataset record for stress testing dashboard.,28.503143,76.991457,2026-01-17T05:00:00Z
OSINT-MOCK,OSINT,OSINT Node 2336,Large dataset record for stress testing dashboard.,28.428531,77.33209,2026-01-17T05:10:00Z
Manual Upload,HUMINT,HUMINT Node 2337,Large dataset record for stress testing dashboard.,28.5262,77.047163,2026-01-17T05:20:00Z
Manual Upload,HUMINT,HUMINT Node 2338,Large dataset record for stress testing dashboard.,28.526675,77.099677,2026-01-17T05:30:00Z
OSINT-MOCK,OSINT,OSINT Node 2339,Large dataset record for stress testing dashboard.,28.43983,77.372136,2026-01-17T05:40:00Z
OSINT-MOCK,OSINT,OSINT Node 2340,Large dataset record for stress testing dashboard.,28.663032,76.97204,2026-01-17T05:50:00Z
Manual Upload,HUMINT,HUMINT Node 2341,Large dataset record for stress testing dashboard.,28.713614,76.938622,2026-01-17T06:00:00Z
Manual Upload,IMINT,IMINT Node 2342,Large dataset record for stress testing dashboard.,28.604969,77.263768,2026-01-17T06:10:00Z
OSINT-MOCK,OSINT,OSINT Node 2343,Large dataset record for stress testing dashboard.,28.397695,77.188683,2026-01-17T06:20:00Z
OSINT-MOCK,OSINT,OSINT Node 2344,Large dataset record for stress testing dashboard.,28.538517,77.353749,2026-01-17T06:30:00Z
Manual Upload,IMINT,IMINT Node 2345,Large dataset record for stress testing dashboard.,28.405895,76.965055,2026-01-17T06:40:00Z
Manual Upload,IMINT,IMINT Node 2346,Large dataset record for stress testing dashboard.,28.45566,77.400183,2026-01-17T06:50:00Z
Manual Upload,IMINT,IMINT Node 2347,Large dataset record for stress testing dashboard.,28.792637,77.101802,2026-01-17T07:00:00Z
Manual Upload,IMINT,IMINT Node 2348,Large dataset record for stress testing dashboard.,28.78863,77.26342,2026-01-17T07:10:00Z
Manual Upload,IMINT,IMINT Node 2349,Large dataset record for stress testing dashboard.,28.870503,76.913454,2026-01-17T07:20:00Z
Manual Upload,HUMINT,HUMINT Node 2350,Large dataset record for stress testing dashboard.,28.603762,76.933868,2026-01-17T07:30:00Z
OSINT-MOCK,OSINT,OSINT Node 2351,Large dataset record for stress testing dashboard.,28.694328,77.406709,2026-01-17T07:40:00Z
OSINT-MOCK,OSINT,OSINT Node 2352,Large dataset record for stress testing dashboard.,28.890885,77.437377,2026-01-17T07:50:00Z
Manual Upload,HUMINT,HUMINT Node 2353,Large dataset record for stress testing dashboard.,28.667247,77.500706,2026-01-17T08:00:00Z
Manual Upload,IMINT,IMINT Node 2354,Large dataset record for stress testing dashboard.,28.526474,77.123781,2026-01-17T08:10:00Z
Manual Upload,HUMINT,HUMINT Node 2355,Large dataset record for stress testing dashboard.,28.879554,77.008557,2026-01-17T08:20:00Z
Manual Upload,HUMINT,HUMINT Node 2356,Large dataset record for stress testing dashboard.,28.743747,77.308307,2026-01-17T08:30:00Z
Manual Upload,HUMINT,HUMINT Node 2357,Large dataset record for stress testing dashboard.,28.478862,77.439052,2026-01-17T08:40:00Z
Manual Upload,HUMINT,HUMINT Node 2358,Large dataset record for stress testing dashboard.,28.695824,77.380366,2026-01-17T08:50:00Z
Manual Upload,IMINT,IMINT Node 2359,Large dataset record for stress testing dashboard.,28.755045,77.227243,2026-01-17T09:00:00Z
Manual Upload,HUMINT,HUMINT Node 2360,Large dataset record for stress testing dashboard.,28.638792,77.492596,2026-01-17T09:10:00Z
Manual Upload,HUMINT,HUMINT Node 2361,Large dataset record for stress testing dashboard.,28.733582,77.335361,2026-01-17T09:20:00Z
OSINT-MOCK,OSINT,OSINT Node 2362,Large dataset record for stress testing dashboard.,28.394885,77.382122,2026-01-17T09:30:00Z
Manual Upload,HUMINT,HUMINT Node 2363,Large dataset record for stress testing dashboard.,28.757694,77.068675,2026-01-17T09:40:00Z
OSINT-MOCK,OSINT,OSINT Node 2364,Large dataset record for stress testing dashboard.,28.389098,77.259701,2026-01-17T09:50:00Z
Manual Upload,IMINT,IMINT Node 2365,Large dataset record for stress testing dashboard.,28.531348,77.463387,2026-01-17T10:00:00Z
OSINT-MOCK,OSINT,OSINT Node 2366,Large dataset record for stress testing dashboard.,28.838838,77.351268,2026-01-17T10:10:00Z
Manual Upload,IMINT,IMINT Node 2367,Large dataset record for stress testing dashboard.,28.785341,77.144074,2026-01-17T10:20:00Z
Manual Upload,HUMINT,HUMINT Node 2368,Large dataset record for stress testing dashboard.,28.409314,77.01914,2026-01-17T10:30:00Z
OSINT-MOCK,OSINT,OSINT Node 2369,Large dataset record for stress testing dashboard.,28.319074,76.972774,2026-01-17T10:40:00Z
Manual Upload,IMINT,IMINT Node 2370,Large dataset record for stress testing dashboard.,28.525501,77.386489,2026-01-17T10:50:00Z
Manual Upload,HUMINT,HUMINT Node 2371,Large dataset record for stress testing dashboard.,28.557341,77.36316,2026-01-17T11:00:00Z
OSINT-MOCK,OSINT,OSINT Node 2372,Large dataset record for stress testing dashboard.,28.582233,77.240482,2026-01-17T11:10:00Z
OSINT-MOCK,OSINT,OSINT Node 2373,Large dataset record for stress testing dashboard.,28.667289,77.060171,2026-01-17T11:20:00Z
OSINT-MOCK,OSINT,OSINT Node 2374,Large dataset record for stress testing dashboard.,28.701571,76.963384,2026-01-17T11:30:00Z
Manual Upload,HUMINT,HUMINT Node 2375,Large dataset record for stress testing dashboard.,28.789651,77.05641,2026-01-17T11:40:00Z
OSINT-MOCK,OSINT,OSINT Node 2376,Large dataset record for stress testing dashboard.,28.366214,77.250839,2026-01-17T11:50:00Z
Manual Upload,IMINT,IMINT Node 2377,Large dataset record for stress testing dashboard.,28.670313,77.381837,2026-01-17T12:00:00Z
OSINT-MOCK,OSINT,OSINT Node 2378,Large dataset record for stress testing dashboard.,28.735199,77.159503,2026-01-17T12:10:00Z
OSINT-MOCK,OSINT,OSINT Node 2379,Large dataset record for stress testing dashboard.,28.812785,77.17503,2026-01-17T12:20:00Z
Manual Upload,HUMINT,HUMINT Node 2380,Large dataset record for stress testing dashboard.,28.559846,76.909148,2026-01-17T12:30:00Z
Manual Upload,IMINT,IMINT Node 2381,Large dataset record for stress testing dashboard.,28.810719,76.940569,2026-01-17T12:40:00Z
OSINT-MOCK,OSINT,OSINT Node 2382,Large dataset record for stress testing dashboard.,28.530684,77.025523,2026-01-17T12:50:00Z
OSINT-MOCK,OSINT,OSINT Node 2383,Large dataset record for stress testing dashboard.,28.600228,77.080024,2026-01-17T13:00:00Z
OSINT-MOCK,OSINT,OSINT Node 2384,Large dataset record for stress testing dashboard.,28.325158,77.04796,2026-01-17T13:10:00Z
Manual Upload,IMINT,IMINT Node 2385,Large dataset record for stress testing dashboard.,28.343841,77.365155,2026-01-17T13:20:00Z
OSINT-MOCK,OSINT,OSINT Node 2386,Large dataset record for stress testing dashboard.,28.445664,77.131441,2026-01-17T13:30:00Z
OSINT-MOCK,OSINT,OSINT Node 2387,Large dataset record for stress testing dashboard.,28.637146,77.015582,2026-01-17T13:40:00Z
OSINT-MOCK,OSINT,OSINT Node 2388,Large dataset record for stress testing dashboard.,28.492627,77.187208,2026-01-17T13:50:00Z
OSINT-MOCK,OSINT,OSINT Node 2389,Large dataset record for stress testing dashboard.,28.883683,77.042316,2026-01-17T14:00:00Z
OSINT-MOCK,OSINT,OSINT Node 2390,Large dataset record for stress testing dashboard.,28.730797,77.160923,2026-01-17T14:10:00Z
Manual Upload,HUMINT,HUMINT Node 2391,Large dataset record for stress testing dashboard.,28.872959,76.99514,2026-01-17T14:20:00Z
Manual Upload,HUMINT,HUMINT Node 2392,Large dataset record for stress testing dashboard.,28.709346,77.101222,2026-01-17T14:30:00Z
Manual Upload,IMINT,IMINT Node 2393,Large dataset record for stress testing dashboard.,28.55404,77.463081,2026-01-17T14:40:00Z
Manual Upload,HUMINT,HUMINT Node 2394,Large dataset record for stress testing dashboard.,28.564691,77.413326,2026-01-17T14:50:00Z
Manual Upload,HUMINT,HUMINT Node 2395,Large dataset record for stress testing dashboard.,28.89927,77.431185,2026-01-17T15:00:00Z
Manual Upload,IMINT,IMINT Node 2396,Large dataset record for stress testing dashboard.,28.482728,77.334227,2026-01-17T15:10:00Z
Manual Upload,IMINT,IMINT Node 2397,Large dataset record for stress testing dashboard.,28.877536,76.915194,2026-01-17T15:20:00Z
OSINT-MOCK,OSINT,OSINT Node 2398,Large dataset record for stress testing dashboard.,28.509239,77.186817,2026-01-17T15:30:00Z
Manual Upload,HUMINT,HUMINT Node 2399,Large dataset record for stress testing dashboard.,28.476726,76.963079,2026-01-17T15:40:00Z
Manual Upload,IMINT,IMINT Node 2400,Large dataset record for stress testing dashboard.,28.709321,77.423434,2026-01-17T15:50:00Z
OSINT-MOCK,OSINT,OSINT Node 2401,Large dataset record for stress testing dashboard.,28.380694,77.498823,2026-01-17T16:00:00Z
Manual Upload,IMINT,IMINT Node 2402,Large dataset record for stress testing dashboard.,28.7858,76.9778,2026-01-17T16:10:00Z
Manual Upload,HUMINT,HUMINT Node 2403,Large dataset record for stress testing dashboard.,28.876014,77.279331,2026-01-17T16:20:00Z
Manual Upload,HUMINT,HUMINT Node 2404,Large dataset record for stress testing dashboard.,28.741431,77.487999,2026-01-17T16:30:00Z
OSINT-MOCK,OSINT,OSINT Node 2405,Large dataset record for stress testing dashboard.,28.39623,77.02903,2026-01-17T16:40:00Z
Manual Upload,HUMINT,HUMINT Node 2406,Large dataset record for stress testing dashboard.,28.547354,77.074613,2026-01-17T16:50:00Z
Manual Upload,HUMINT,HUMINT Node 2407,Large dataset record for stress testing dashboard.,28.383683,77.358319,2026-01-17T17:00:00Z
Manual Upload,HUMINT,HUMINT Node 2408,Large dataset record for stress testing dashboard.,28.421106,77.190921,2026-01-17T17:10:00Z
Manual Upload,HUMINT,HUMINT Node 2409,Large dataset record for stress testing dashboard.,28.627915,77.194965,2026-01-17T17:20:00Z
Manual Upload,HUMINT,HUMINT Node 2410,Large dataset record for stress testing dashboard.,28.850477,77.360231,2026-01-17T17:30:00Z
Manual Upload,HUMINT,HUMINT Node 2411,Large dataset record for stress testing dashboard.,28.829092,77.034057,2026-01-17T17:40:00Z
OSINT-MOCK,OSINT,OSINT Node 2412,Large dataset record for stress testing dashboard.,28.676543,77.017036,2026-01-17T17:50:00Z
OSINT-MOCK,OSINT,OSINT Node 2413,Large dataset record for stress testing dashboard.,28.805174,77.437,2026-01-17T18:00:00Z
OSINT-MOCK,OSINT,OSINT Node 2414,Large dataset record for stress testing dashboard.,28.597929,77.424009,2026-01-17T18:10:00Z
OSINT-MOCK,OSINT,OSINT Node 2415,Large dataset record for stress testing dashboard.,28.620858,77.173828,2026-01-17T18:20:00Z
Manual Upload,IMINT,IMINT Node 2416,Large dataset record for stress testing dashboard.,28.815436,77.205649,2026-01-17T18:30:00Z
Manual Upload,IMINT,IMINT Node 2417,Large dataset record for stress testing dashboard.,28.652679,77.012461,2026-01-17T18:40:00Z
Manual Upload,HUMINT,HUMINT Node 2418,Large dataset record for stress testing dashboard.,28.423551,77.438323,2026-01-17T18:50:00Z
Manual Upload,HUMINT,HUMINT Node 2419,Large dataset record for stress testing dashboard.,28.650117,77.176178,2026-01-17T19:00:00Z
Manual Upload,HUMINT,HUMINT Node 2420,Large dataset record for stress testing dashboard.,28.776797,76.955662,2026-01-17T19:10:00Z
Manual Upload,HUMINT,HUMINT Node 2421,Large dataset record for stress testing dashboard.,28.414831,77.070201,2026-01-17T19:20:00Z
Manual Upload,IMINT,IMINT Node 2422,Large dataset record for stress testing dashboard.,28.782443,77.386678,2026-01-17T19:30:00Z
Manual Upload,HUMINT,HUMINT Node 2423,Large dataset record for stress testing dashboard.,28.808249,77.25256,2026-01-17T19:40:00Z
OSINT-MOCK,OSINT,OSINT Node 2424,Large dataset record for stress testing dashboard.,28.656064,77.50746,2026-01-17T19:50:00Z
Manual Upload,IMINT,IMINT Node 2425,Large dataset record for stress testing dashboard.,28.529261,77.085053,2026-01-17T20:00:00Z
OSINT-MOCK,OSINT,OSINT Node 2426,Large dataset record for stress testing dashboard.,28.535734,77.044237,2026-01-17T20:10:00Z
Manual Upload,HUMINT,HUMINT Node 2427,Large dataset record for stress testing dashboard.,28.564713,77.249692,2026-01-17T20:20:00Z
Manual Upload,IMINT,IMINT Node 2428,Large dataset record for stress testing dashboard.,28.726829,77.012774,2026-01-17T20:30:00Z
OSINT-MOCK,OSINT,OSINT Node 2429,Large dataset record for stress testing dashboard.,28.574224,77.332659,2026-01-17T20:40:00Z
OSINT-MOCK,OSINT,OSINT Node 2430,Large dataset record for stress testing dashboard.,28.705602,77.496552,2026-01-17T20:50:00Z
Manual Upload,HUMINT,HUMINT Node 2431,Large dataset record for stress testing dashboard.,28.671272,77.045282,2026-01-17T21:00:00Z
Manual Upload,IMINT,IMINT Node 2432,Large dataset record for stress testing dashboard.,28.689393,77.096771,2026-01-17T21:10:00Z
Manual Upload,HUMINT,HUMINT Node 2433,Large dataset record for stress testing dashboard.,28.880064,77.013629,2026-01-17T21:20:00Z
Manual Upload,IMINT,IMINT Node 2434,Large dataset record for stress testing dashboard.,28.749568,77.049674,2026-01-17T21:30:00Z
OSINT-MOCK,OSINT,OSINT Node 2435,Large dataset record for stress testing dashboard.,28.675944,77.410137,2026-01-17T21:40:00Z
Manual Upload,IMINT,IMINT Node 2436,Large dataset record for stress testing dashboard.,28.662831,77.041225,2026-01-17T21:50:00Z
OSINT-MOCK,OSINT,OSINT Node 2437,Large dataset record for stress testing dashboard.,28.360492,77.312177,2026-01-17T22:00:00Z
Manual Upload,IMINT,IMINT Node 2438,Large dataset record for stress testing dashboard.,28.496735,77.416858,2026-01-17T22:10:00Z
OSINT-MOCK,OSINT,OSINT Node 2439,Large dataset record for stress testing dashboard.,28.560239,76.965318,2026-01-17T22:20:00Z
Manual Upload,IMINT,IMINT Node 2440,Large dataset record for stress testing dashboard.,28.587266,77.482711,2026-01-17T22:30:00Z
OSINT-MOCK,OSINT,OSINT Node 2441,Large dataset record for stress testing dashboard.,28.471054,77.036367,2026-01-17T22:40:00Z
Manual Upload,IMINT,IMINT Node 2442,Large dataset record for stress testing dashboard.,28.551608,77.134106,2026-01-17T22:50:00Z
Manual Upload,HUMINT,HUMINT Node 2443,Large dataset record for stress testing dashboard.,28.765365,77.414945,2026-01-17T23:00:00Z
Manual Upload,HUMINT,HUMINT Node 2444,Large dataset record for stress testing dashboard.,28.840982,77.062844,2026-01-17T23:10:00Z
Manual Upload,HUMINT,HUMINT Node 2445,Large dataset record for stress testing dashboard.,28.823348,76.987824,2026-01-17T23:20:00Z
OSINT-MOCK,OSINT,OSINT Node 2446,Large dataset record for stress testing dashboard.,28.766911,77.151479,2026-01-17T23:30:00Z
Manual Upload,IMINT,IMINT Node 2447,Large dataset record for stress testing dashboard.,28.534546,77.087161,2026-01-17T23:40:00Z
Manual Upload,IMINT,IMINT Node 2448,Large dataset record for stress testing dashboard.,28.366177,77.13266,2026-01-17T23:50:00Z
OSINT-MOCK,OSINT,OSINT Node 2449,Large dataset record for stress testing dashboard.,28.761827,77.251752,2026-01-18T00:00:00Z
Manual Upload,IMINT,IMINT Node 2450,Large dataset record for stress testing dashboard.,28.403392,77.194227,2026-01-18T00:10:00Z
OSINT-MOCK,OSINT,OSINT Node 2451,Large dataset record for stress testing dashboard.,28.414062,77.414874,2026-01-18T00:20:00Z
OSINT-MOCK,OSINT,OSINT Node 2452,Large dataset record for stress testing dashboard.,28.780143,77.093839,2026-01-18T00:30:00Z
Manual Upload,IMINT,IMINT Node 2453,Large dataset record for stress testing dashboard.,28.732403,77.298887,2026-01-18T00:40:00Z
OSINT-MOCK,OSINT,OSINT Node 2454,Large dataset record for stress testing dashboard.,28.544935,77.083034,2026-01-18T00:50:00Z
Manual Upload,HUMINT,HUMINT Node 2455,Large dataset record for stress testing dashboard.,28.531905,77.360739,2026-01-18T01:00:00Z
OSINT-MOCK,OSINT,OSINT Node 2456,Large dataset record for stress testing dashboard.,28.33386,77.448655,2026-01-18T01:10:00Z
Manual Upload,HUMINT,HUMINT Node 2457,Large dataset record for stress testing dashboard.,28.737433,77.175524,2026-01-18T01:20:00Z
OSINT-MOCK,OSINT,OSINT Node 2458,Large dataset record for stress testing dashboard.,28.669184,77.056388,2026-01-18T01:30:00Z
Manual Upload,IMINT,IMINT Node 2459,Large dataset record for stress testing dashboard.,28.551715,77.295767,2026-01-18T01:40:00Z
Manual Upload,HUMINT,HUMINT Node 2460,Large dataset record for stress testing dashboard.,28.440494,77.399454,2026-01-18T01:50:00Z
OSINT-MOCK,OSINT,OSINT Node 2461,Large dataset record for stress testing dashboard.,28.734406,77.441598,2026-01-18T02:00:00Z
Manual Upload,IMINT,IMINT Node 2462,Large dataset record for stress testing dashboard.,28.642696,76.990384,2026-01-18T02:10:00Z
Manual Upload,HUMINT,HUMINT Node 2463,Large dataset record for stress testing dashboard.,28.423946,77.155188,2026-01-18T02:20:00Z
OSINT-MOCK,OSINT,OSINT Node 2464,Large dataset record for stress testing dashboard.,28.860635,77.294424,2026-01-18T02:30:00Z
Manual Upload,HUMINT,HUMINT Node 2465,Large dataset record for stress testing dashboard.,28.682485,77.371658,2026-01-18T02:40:00Z
Manual Upload,HUMINT,HUMINT Node 2466,Large dataset record for stress testing dashboard.,28.618751,77.21324,2026-01-18T02:50:00Z
Manual Upload,IMINT,IMINT Node 2467,Large dataset record for stress testing dashboard.,28.444718,77.364957,2026-01-18T03:00:00Z
Manual Upload,HUMINT,HUMINT Node 2468,Large dataset record for stress testing dashboard.,28.672577,77.404871,2026-01-18T03:10:00Z
Manual Upload,HUMINT,HUMINT Node 2469,Large dataset record for stress testing dashboard.,28.596337,77.032148,2026-01-18T03:20:00Z
OSINT-MOCK,OSINT,OSINT Node 2470,Large dataset record for stress testing dashboard.,28.43651,77.316842,2026-01-18T03:30:00Z
Manual Upload,IMINT,IMINT Node 2471,Large dataset record for stress testing dashboard.,28.731725,77.32516,2026-01-18T03:40:00Z
OSINT-MOCK,OSINT,OSINT Node 2472,Large dataset record for stress testing dashboard.,28.767463,77.501447,2026-01-18T03:50:00Z
Manual Upload,IMINT,IMINT Node 2473,Large dataset record for stress testing dashboard.,28.759035,77.097948,2026-01-18T04:00:00Z
Manual Upload,IMINT,IMINT Node 2474,Large dataset record for stress testing dashboard.,28.507492,76.922144,2026-01-18T04:10:00Z
OSINT-MOCK,OSINT,OSINT Node 2475,Large dataset record for stress testing dashboard.,28.69598,77.251601,2026-01-18T04:20:00Z
OSINT-MOCK,OSINT,OSINT Node 2476,Large dataset record for stress testing dashboard.,28.810961,77.325682,2026-01-18T04:30:00Z
Manual Upload,HUMINT,HUMINT Node 2477,Large dataset record for stress testing dashboard.,28.471317,77.422869,2026-01-18T04:40:00Z
Manual Upload,IMINT,IMINT Node 2478,Large dataset record for stress testing dashboard.,28.772897,77.367905,2026-01-18T04:50:00Z
Manual Upload,HUMINT,HUMINT Node 2479,Large dataset record for stress testing dashboard.,28.832491,77.318676,2026-01-18T05:00:00Z
OSINT-MOCK,OSINT,OSINT Node 2480,Large dataset record for stress testing dashboard.,28.331744,77.143452,2026-01-18T05:10:00Z
Manual Upload,HUMINT,HUMINT Node 2481,Large dataset record for stress testing dashboard.,28.817262,77.366522,2026-01-18T05:20:00Z
Manual Upload,IMINT,IMINT Node 2482,Large dataset record for stress testing dashboard.,28.771704,77.255728,2026-01-18T05:30:00Z
OSINT-MOCK,OSINT,OSINT Node 2483,Large dataset record for stress testing dashboard.,28.851688,76.917898,2026-01-18T05:40:00Z
OSINT-MOCK,OSINT,OSINT Node 2484,Large dataset record for stress testing dashboard.,28.880003,77.25713,2026-01-18T05:50:00Z
Manual Upload,IMINT,IMINT Node 2485,Large dataset record for stress testing dashboard.,28.773943,77.214382,2026-01-18T06:00:00Z
Manual Upload,IMINT,IMINT Node 2486,Large dataset record for stress testing dashboard.,28.361955,77.506118,2026-01-18T06:10:00Z
Manual Upload,IMINT,IMINT Node 2487,Large dataset record for stress testing dashboard.,28.872193,77.203323,2026-01-18T06:20:00Z
OSINT-MOCK,OSINT,OSINT Node 2488,Large dataset record for stress testing dashboard.,28.406251,77.330457,2026-01-18T06:30:00Z
OSINT-MOCK,OSINT,OSINT Node 2489,Large dataset record for stress testing dashboard.,28.777469,77.049028,2026-01-18T06:40:00Z
OSINT-MOCK,OSINT,OSINT Node 2490,Large dataset record for stress testing dashboard.,28.588425,77.457652,2026-01-18T06:50:00Z
Manual Upload,HUMINT,HUMINT Node 2491,Large dataset record for stress testing dashboard.,28.634236,77.402415,2026-01-18T07:00:00Z
Manual Upload,IMINT,IMINT Node 2492,Large dataset record for stress testing dashboard.,28.680348,77.011969,2026-01-18T07:10:00Z
Manual Upload,IMINT,IMINT Node 2493,Large dataset record for stress testing dashboard.,28.489062,76.927124,2026-01-18T07:20:00Z
Manual Upload,IMINT,IMINT Node 2494,Large dataset record for stress testing dashboard.,28.731174,77.230337,2026-01-18T07:30:00Z
Manual Upload,IMINT,IMINT Node 2495,Large dataset record for stress testing dashboard.,28.454551,77.439566,2026-01-18T07:40:00Z
Manual Upload,HUMINT,HUMINT Node 2496,Large dataset record for stress testing dashboard.,28.77655,77.483585,2026-01-18T07:50:00Z
Manual Upload,IMINT,IMINT Node 2497,Large dataset record for stress testing dashboard.,28.726153,77.29284,2026-01-18T08:00:00Z
Manual Upload,IMINT,IMINT Node 2498,Large dataset record for stress testing dashboard.,28.325467,77.078366,2026-01-18T08:10:00Z
OSINT-MOCK,OSINT,OSINT Node 2499,Large dataset record for stress testing dashboard.,28.680197,77.160128,2026-01-18T08:20:00Z
OSINT-MOCK,OSINT,OSINT Node 2500,Large dataset record for stress testing dashboard.,28.91023,77.268289,2026-01-18T08:30:00Z
Manual Upload,HUMINT,HUMINT Node 2501,Large dataset record for stress testing dashboard.,28.684058,77.400716,2026-01-18T08:40:00Z
Manual Upload,IMINT,IMINT Node 2502,Large dataset record for stress testing dashboard.,28.427811,77.129719,2026-01-18T08:50:00Z
Manual Upload,HUMINT,HUMINT Node 2503,Large dataset record for stress testing dashboard.,28.632201,77.484154,2026-01-18T09:00:00Z
Manual Upload,IMINT,IMINT Node 2504,Large dataset record for stress testing dashboard.,28.4531,77.456478,2026-01-18T09:10:00Z
OSINT-MOCK,OSINT,OSINT Node 2505,Large dataset record for stress testing dashboard.,28.779364,77.304213,2026-01-18T09:20:00Z
Manual Upload,IMINT,IMINT Node 2506,Large dataset record for stress testing dashboard.,28.800934,77.327425,2026-01-18T09:30:00Z
Manual Upload,HUMINT,HUMINT Node 2507,Large dataset record for stress testing dashboard.,28.720877,77.353229,2026-01-18T09:40:00Z
Manual Upload,HUMINT,HUMINT Node 2508,Large dataset record for stress testing dashboard.,28.748708,76.975988,2026-01-18T09:50:00Z
Manual Upload,HUMINT,HUMINT Node 2509,Large dataset record for stress testing dashboard.,28.615099,77.465454,2026-01-18T10:00:00Z
Manual Upload,HUMINT,HUMINT Node 2510,Large dataset record for stress testing dashboard.,28.694311,77.481309,2026-01-18T10:10:00Z
Manual Upload,HUMINT,HUMINT Node 2511,Large dataset record for stress testing dashboard.,28.711894,77.31568,2026-01-18T10:20:00Z
OSINT-MOCK,OSINT,OSINT Node 2512,Large dataset record for stress testing dashboard.,28.843717,77.225622,2026-01-18T10:30:00Z
Manual Upload,HUMINT,HUMINT Node 2513,Large dataset record for stress testing dashboard.,28.375674,77.299295,2026-01-18T10:40:00Z
Manual Upload,IMINT,IMINT Node 2514,Large dataset record for stress testing dashboard.,28.843391,77.257551,2026-01-18T10:50:00Z
Manual Upload,IMINT,IMINT Node 2515,Large dataset record for stress testing dashboard.,28.708802,77.449752,2026-01-18T11:00:00Z
OSINT-MOCK,OSINT,OSINT Node 2516,Large dataset record for stress testing dashboard.,28.620501,77.106141,2026-01-18T11:10:00Z
OSINT-MOCK,OSINT,OSINT Node 2517,Large dataset record for stress testing dashboard.,28.877589,77.373826,2026-01-18T11:20:00Z
OSINT-MOCK,OSINT,OSINT Node 2518,Large dataset record for stress testing dashboard.,28.599472,77.471149,2026-01-18T11:30:00Z
Manual Upload,HUMINT,HUMINT Node 2519,Large dataset record for stress testing dashboard.,28.56126,77.088006,2026-01-18T11:40:00Z
Manual Upload,IMINT,IMINT Node 2520,Large dataset record for stress testing dashboard.,28.841801,77.031152,2026-01-18T11:50:00Z
Manual Upload,IMINT,IMINT Node 2521,Large dataset record for stress testing dashboard.,28.691362,76.927867,2026-01-18T12:00:00Z
OSINT-MOCK,OSINT,OSINT Node 2522,Large dataset record for stress testing dashboard.,28.852853,77.485564,2026-01-18T12:10:00Z
Manual Upload,IMINT,IMINT Node 2523,Large dataset record for stress testing dashboard.,28.586457,77.150267,2026-01-18T12:20:00Z
Manual Upload,IMINT,IMINT Node 2524,Large dataset record for stress testing dashboard.,28.413263,77.476522,2026-01-18T12:30:00Z
Manual Upload,HUMINT,HUMINT Node 2525,Large dataset record for stress testing dashboard.,28.418212,77.431071,2026-01-18T12:40:00Z
Manual Upload,HUMINT,HUMINT Node 2526,Large dataset record for stress testing dashboard.,28.813654,77.414468,2026-01-18T12:50:00Z
OSINT-MOCK,OSINT,OSINT Node 2527,Large dataset record for stress testing dashboard.,28.76526,76.927114,2026-01-18T13:00:00Z
Manual Upload,IMINT,IMINT Node 2528,Large dataset record for stress testing dashboard.,28.588486,77.218804,2026-01-18T13:10:00Z
Manual Upload,IMINT,IMINT Node 2529,Large dataset record for stress testing dashboard.,28.661572,77.112327,2026-01-18T13:20:00Z
Manual Upload,IMINT,IMINT Node 2530,Large dataset record for stress testing dashboard.,28.42421,77.297108,2026-01-18T13:30:00Z
Manual Upload,IMINT,IMINT Node 2531,Large dataset record for stress testing dashboard.,28.479266,76.954157,2026-01-18T13:40:00Z
Manual Upload,IMINT,IMINT Node 2532,Large dataset record for stress testing dashboard.,28.315209,77.471236,2026-01-18T13:50:00Z
Manual Upload,HUMINT,HUMINT Node 2533,Large dataset record for stress testing dashboard.,28.3813,77.268904,2026-01-18T14:00:00Z
Manual Upload,HUMINT,HUMINT Node 2534,Large dataset record for stress testing dashboard.,28.829048,77.011894,2026-01-18T14:10:00Z
Manual Upload,IMINT,IMINT Node 2535,Large dataset record for stress testing dashboard.,28.557587,76.988459,2026-01-18T14:20:00Z
OSINT-MOCK,OSINT,OSINT Node 2536,Large dataset record for stress testing dashboard.,28.333756,76.989081,2026-01-18T14:30:00Z
OSINT-MOCK,OSINT,OSINT Node 2537,Large dataset record for stress testing dashboard.,28.457965,76.981028,2026-01-18T14:40:00Z
Manual Upload,HUMINT,HUMINT Node 2538,Large dataset record for stress testing dashboard.,28.695262,77.391679,2026-01-18T14:50:00Z
Manual Upload,HUMINT,HUMINT Node 2539,Large dataset record for stress testing dashboard.,28.430671,77.449813,2026-01-18T15:00:00Z
Manual Upload,IMINT,IMINT Node 2540,Large dataset record for stress testing dashboard.,28.482267,77.040005,2026-01-18T15:10:00Z
Manual Upload,IMINT,IMINT Node 2541,Large dataset record for stress testing dashboard.,28.542791,77.299576,2026-01-18T15:20:00Z
Manual Upload,IMINT,IMINT Node 2542,Large dataset record for stress testing dashboard.,28.465749,77.507992,2026-01-18T15:30:00Z
OSINT-MOCK,OSINT,OSINT Node 2543,Large dataset record for stress testing dashboard.,28.806692,77.199732,2026-01-18T15:40:00Z
Manual Upload,IMINT,IMINT Node 2544,Large dataset record for stress testing dashboard.,28.362634,76.915571,2026-01-18T15:50:00Z
Manual Upload,IMINT,IMINT Node 2545,Large dataset record for stress testing dashboard.,28.491041,77.306154,2026-01-18T16:00:00Z
Manual Upload,HUMINT,HUMINT Node 2546,Large dataset record for stress testing dashboard.,28.399463,77.006384,2026-01-18T16:10:00Z
Manual Upload,IMINT,IMINT Node 2547,Large dataset record for stress testing dashboard.,28.44287,77.267002,2026-01-18T16:20:00Z
OSINT-MOCK,OSINT,OSINT Node 2548,Large dataset record for stress testing dashboard.,28.367915,77.46462,2026-01-18T16:30:00Z
OSINT-MOCK,OSINT,OSINT Node 2549,Large dataset record for stress testing dashboard.,28.589018,77.058186,2026-01-18T16:40:00Z
Manual Upload,HUMINT,HUMINT Node 2550,Large dataset record for stress testing dashboard.,28.644692,77.068756,2026-01-18T16:50:00Z
Manual Upload,IMINT,IMINT Node 2551,Large dataset record for stress testing dashboard.,28.556941,77.398817,2026-01-18T17:00:00Z
Manual Upload,IMINT,IMINT Node 2552,Large dataset record for stress testing dashboard.,28.349179,77.275027,2026-01-18T17:10:00Z
Manual Upload,HUMINT,HUMINT Node 2553,Large dataset record for stress testing dashboard.,28.770527,76.909461,2026-01-18T17:20:00Z
Manual Upload,IMINT,IMINT Node 2554,Large dataset record for stress testing dashboard.,28.45927,77.099947,2026-01-18T17:30:00Z
OSINT-MOCK,OSINT,OSINT Node 2555,Large dataset record for stress testing dashboard.,28.498903,77.120158,2026-01-18T17:40:00Z
Manual Upload,IMINT,IMINT Node 2556,Large dataset record for stress testing dashboard.,28.732941,77.163949,2026-01-18T17:50:00Z
Manual Upload,HUMINT,HUMINT Node 2557,Large dataset record for stress testing dashboard.,28.76624,77.328947,2026-01-18T18:00:00Z
Manual Upload,HUMINT,HUMINT Node 2558,Large dataset record for stress testing dashboard.,28.787764,77.376331,2026-01-18T18:10:00Z
Manual Upload,HUMINT,HUMINT Node 2559,Large dataset record for stress testing dashboard.,28.721702,77.491538,2026-01-18T18:20:00Z
Manual Upload,IMINT,IMINT Node 2560,Large dataset record for stress testing dashboard.,28.810141,77.072186,2026-01-18T18:30:00Z
Manual Upload,IMINT,IMINT Node 2561,Large dataset record for stress testing dashboard.,28.641971,76.980314,2026-01-18T18:40:00Z
OSINT-MOCK,OSINT,OSINT Node 2562,Large dataset record for stress testing dashboard.,28.655873,77.507847,2026-01-18T18:50:00Z
Manual Upload,IMINT,IMINT Node 2563,Large dataset record for stress testing dashboard.,28.624562,77.074867,2026-01-18T19:00:00Z
OSINT-MOCK,OSINT,OSINT Node 2564,Large dataset record for stress testing dashboard.,28.553939,77.000362,2026-01-18T19:10:00Z
OSINT-MOCK,OSINT,OSINT Node 2565,Large dataset record for stress testing dashboard.,28.890338,77.047493,2026-01-18T19:20:00Z
Manual Upload,IMINT,IMINT Node 2566,Large dataset record for stress testing dashboard.,28.542596,77.393078,2026-01-18T19:30:00Z
Manual Upload,HUMINT,HUMINT Node 2567,Large dataset record for stress testing dashboard.,28.779178,77.491094,2026-01-18T19:40:00Z
Manual Upload,HUMINT,HUMINT Node 2568,Large dataset record for stress testing dashboard.,28.484122,76.953214,2026-01-18T19:50:00Z
Manual Upload,HUMINT,HUMINT Node 2569,Large dataset record for stress testing dashboard.,28.662786,77.249169,2026-01-18T20:00:00Z
Manual Upload,IMINT,IMINT Node 2570,Large dataset record for stress testing dashboard.,28.894574,77.422192,2026-01-18T20:10:00Z
OSINT-MOCK,OSINT,OSINT Node 2571,Large dataset record for stress testing dashboard.,28.856948,76.989933,2026-01-18T20:20:00Z
Manual Upload,IMINT,IMINT Node 2572,Large dataset record for stress testing dashboard.,28.88469,77.020597,2026-01-18T20:30:00Z
Manual Upload,HUMINT,HUMINT Node 2573,Large dataset record for stress testing dashboard.,28.546071,77.008471,2026-01-18T20:40:00Z
Manual Upload,HUMINT,HUMINT Node 2574,Large dataset record for stress testing dashboard.,28.652105,76.986287,2026-01-18T20:50:00Z
Manual Upload,HUMINT,HUMINT Node 2575,Large dataset record for stress testing dashboard.,28.564072,76.952603,2026-01-18T21:00:00Z
Manual Upload,HUMINT,HUMINT Node 2576,Large dataset record for stress testing dashboard.,28.883077,77.250518,2026-01-18T21:10:00Z
Manual Upload,HUMINT,HUMINT Node 2577,Large dataset record for stress testing dashboard.,28.420052,77.444524,2026-01-18T21:20:00Z
Manual Upload,IMINT,IMINT Node 2578,Large dataset record for stress testing dashboard.,28.680064,77.263005,2026-01-18T21:30:00Z
Manual Upload,IMINT,IMINT Node 2579,Large dataset record for stress testing dashboard.,28.708283,77.001592,2026-01-18T21:40:00Z
Manual Upload,IMINT,IMINT Node 2580,Large dataset record for stress testing dashboard.,28.675821,77.47981,2026-01-18T21:50:00Z
Manual Upload,IMINT,IMINT Node 2581,Large dataset record for stress testing dashboard.,28.462669,77.10137,2026-01-18T22:00:00Z
Manual Upload,HUMINT,HUMINT Node 2582,Large dataset record for stress testing dashboard.,28.754782,77.428097,2026-01-18T22:10:00Z
Manual Upload,HUMINT,HUMINT Node 2583,Large dataset record for stress testing dashboard.,28.647487,77.187395,2026-01-18T22:20:00Z
Manual Upload,HUMINT,HUMINT Node 2584,Large dataset record for stress testing dashboard.,28.584464,77.021375,2026-01-18T22:30:00Z
Manual Upload,HUMINT,HUMINT Node 2585,Large dataset record for stress testing dashboard.,28.321314,76.981851,2026-01-18T22:40:00Z
Manual Upload,HUMINT,HUMINT Node 2586,Large dataset record for stress testing dashboard.,28.629015,76.938313,2026-01-18T22:50:00Z
OSINT-MOCK,OSINT,OSINT Node 2587,Large dataset record for stress testing dashboard.,28.851028,77.396859,2026-01-18T23:00:00Z
Manual Upload,IMINT,IMINT Node 2588,Large dataset record for stress testing dashboard.,28.510322,77.270874,2026-01-18T23:10:00Z
OSINT-MOCK,OSINT,OSINT Node 2589,Large dataset record for stress testing dashboard.,28.42766,77.367661,2026-01-18T23:20:00Z
OSINT-MOCK,OSINT,OSINT Node 2590,Large dataset record for stress testing dashboard.,28.406755,76.984633,2026-01-18T23:30:00Z
Manual Upload,HUMINT,HUMINT Node 2591,Large dataset record for stress testing dashboard.,28.331499,77.447083,2026-01-18T23:40:00Z
Manual Upload,IMINT,IMINT Node 2592,Large dataset record for stress testing dashboard.,28.492395,77.300423,2026-01-18T23:50:00Z
OSINT-MOCK,OSINT,OSINT Node 2593,Large dataset record for stress testing dashboard.,28.732937,77.466968,2026-01-19T00:00:00Z
OSINT-MOCK,OSINT,OSINT Node 2594,Large dataset record for stress testing dashboard.,28.817945,77.343626,2026-01-19T00:10:00Z
Manual Upload,IMINT,IMINT Node 2595,Large dataset record for stress testing dashboard.,28.88785,77.091976,2026-01-19T00:20:00Z
Manual Upload,HUMINT,HUMINT Node 2596,Large dataset record for stress testing dashboard.,28.710701,77.420744,2026-01-19T00:30:00Z
OSINT-MOCK,OSINT,OSINT Node 2597,Large dataset record for stress testing dashboard.,28.752554,77.247414,2026-01-19T00:40:00Z
Manual Upload,IMINT,IMINT Node 2598,Large dataset record for stress testing dashboard.,28.494211,76.91901,2026-01-19T00:50:00Z
OSINT-MOCK,OSINT,OSINT Node 2599,Large dataset record for stress testing dashboard.,28.800816,77.206424,2026-01-19T01:00:00Z
Manual Upload,HUMINT,HUMINT Node 2600,Large dataset record for stress testing dashboard.,28.85458,77.41517,2026-01-19T01:10:00Z
Manual Upload,IMINT,IMINT Node 2601,Large dataset record for stress testing dashboard.,28.393337,77.263862,2026-01-19T01:20:00Z
Manual Upload,IMINT,IMINT Node 2602,Large dataset record for stress testing dashboard.,28.574767,77.105335,2026-01-19T01:30:00Z
Manual Upload,IMINT,IMINT Node 2603,Large dataset record for stress testing dashboard.,28.544147,77.004861,2026-01-19T01:40:00Z
OSINT-MOCK,OSINT,OSINT Node 2604,Large dataset record for stress testing dashboard.,28.877793,76.990259,2026-01-19T01:50:00Z
Manual Upload,IMINT,IMINT Node 2605,Large dataset record for stress testing dashboard.,28.511604,77.490773,2026-01-19T02:00:00Z
OSINT-MOCK,OSINT,OSINT Node 2606,Large dataset record for stress testing dashboard.,28.404699,77.220154,2026-01-19T02:10:00Z
Manual Upload,IMINT,IMINT Node 2607,Large dataset record for stress testing dashboard.,28.516,77.048277,2026-01-19T02:20:00Z
Manual Upload,HUMINT,HUMINT Node 2608,Large dataset record for stress testing dashboard.,28.873393,77.504996,2026-01-19T02:30:00Z
Manual Upload,IMINT,IMINT Node 2609,Large dataset record for stress testing dashboard.,28.679079,77.38924,2026-01-19T02:40:00Z
Manual Upload,IMINT,IMINT Node 2610,Large dataset record for stress testing dashboard.,28.879866,77.24422,2026-01-19T02:50:00Z
Manual Upload,IMINT,IMINT Node 2611,Large dataset record for stress testing dashboard.,28.554307,77.458224,2026-01-19T03:00:00Z
Manual Upload,IMINT,IMINT Node 2612,Large dataset record for stress testing dashboard.,28.877999,77.40537,2026-01-19T03:10:00Z
OSINT-MOCK,OSINT,OSINT Node 2613,Large dataset record for stress testing dashboard.,28.86663,77.496398,2026-01-19T03:20:00Z
Manual Upload,HUMINT,HUMINT Node 2614,Large dataset record for stress testing dashboard.,28.703321,77.423384,2026-01-19T03:30:00Z
OSINT-MOCK,OSINT,OSINT Node 2615,Large dataset record for stress testing dashboard.,28.634269,77.436608,2026-01-19T03:40:00Z
Manual Upload,IMINT,IMINT Node 2616,Large dataset record for stress testing dashboard.,28.598215,77.127697,2026-01-19T03:50:00Z
Manual Upload,HUMINT,HUMINT Node 2617,Large dataset record for stress testing dashboard.,28.875046,77.178142,2026-01-19T04:00:00Z
Manual Upload,HUMINT,HUMINT Node 2618,Large dataset record for stress testing dashboard.,28.559324,77.470868,2026-01-19T04:10:00Z
OSINT-MOCK,OSINT,OSINT Node 2619,Large dataset record for stress testing dashboard.,28.657023,77.495902,2026-01-19T04:20:00Z
Manual Upload,IMINT,IMINT Node 2620,Large dataset record for stress testing dashboard.,28.768517,77.299982,2026-01-19T04:30:00Z
OSINT-MOCK,OSINT,OSINT Node 2621,Large dataset record for stress testing dashboard.,28.699073,77.371746,2026-01-19T04:40:00Z
Manual Upload,HUMINT,HUMINT Node 2622,Large dataset record for stress testing dashboard.,28.499672,77.386242,2026-01-19T04:50:00Z
OSINT-MOCK,OSINT,OSINT Node 2623,Large dataset record for stress testing dashboard.,28.608352,76.98131,2026-01-19T05:00:00Z
Manual Upload,IMINT,IMINT Node 2624,Large dataset record for stress testing dashboard.,28.504693,77.487619,2026-01-19T05:10:00Z
Manual Upload,HUMINT,HUMINT Node 2625,Large dataset record for stress testing dashboard.,28.430403,77.305286,2026-01-19T05:20:00Z
OSINT-MOCK,OSINT,OSINT Node 2626,Large dataset record for stress testing dashboard.,28.824152,76.96716,2026-01-19T05:30:00Z
Manual Upload,IMINT,IMINT Node 2627,Large dataset record for stress testing dashboard.,28.61162,77.206521,2026-01-19T05:40:00Z
Manual Upload,HUMINT,HUMINT Node 2628,Large dataset record for stress testing dashboard.,28.415635,77.206797,2026-01-19T05:50:00Z
Manual Upload,IMINT,IMINT Node 2629,Large dataset record for stress testing dashboard.,28.351166,77.160426,2026-01-19T06:00:00Z
OSINT-MOCK,OSINT,OSINT Node 2630,Large dataset record for stress testing dashboard.,28.770977,77.016603,2026-01-19T06:10:00Z
Manual Upload,IMINT,IMINT Node 2631,Large dataset record for stress testing dashboard.,28.401868,77.109116,2026-01-19T06:20:00Z
Manual Upload,IMINT,IMINT Node 2632,Large dataset record for stress testing dashboard.,28.760427,77.259297,2026-01-19T06:30:00Z
Manual Upload,HUMINT,HUMINT Node 2633,Large dataset record for stress testing dashboard.,28.35649,77.027966,2026-01-19T06:40:00Z
OSINT-MOCK,OSINT,OSINT Node 2634,Large dataset record for stress testing dashboard.,28.429926,77.184773,2026-01-19T06:50:00Z
Manual Upload,HUMINT,HUMINT Node 2635,Large dataset record for stress testing dashboard.,28.492862,77.019309,2026-01-19T07:00:00Z
Manual Upload,HUMINT,HUMINT Node 2636,Large dataset record for stress testing dashboard.,28.82497,77.095305,2026-01-19T07:10:00Z
Manual Upload,HUMINT,HUMINT Node 2637,Large dataset record for stress testing dashboard.,28.485867,77.27436,2026-01-19T07:20:00Z
Manual Upload,IMINT,IMINT Node 2638,Large dataset record for stress testing dashboard.,28.609929,76.924404,2026-01-19T07:30:00Z
OSINT-MOCK,OSINT,OSINT Node 2639,Large dataset record for stress testing dashboard.,28.889161,77.15859,2026-01-19T07:40:00Z
OSINT-MOCK,OSINT,OSINT Node 2640,Large dataset record for stress testing dashboard.,28.77858,77.098128,2026-01-19T07:50:00Z
Manual Upload,IMINT,IMINT Node 2641,Large dataset record for stress testing dashboard.,28.867703,77.439913,2026-01-19T08:00:00Z
OSINT-MOCK,OSINT,OSINT Node 2642,Large dataset record for stress testing dashboard.,28.816064,77.157123,2026-01-19T08:10:00Z
Manual Upload,HUMINT,HUMINT Node 2643,Large dataset record for stress testing dashboard.,28.780335,77.27398,2026-01-19T08:20:00Z
Manual Upload,IMINT,IMINT Node 2644,Large dataset record for stress testing dashboard.,28.691825,77.495474,2026-01-19T08:30:00Z
Manual Upload,HUMINT,HUMINT Node 2645,Large dataset record for stress testing dashboard.,28.648318,77.377749,2026-01-19T08:40:00Z
Manual Upload,IMINT,IMINT Node 2646,Large dataset record for stress testing dashboard.,28.367797,77.326046,2026-01-19T08:50:00Z
Manual Upload,HUMINT,HUMINT Node 2647,Large dataset record for stress testing dashboard.,28.413775,77.231928,2026-01-19T09:00:00Z
OSINT-MOCK,OSINT,OSINT Node 2648,Large dataset record for stress testing dashboard.,28.360974,77.120005,2026-01-19T09:10:00Z
OSINT-MOCK,OSINT,OSINT Node 2649,Large dataset record for stress testing dashboard.,28.89686,76.931224,2026-01-19T09:20:00Z
OSINT-MOCK,OSINT,OSINT Node 2650,Large dataset record for stress testing dashboard.,28.648907,77.121411,2026-01-19T09:30:00Z
OSINT-MOCK,OSINT,OSINT Node 2651,Large dataset record for stress testing dashboard.,28.520488,77.235765,2026-01-19T09:40:00Z
Manual Upload,HUMINT,HUMINT Node 2652,Large dataset record for stress testing dashboard.,28.751252,77.393656,2026-01-19T09:50:00Z
Manual Upload,HUMINT,HUMINT Node 2653,Large dataset record for stress testing dashboard.,28.851019,77.180135,2026-01-19T10:00:00Z
Manual Upload,IMINT,IMINT Node 2654,Large dataset record for stress testing dashboard.,28.744888,77.280493,2026-01-19T10:10:00Z
OSINT-MOCK,OSINT,OSINT Node 2655,Large dataset record for stress testing dashboard.,28.533347,77.270366,2026-01-19T10:20:00Z
Manual Upload,HUMINT,HUMINT Node 2656,Large dataset record for stress testing dashboard.,28.866995,76.937135,2026-01-19T10:30:00Z
Manual Upload,HUMINT,HUMINT Node 2657,Large dataset record for stress testing dashboard.,28.806655,76.910616,2026-01-19T10:40:00Z
OSINT-MOCK,OSINT,OSINT Node 2658,Large dataset record for stress testing dashboard.,28.320685,77.056498,2026-01-19T10:50:00Z
Manual Upload,HUMINT,HUMINT Node 2659,Large dataset record for stress testing dashboard.,28.743995,77.10036,2026-01-19T11:00:00Z
OSINT-MOCK,OSINT,OSINT Node 2660,Large dataset record for stress testing dashboard.,28.384238,77.074775,2026-01-19T11:10:00Z
Manual Upload,IMINT,IMINT Node 2661,Large dataset record for stress testing dashboard.,28.910577,77.058187,2026-01-19T11:20:00Z
Manual Upload,IMINT,IMINT Node 2662,Large dataset record for stress testing dashboard.,28.641459,77.015927,2026-01-19T11:30:00Z
Manual Upload,HUMINT,HUMINT Node 2663,Large dataset record for stress testing dashboard.,28.32838,77.034404,2026-01-19T11:40:00Z
Manual Upload,IMINT,IMINT Node 2664,Large dataset record for stress testing dashboard.,28.550094,77.005191,2026-01-19T11:50:00Z
Manual Upload,HUMINT,HUMINT Node 2665,Large dataset record for stress testing dashboard.,28.752731,77.052128,2026-01-19T12:00:00Z
Manual Upload,HUMINT,HUMINT Node 2666,Large dataset record for stress testing dashboard.,28.863103,77.235393,2026-01-19T12:10:00Z
Manual Upload,IMINT,IMINT Node 2667,Large dataset record for stress testing dashboard.,28.724596,77.076221,2026-01-19T12:20:00Z
Manual Upload,IMINT,IMINT Node 2668,Large dataset record for stress testing dashboard.,28.760146,77.305043,2026-01-19T12:30:00Z
Manual Upload,HUMINT,HUMINT Node 2669,Large dataset record for stress testing dashboard.,28.638191,76.999931,2026-01-19T12:40:00Z
OSINT-MOCK,OSINT,OSINT Node 2670,Large dataset record for stress testing dashboard.,28.408369,77.327689,2026-01-19T12:50:00Z
Manual Upload,IMINT,IMINT Node 2671,Large dataset record for stress testing dashboard.,28.896396,77.138282,2026-01-19T13:00:00Z
OSINT-MOCK,OSINT,OSINT Node 2672,Large dataset record for stress testing dashboard.,28.576298,77.269188,2026-01-19T13:10:00Z
Manual Upload,HUMINT,HUMINT Node 2673,Large dataset record for stress testing dashboard.,28.747325,77.114527,2026-01-19T13:20:00Z
OSINT-MOCK,OSINT,OSINT Node 2674,Large dataset record for stress testing dashboard.,28.393191,76.942296,2026-01-19T13:30:00Z
Manual Upload,HUMINT,HUMINT Node 2675,Large dataset record for stress testing dashboard.,28.676841,77.190054,2026-01-19T13:40:00Z
Manual Upload,IMINT,IMINT Node 2676,Large dataset record for stress testing dashboard.,28.823903,77.210883,2026-01-19T13:50:00Z
Manual Upload,HUMINT,HUMINT Node 2677,Large dataset record for stress testing dashboard.,28.853902,77.366252,2026-01-19T14:00:00Z
Manual Upload,IMINT,IMINT Node 2678,Large dataset record for stress testing dashboard.,28.606329,77.212353,2026-01-19T14:10:00Z
OSINT-MOCK,OSINT,OSINT Node 2679,Large dataset record for stress testing dashboard.,28.648933,77.50444,2026-01-19T14:20:00Z
Manual Upload,IMINT,IMINT Node 2680,Large dataset record for stress testing dashboard.,28.671849,76.933616,2026-01-19T14:30:00Z
Manual Upload,IMINT,IMINT Node 2681,Large dataset record for stress testing dashboard.,28.743283,77.268691,2026-01-19T14:40:00Z
Manual Upload,IMINT,IMINT Node 2682,Large dataset record for stress testing dashboard.,28.369494,77.412457,2026-01-19T14:50:00Z
OSINT-MOCK,OSINT,OSINT Node 2683,Large dataset record for stress testing dashboard.,28.691421,77.496449,2026-01-19T15:00:00Z
OSINT-MOCK,OSINT,OSINT Node 2684,Large dataset record for stress testing dashboard.,28.361216,77.028815,2026-01-19T15:10:00Z
OSINT-MOCK,OSINT,OSINT Node 2685,Large dataset record for stress testing dashboard.,28.800354,77.136143,2026-01-19T15:20:00Z
Manual Upload,HUMINT,HUMINT Node 2686,Large dataset record for stress testing dashboard.,28.515071,77.074406,2026-01-19T15:30:00Z
Manual Upload,HUMINT,HUMINT Node 2687,Large dataset record for stress testing dashboard.,28.650426,77.114746,2026-01-19T15:40:00Z
OSINT-MOCK,OSINT,OSINT Node 2688,Large dataset record for stress testing dashboard.,28.458481,77.303884,2026-01-19T15:50:00Z
Manual Upload,HUMINT,HUMINT Node 2689,Large dataset record for stress testing dashboard.,28.6703,77.150967,2026-01-19T16:00:00Z
Manual Upload,IMINT,IMINT Node 2690,Large dataset record for stress testing dashboard.,28.910417,77.388232,2026-01-19T16:10:00Z
Manual Upload,HUMINT,HUMINT Node 2691,Large dataset record for stress testing dashboard.,28.906573,76.997044,2026-01-19T16:20:00Z
Manual Upload,IMINT,IMINT Node 2692,Large dataset record for stress testing dashboard.,28.449434,77.45199,2026-01-19T16:30:00Z
Manual Upload,HUMINT,HUMINT Node 2693,Large dataset record for stress testing dashboard.,28.318106,77.195444,2026-01-19T16:40:00Z
Manual Upload,HUMINT,HUMINT Node 2694,Large dataset record for stress testing dashboard.,28.531915,77.07611,2026-01-19T16:50:00Z
OSINT-MOCK,OSINT,OSINT Node 2695,Large dataset record for stress testing dashboard.,28.749746,77.484148,2026-01-19T17:00:00Z
Manual Upload,IMINT,IMINT Node 2696,Large dataset record for stress testing dashboard.,28.832026,77.316338,2026-01-19T17:10:00Z
OSINT-MOCK,OSINT,OSINT Node 2697,Large dataset record for stress testing dashboard.,28.777445,77.46012,2026-01-19T17:20:00Z
Manual Upload,HUMINT,HUMINT Node 2698,Large dataset record for stress testing dashboard.,28.361857,77.359429,2026-01-19T17:30:00Z
Manual Upload,IMINT,IMINT Node 2699,Large dataset record for stress testing dashboard.,28.548141,76.953057,2026-01-19T17:40:00Z
Manual Upload,IMINT,IMINT Node 2700,Large dataset record for stress testing dashboard.,28.657277,77.346517,2026-01-19T17:50:00Z
Manual Upload,HUMINT,HUMINT Node 2701,Large dataset record for stress testing dashboard.,28.47728,77.43484,2026-01-19T18:00:00Z
OSINT-MOCK,OSINT,OSINT Node 2702,Large dataset record for stress testing dashboard.,28.796244,77.507681,2026-01-19T18:10:00Z
Manual Upload,HUMINT,HUMINT Node 2703,Large dataset record for stress testing dashboard.,28.837568,77.016881,2026-01-19T18:20:00Z
OSINT-MOCK,OSINT,OSINT Node 2704,Large dataset record for stress testing dashboard.,28.735774,77.254731,2026-01-19T18:30:00Z
OSINT-MOCK,OSINT,OSINT Node 2705,Large dataset record for stress testing dashboard.,28.531881,77.494734,2026-01-19T18:40:00Z
Manual Upload,IMINT,IMINT Node 2706,Large dataset record for stress testing dashboard.,28.763324,76.953203,2026-01-19T18:50:00Z
Manual Upload,HUMINT,HUMINT Node 2707,Large dataset record for stress testing dashboard.,28.494624,76.986844,2026-01-19T19:00:00Z
OSINT-MOCK,OSINT,OSINT Node 2708,Large dataset record for stress testing dashboard.,28.801673,77.45333,2026-01-19T19:10:00Z
Manual Upload,HUMINT,HUMINT Node 2709,Large dataset record for stress testing dashboard.,28.443549,77.141957,2026-01-19T19:20:00Z
OSINT-MOCK,OSINT,OSINT Node 2710,Large dataset record for stress testing dashboard.,28.342951,77.465876,2026-01-19T19:30:00Z
Manual Upload,HUMINT,HUMINT Node 2711,Large dataset record for stress testing dashboard.,28.549922,76.933918,2026-01-19T19:40:00Z
Manual Upload,HUMINT,HUMINT Node 2712,Large dataset record for stress testing dashboard.,28.457124,77.406541,2026-01-19T19:50:00Z
Manual Upload,IMINT,IMINT Node 2713,Large dataset record for stress testing dashboard.,28.34031,77.34756,2026-01-19T20:00:00Z
Manual Upload,HUMINT,HUMINT Node 2714,Large dataset record for stress testing dashboard.,28.366538,77.288972,2026-01-19T20:10:00Z
Manual Upload,IMINT,IMINT Node 2715,Large dataset record for stress testing dashboard.,28.816352,77.283307,2026-01-19T20:20:00Z
Manual Upload,IMINT,IMINT Node 2716,Large dataset record for stress testing dashboard.,28.38631,77.424749,2026-01-19T20:30:00Z
OSINT-MOCK,OSINT,OSINT Node 2717,Large dataset record for stress testing dashboard.,28.340181,76.979959,2026-01-19T20:40:00Z
Manual Upload,IMINT,IMINT Node 2718,Large dataset record for stress testing dashboard.,28.349121,77.353468,2026-01-19T20:50:00Z
OSINT-MOCK,OSINT,OSINT Node 2719,Large dataset record for stress testing dashboard.,28.331187,77.127902,2026-01-19T21:00:00Z
Manual Upload,IMINT,IMINT Node 2720,Large dataset record for stress testing dashboard.,28.678886,77.11238,2026-01-19T21:10:00Z
Manual Upload,HUMINT,HUMINT Node 2721,Large dataset record for stress testing dashboard.,28.433919,77.474655,2026-01-19T21:20:00Z
Manual Upload,HUMINT,HUMINT Node 2722,Large dataset record for stress testing dashboard.,28.654954,77.326668,2026-01-19T21:30:00Z
Manual Upload,IMINT,IMINT Node 2723,Large dataset record for stress testing dashboard.,28.452659,76.976268,2026-01-19T21:40:00Z
OSINT-MOCK,OSINT,OSINT Node 2724,Large dataset record for stress testing dashboard.,28.808528,77.490505,2026-01-19T21:50:00Z
Manual Upload,HUMINT,HUMINT Node 2725,Large dataset record for stress testing dashboard.,28.343623,77.338965,2026-01-19T22:00:00Z
Manual Upload,HUMINT,HUMINT Node 2726,Large dataset record for stress testing dashboard.,28.339699,77.426824,2026-01-19T22:10:00Z
Manual Upload,HUMINT,HUMINT Node 2727,Large dataset record for stress testing dashboard.,28.52319,77.397837,2026-01-19T22:20:00Z
Manual Upload,HUMINT,HUMINT Node 2728,Large dataset record for stress testing dashboard.,28.874567,77.305952,2026-01-19T22:30:00Z
Manual Upload,IMINT,IMINT Node 2729,Large dataset record for stress testing dashboard.,28.800692,77.497889,2026-01-19T22:40:00Z
Manual Upload,HUMINT,HUMINT Node 2730,Large dataset record for stress testing dashboard.,28.884992,76.935307,2026-01-19T22:50:00Z
Manual Upload,HUMINT,HUMINT Node 2731,Large dataset record for stress testing dashboard.,28.7622,77.486587,2026-01-19T23:00:00Z
OSINT-MOCK,OSINT,OSINT Node 2732,Large dataset record for stress testing dashboard.,28.729991,77.464437,2026-01-19T23:10:00Z
OSINT-MOCK,OSINT,OSINT Node 2733,Large dataset record for stress testing dashboard.,28.622177,76.983613,2026-01-19T23:20:00Z
Manual Upload,IMINT,IMINT Node 2734,Large dataset record for stress testing dashboard.,28.692273,76.981465,2026-01-19T23:30:00Z
Manual Upload,HUMINT,HUMINT Node 2735,Large dataset record for stress testing dashboard.,28.671046,77.117716,2026-01-19T23:40:00Z
Manual Upload,HUMINT,HUMINT Node 2736,Large dataset record for stress testing dashboard.,28.631536,77.079036,2026-01-19T23:50:00Z
Manual Upload,HUMINT,HUMINT Node 2737,Large dataset record for stress testing dashboard.,28.771153,77.147882,2026-01-20T00:00:00Z
Manual Upload,IMINT,IMINT Node 2738,Large dataset record for stress testing dashboard.,28.40804,77.009724,2026-01-20T00:10:00Z
Manual Upload,IMINT,IMINT Node 2739,Large dataset record for stress testing dashboard.,28.536497,76.983009,2026-01-20T00:20:00Z
Manual Upload,HUMINT,HUMINT Node 2740,Large dataset record for stress testing dashboard.,28.610925,77.097938,2026-01-20T00:30:00Z
Manual Upload,HUMINT,HUMINT Node 2741,Large dataset record for stress testing dashboard.,28.541832,77.04984,2026-01-20T00:40:00Z
OSINT-MOCK,OSINT,OSINT Node 2742,Large dataset record for stress testing dashboard.,28.375429,77.160999,2026-01-20T00:50:00Z
Manual Upload,HUMINT,HUMINT Node 2743,Large dataset record for stress testing dashboard.,28.499658,77.162834,2026-01-20T01:00:00Z
Manual Upload,IMINT,IMINT Node 2744,Large dataset record for stress testing dashboard.,28.320191,77.178346,2026-01-20T01:10:00Z
Manual Upload,HUMINT,HUMINT Node 2745,Large dataset record for stress testing dashboard.,28.406458,77.16196,2026-01-20T01:20:00Z
OSINT-MOCK,OSINT,OSINT Node 2746,Large dataset record for stress testing dashboard.,28.323521,77.027044,2026-01-20T01:30:00Z
OSINT-MOCK,OSINT,OSINT Node 2747,Large dataset record for stress testing dashboard.,28.533483,77.1281,2026-01-20T01:40:00Z
OSINT-MOCK,OSINT,OSINT Node 2748,Large dataset record for stress testing dashboard.,28.538575,77.028429,2026-01-20T01:50:00Z
Manual Upload,IMINT,IMINT Node 2749,Large dataset record for stress testing dashboard.,28.354611,77.04724,2026-01-20T02:00:00Z
Manual Upload,HUMINT,HUMINT Node 2750,Large dataset record for stress testing dashboard.,28.694785,76.9631,2026-01-20T02:10:00Z
OSINT-MOCK,OSINT,OSINT Node 2751,Large dataset record for stress testing dashboard.,28.799278,77.09862,2026-01-20T02:20:00Z
OSINT-MOCK,OSINT,OSINT Node 2752,Large dataset record for stress testing dashboard.,28.522017,77.173023,2026-01-20T02:30:00Z
Manual Upload,HUMINT,HUMINT Node 2753,Large dataset record for stress testing dashboard.,28.537952,77.016546,2026-01-20T02:40:00Z
Manual Upload,HUMINT,HUMINT Node 2754,Large dataset record for stress testing dashboard.,28.358932,77.056177,2026-01-20T02:50:00Z
OSINT-MOCK,OSINT,OSINT Node 2755,Large dataset record for stress testing dashboard.,28.498454,77.249301,2026-01-20T03:00:00Z
Manual Upload,IMINT,IMINT Node 2756,Large dataset record for stress testing dashboard.,28.739693,77.490178,2026-01-20T03:10:00Z
Manual Upload,IMINT,IMINT Node 2757,Large dataset record for stress testing dashboard.,28.761103,77.037276,2026-01-20T03:20:00Z
Manual Upload,HUMINT,HUMINT Node 2758,Large dataset record for stress testing dashboard.,28.80089,77.325638,2026-01-20T03:30:00Z
Manual Upload,HUMINT,HUMINT Node 2759,Large dataset record for stress testing dashboard.,28.664015,77.100591,2026-01-20T03:40:00Z
OSINT-MOCK,OSINT,OSINT Node 2760,Large dataset record for stress testing dashboard.,28.387765,77.469145,2026-01-20T03:50:00Z
Manual Upload,IMINT,IMINT Node 2761,Large dataset record for stress testing dashboard.,28.768983,77.468444,2026-01-20T04:00:00Z
Manual Upload,IMINT,IMINT Node 2762,Large dataset record for stress testing dashboard.,28.659247,77.147716,2026-01-20T04:10:00Z
Manual Upload,HUMINT,HUMINT Node 2763,Large dataset record for stress testing dashboard.,28.875938,77.417567,2026-01-20T04:20:00Z
Manual Upload,HUMINT,HUMINT Node 2764,Large dataset record for stress testing dashboard.,28.662342,77.166811,2026-01-20T04:30:00Z
OSINT-MOCK,OSINT,OSINT Node 2765,Large dataset record for stress testing dashboard.,28.845005,77.241237,2026-01-20T04:40:00Z
Manual Upload,HUMINT,HUMINT Node 2766,Large dataset record for stress testing dashboard.,28.842564,77.33709,2026-01-20T04:50:00Z
Manual Upload,HUMINT,HUMINT Node 2767,Large dataset record for stress testing dashboard.,28.472206,77.311332,2026-01-20T05:00:00Z
Manual Upload,HUMINT,HUMINT Node 2768,Large dataset record for stress testing dashboard.,28.551493,77.481907,2026-01-20T05:10:00Z
OSINT-MOCK,OSINT,OSINT Node 2769,Large dataset record for stress testing dashboard.,28.725899,76.938506,2026-01-20T05:20:00Z
Manual Upload,IMINT,IMINT Node 2770,Large dataset record for stress testing dashboard.,28.896241,77.505292,2026-01-20T05:30:00Z
Manual Upload,IMINT,IMINT Node 2771,Large dataset record for stress testing dashboard.,28.600861,77.193429,2026-01-20T05:40:00Z
OSINT-MOCK,OSINT,OSINT Node 2772,Large dataset record for stress testing dashboard.,28.367121,77.068216,2026-01-20T05:50:00Z
OSINT-MOCK,OSINT,OSINT Node 2773,Large dataset record for stress testing dashboard.,28.797326,76.969157,2026-01-20T06:00:00Z
Manual Upload,HUMINT,HUMINT Node 2774,Large dataset record for stress testing dashboard.,28.412265,77.271082,2026-01-20T06:10:00Z
OSINT-MOCK,OSINT,OSINT Node 2775,Large dataset record for stress testing dashboard.,28.607221,77.039208,2026-01-20T06:20:00Z
Manual Upload,HUMINT,HUMINT Node 2776,Large dataset record for stress testing dashboard.,28.728022,77.271223,2026-01-20T06:30:00Z
OSINT-MOCK,OSINT,OSINT Node 2777,Large dataset record for stress testing dashboard.,28.441521,77.318567,2026-01-20T06:40:00Z
Manual Upload,HUMINT,HUMINT Node 2778,Large dataset record for stress testing dashboard.,28.653213,77.425367,2026-01-20T06:50:00Z
Manual Upload,IMINT,IMINT Node 2779,Large dataset record for stress testing dashboard.,28.469346,77.020626,2026-01-20T07:00:00Z
OSINT-MOCK,OSINT,OSINT Node 2780,Large dataset record for stress testing dashboard.,28.866836,77.102296,2026-01-20T07:10:00Z
Manual Upload,HUMINT,HUMINT Node 2781,Large dataset record for stress testing dashboard.,28.803186,77.469863,2026-01-20T07:20:00Z
Manual Upload,IMINT,IMINT Node 2782,Large dataset record for stress testing dashboard.,28.539537,77.42468,2026-01-20T07:30:00Z
Manual Upload,HUMINT,HUMINT Node 2783,Large dataset record for stress testing dashboard.,28.425999,77.008203,2026-01-20T07:40:00Z
Manual Upload,IMINT,IMINT Node 2784,Large dataset record for stress testing dashboard.,28.864968,77.28217,2026-01-20T07:50:00Z
Manual Upload,HUMINT,HUMINT Node 2785,Large dataset record for stress testing dashboard.,28.409572,77.341558,2026-01-20T08:00:00Z
OSINT-MOCK,OSINT,OSINT Node 2786,Large dataset record for stress testing dashboard.,28.704923,76.93704,2026-01-20T08:10:00Z
OSINT-MOCK,OSINT,OSINT Node 2787,Large dataset record for stress testing dashboard.,28.725506,76.922015,2026-01-20T08:20:00Z
OSINT-MOCK,OSINT,OSINT Node 2788,Large dataset record for stress testing dashboard.,28.464717,77.503945,2026-01-20T08:30:00Z
OSINT-MOCK,OSINT,OSINT Node 2789,Large dataset record for stress testing dashboard.,28.567868,77.022339,2026-01-20T08:40:00Z
OSINT-MOCK,OSINT,OSINT Node 2790,Large dataset record for stress testing dashboard.,28.623659,77.085001,2026-01-20T08:50:00Z
OSINT-MOCK,OSINT,OSINT Node 2791,Large dataset record for stress testing dashboard.,28.890816,77.205786,2026-01-20T09:00:00Z
Manual Upload,IMINT,IMINT Node 2792,Large dataset record for stress testing dashboard.,28.67669,77.224163,2026-01-20T09:10:00Z
Manual Upload,HUMINT,HUMINT Node 2793,Large dataset record for stress testing dashboard.,28.319356,77.312601,2026-01-20T09:20:00Z
Manual Upload,HUMINT,HUMINT Node 2794,Large dataset record for stress testing dashboard.,28.805827,77.426211,2026-01-20T09:30:00Z
OSINT-MOCK,OSINT,OSINT Node 2795,Large dataset record for stress testing dashboard.,28.819545,77.323026,2026-01-20T09:40:00Z
Manual Upload,HUMINT,HUMINT Node 2796,Large dataset record for stress testing dashboard.,28.851919,76.943547,2026-01-20T09:50:00Z
Manual Upload,IMINT,IMINT Node 2797,Large dataset record for stress testing dashboard.,28.508064,77.250036,2026-01-20T10:00:00Z
OSINT-MOCK,OSINT,OSINT Node 2798,Large dataset record for stress testing dashboard.,28.687301,77.030044,2026-01-20T10:10:00Z
Manual Upload,HUMINT,HUMINT Node 2799,Large dataset record for stress testing dashboard.,28.38849,76.911268,2026-01-20T10:20:00Z
OSINT-MOCK,OSINT,OSINT Node 2800,Large dataset record for stress testing dashboard.,28.787061,77.499809,2026-01-20T10:30:00Z
Manual Upload,HUMINT,HUMINT Node 2801,Large dataset record for stress testing dashboard.,28.717961,77.019583,2026-01-20T10:40:00Z
OSINT-MOCK,OSINT,OSINT Node 2802,Large dataset record for stress testing dashboard.,28.909637,77.343824,2026-01-20T10:50:00Z
Manual Upload,HUMINT,HUMINT Node 2803,Large dataset record for stress testing dashboard.,28.862067,77.204658,2026-01-20T11:00:00Z
OSINT-MOCK,OSINT,OSINT Node 2804,Large dataset record for stress testing dashboard.,28.594017,77.031251,2026-01-20T11:10:00Z
Manual Upload,IMINT,IMINT Node 2805,Large dataset record for stress testing dashboard.,28.5624,77.344586,2026-01-20T11:20:00Z
Manual Upload,HUMINT,HUMINT Node 2806,Large dataset record for stress testing dashboard.,28.889954,77.481965,2026-01-20T11:30:00Z
OSINT-MOCK,OSINT,OSINT Node 2807,Large dataset record for stress testing dashboard.,28.871048,77.347068,2026-01-20T11:40:00Z
OSINT-MOCK,OSINT,OSINT Node 2808,Large dataset record for stress testing dashboard.,28.869208,77.17477,2026-01-20T11:50:00Z
Manual Upload,HUMINT,HUMINT Node 2809,Large dataset record for stress testing dashboard.,28.649007,76.940416,2026-01-20T12:00:00Z
Manual Upload,HUMINT,HUMINT Node 2810,Large dataset record for stress testing dashboard.,28.792442,77.110035,2026-01-20T12:10:00Z
Manual Upload,HUMINT,HUMINT Node 2811,Large dataset record for stress testing dashboard.,28.415579,77.211054,2026-01-20T12:20:00Z
Manual Upload,IMINT,IMINT Node 2812,Large dataset record for stress testing dashboard.,28.395063,77.081598,2026-01-20T12:30:00Z
Manual Upload,IMINT,IMINT Node 2813,Large dataset record for stress testing dashboard.,28.808355,77.293188,2026-01-20T12:40:00Z
Manual Upload,HUMINT,HUMINT Node 2814,Large dataset record for stress testing dashboard.,28.492407,76.941187,2026-01-20T12:50:00Z
Manual Upload,HUMINT,HUMINT Node 2815,Large dataset record for stress testing dashboard.,28.476049,77.314239,2026-01-20T13:00:00Z
Manual Upload,IMINT,IMINT Node 2816,Large dataset record for stress testing dashboard.,28.597846,77.364166,2026-01-20T13:10:00Z
OSINT-MOCK,OSINT,OSINT Node 2817,Large dataset record for stress testing dashboard.,28.414103,77.181066,2026-01-20T13:20:00Z
Manual Upload,HUMINT,HUMINT Node 2818,Large dataset record for stress testing dashboard.,28.53665,77.464602,2026-01-20T13:30:00Z
OSINT-MOCK,OSINT,OSINT Node 2819,Large dataset record for stress testing dashboard.,28.812144,76.917276,2026-01-20T13:40:00Z
Manual Upload,IMINT,IMINT Node 2820,Large dataset record for stress testing dashboard.,28.460966,77.151903,2026-01-20T13:50:00Z
Manual Upload,HUMINT,HUMINT Node 2821,Large dataset record for stress testing dashboard.,28.711316,77.123098,2026-01-20T14:00:00Z
Manual Upload,HUMINT,HUMINT Node 2822,Large dataset record for stress testing dashboard.,28.843723,77.386278,2026-01-20T14:10:00Z
Manual Upload,HUMINT,HUMINT Node 2823,Large dataset record for stress testing dashboard.,28.751257,77.078635,2026-01-20T14:20:00Z
Manual Upload,IMINT,IMINT Node 2824,Large dataset record for stress testing dashboard.,28.474259,77.266008,2026-01-20T14:30:00Z
OSINT-MOCK,OSINT,OSINT Node 2825,Large dataset record for stress testing dashboard.,28.665619,76.971692,2026-01-20T14:40:00Z
Manual Upload,IMINT,IMINT Node 2826,Large dataset record for stress testing dashboard.,28.902464,77.32839,2026-01-20T14:50:00Z
Manual Upload,IMINT,IMINT Node 2827,Large dataset record for stress testing dashboard.,28.721535,77.358137,2026-01-20T15:00:00Z
Manual Upload,IMINT,IMINT Node 2828,Large dataset record for stress testing dashboard.,28.73874,77.414268,2026-01-20T15:10:00Z
Manual Upload,IMINT,IMINT Node 2829,Large dataset record for stress testing dashboard.,28.787656,77.063612,2026-01-20T15:20:00Z
Manual Upload,IMINT,IMINT Node 2830,Large dataset record for stress testing dashboard.,28.617552,76.929629,2026-01-20T15:30:00Z
Manual Upload,HUMINT,HUMINT Node 2831,Large dataset record for stress testing dashboard.,28.686033,77.097996,2026-01-20T15:40:00Z
Manual Upload,IMINT,IMINT Node 2832,Large dataset record for stress testing dashboard.,28.322424,77.078257,2026-01-20T15:50:00Z
Manual Upload,HUMINT,HUMINT Node 2833,Large dataset record for stress testing dashboard.,28.794161,77.033522,2026-01-20T16:00:00Z
OSINT-MOCK,OSINT,OSINT Node 2834,Large dataset record for stress testing dashboard.,28.778947,77.170911,2026-01-20T16:10:00Z
Manual Upload,IMINT,IMINT Node 2835,Large dataset record for stress testing dashboard.,28.390435,77.356181,2026-01-20T16:20:00Z
OSINT-MOCK,OSINT,OSINT Node 2836,Large dataset record for stress testing dashboard.,28.468256,77.137604,2026-01-20T16:30:00Z
Manual Upload,IMINT,IMINT Node 2837,Large dataset record for stress testing dashboard.,28.374407,77.340161,2026-01-20T16:40:00Z
Manual Upload,IMINT,IMINT Node 2838,Large dataset record for stress testing dashboard.,28.736233,77.437312,2026-01-20T16:50:00Z
OSINT-MOCK,OSINT,OSINT Node 2839,Large dataset record for stress testing dashboard.,28.358678,77.429214,2026-01-20T17:00:00Z
Manual Upload,HUMINT,HUMINT Node 2840,Large dataset record for stress testing dashboard.,28.511627,77.08199,2026-01-20T17:10:00Z
Manual Upload,IMINT,IMINT Node 2841,Large dataset record for stress testing dashboard.,28.450687,76.91877,2026-01-20T17:20:00Z
Manual Upload,HUMINT,HUMINT Node 2842,Large dataset record for stress testing dashboard.,28.357841,77.320034,2026-01-20T17:30:00Z
OSINT-MOCK,OSINT,OSINT Node 2843,Large dataset record for stress testing dashboard.,28.758688,77.501626,2026-01-20T17:40:00Z
Manual Upload,IMINT,IMINT Node 2844,Large dataset record for stress testing dashboard.,28.396382,77.024865,2026-01-20T17:50:00Z
Manual Upload,HUMINT,HUMINT Node 2845,Large dataset record for stress testing dashboard.,28.897201,77.330919,2026-01-20T18:00:00Z
Manual Upload,IMINT,IMINT Node 2846,Large dataset record for stress testing dashboard.,28.877328,77.089103,2026-01-20T18:10:00Z
Manual Upload,HUMINT,HUMINT Node 2847,Large dataset record for stress testing dashboard.,28.410869,77.147615,2026-01-20T18:20:00Z
OSINT-MOCK,OSINT,OSINT Node 2848,Large dataset record for stress testing dashboard.,28.761814,77.32665,2026-01-20T18:30:00Z
Manual Upload,IMINT,IMINT Node 2849,Large dataset record for stress testing dashboard.,28.822247,77.373611,2026-01-20T18:40:00Z
OSINT-MOCK,OSINT,OSINT Node 2850,Large dataset record for stress testing dashboard.,28.398706,77.488115,2026-01-20T18:50:00Z
Manual Upload,IMINT,IMINT Node 2851,Large dataset record for stress testing dashboard.,28.584051,77.294776,2026-01-20T19:00:00Z
Manual Upload,IMINT,IMINT Node 2852,Large dataset record for stress testing dashboard.,28.603747,77.106897,2026-01-20T19:10:00Z
Manual Upload,HUMINT,HUMINT Node 2853,Large dataset record for stress testing dashboard.,28.897419,77.083074,2026-01-20T19:20:00Z
OSINT-MOCK,OSINT,OSINT Node 2854,Large dataset record for stress testing dashboard.,28.627194,77.139652,2026-01-20T19:30:00Z
Manual Upload,IMINT,IMINT Node 2855,Large dataset record for stress testing dashboard.,28.90637,77.028957,2026-01-20T19:40:00Z
Manual Upload,HUMINT,HUMINT Node 2856,Large dataset record for stress testing dashboard.,28.467151,77.29446,2026-01-20T19:50:00Z
Manual Upload,IMINT,IMINT Node 2857,Large dataset record for stress testing dashboard.,28.497468,77.357556,2026-01-20T20:00:00Z
Manual Upload,HUMINT,HUMINT Node 2858,Large dataset record for stress testing dashboard.,28.673575,77.49248,2026-01-20T20:10:00Z
Manual Upload,HUMINT,HUMINT Node 2859,Large dataset record for stress testing dashboard.,28.548749,77.360823,2026-01-20T20:20:00Z
Manual Upload,IMINT,IMINT Node 2860,Large dataset record for stress testing dashboard.,28.623088,77.321019,2026-01-20T20:30:00Z
Manual Upload,HUMINT,HUMINT Node 2861,Large dataset record for stress testing dashboard.,28.475504,77.374027,2026-01-20T20:40:00Z
OSINT-MOCK,OSINT,OSINT Node 2862,Large dataset record for stress testing dashboard.,28.429579,77.315962,2026-01-20T20:50:00Z
Manual Upload,HUMINT,HUMINT Node 2863,Large dataset record for stress testing dashboard.,28.896539,77.42279,2026-01-20T21:00:00Z
OSINT-MOCK,OSINT,OSINT Node 2864,Large dataset record for stress testing dashboard.,28.406399,77.145983,2026-01-20T21:10:00Z
Manual Upload,IMINT,IMINT Node 2865,Large dataset record for stress testing dashboard.,28.344317,77.234802,2026-01-20T21:20:00Z
Manual Upload,HUMINT,HUMINT Node 2866,Large dataset record for stress testing dashboard.,28.841934,77.159309,2026-01-20T21:30:00Z
Manual Upload,HUMINT,HUMINT Node 2867,Large dataset record for stress testing dashboard.,28.554366,76.913445,2026-01-20T21:40:00Z
Manual Upload,IMINT,IMINT Node 2868,Large dataset record for stress testing dashboard.,28.507491,77.449521,2026-01-20T21:50:00Z
Manual Upload,HUMINT,HUMINT Node 2869,Large dataset record for stress testing dashboard.,28.583671,77.21294,2026-01-20T22:00:00Z
Manual Upload,IMINT,IMINT Node 2870,Large dataset record for stress testing dashboard.,28.512226,77.308306,2026-01-20T22:10:00Z
Manual Upload,HUMINT,HUMINT Node 2871,Large dataset record for stress testing dashboard.,28.882113,77.102484,2026-01-20T22:20:00Z
OSINT-MOCK,OSINT,OSINT Node 2872,Large dataset record for stress testing dashboard.,28.84698,77.120239,2026-01-20T22:30:00Z
OSINT-MOCK,OSINT,OSINT Node 2873,Large dataset record for stress testing dashboard.,28.466759,77.167572,2026-01-20T22:40:00Z
Manual Upload,HUMINT,HUMINT Node 2874,Large dataset record for stress testing dashboard.,28.318009,77.140849,2026-01-20T22:50:00Z
Manual Upload,HUMINT,HUMINT Node 2875,Large dataset record for stress testing dashboard.,28.516447,77.381138,2026-01-20T23:00:00Z
Manual Upload,HUMINT,HUMINT Node 2876,Large dataset record for stress testing dashboard.,28.798914,77.422502,2026-01-20T23:10:00Z
Manual Upload,HUMINT,HUMINT Node 2877,Large dataset record for stress testing dashboard.,28.723876,77.123448,2026-01-20T23:20:00Z
OSINT-MOCK,OSINT,OSINT Node 2878,Large dataset record for stress testing dashboard.,28.543469,77.062212,2026-01-20T23:30:00Z
Manual Upload,HUMINT,HUMINT Node 2879,Large dataset record for stress testing dashboard.,28.406244,77.444064,2026-01-20T23:40:00Z
Manual Upload,IMINT,IMINT Node 2880,Large dataset record for stress testing dashboard.,28.469907,77.370904,2026-01-20T23:50:00Z
OSINT-MOCK,OSINT,OSINT Node 2881,Large dataset record for stress testing dashboard.,28.680873,77.468772,2026-01-21T00:00:00Z
OSINT-MOCK,OSINT,OSINT Node 2882,Large dataset record for stress testing dashboard.,28.400132,77.417818,2026-01-21T00:10:00Z
Manual Upload,IMINT,IMINT Node 2883,Large dataset record for stress testing dashboard.,28.434855,77.152922,2026-01-21T00:20:00Z
OSINT-MOCK,OSINT,OSINT Node 2884,Large dataset record for stress testing dashboard.,28.912767,76.919193,2026-01-21T00:30:00Z
OSINT-MOCK,OSINT,OSINT Node 2885,Large dataset record for stress testing dashboard.,28.815798,77.401349,2026-01-21T00:40:00Z
OSINT-MOCK,OSINT,OSINT Node 2886,Large dataset record for stress testing dashboard.,28.752014,77.180581,2026-01-21T00:50:00Z
Manual Upload,IMINT,IMINT Node 2887,Large dataset record for stress testing dashboard.,28.558826,76.936349,2026-01-21T01:00:00Z
OSINT-MOCK,OSINT,OSINT Node 2888,Large dataset record for stress testing dashboard.,28.492879,77.470966,2026-01-21T01:10:00Z
Manual Upload,HUMINT,HUMINT Node 2889,Large dataset record for stress testing dashboard.,28.863684,77.216617,2026-01-21T01:20:00Z
Manual Upload,IMINT,IMINT Node 2890,Large dataset record for stress testing dashboard.,28.350358,76.936133,2026-01-21T01:30:00Z
Manual Upload,IMINT,IMINT Node 2891,Large dataset record for stress testing dashboard.,28.513571,76.938107,2026-01-21T01:40:00Z
Manual Upload,IMINT,IMINT Node 2892,Large dataset record for stress testing dashboard.,28.755431,77.043003,2026-01-21T01:50:00Z
OSINT-MOCK,OSINT,OSINT Node 2893,Large dataset record for stress testing dashboard.,28.780015,77.075786,2026-01-21T02:00:00Z
OSINT-MOCK,OSINT,OSINT Node 2894,Large dataset record for stress testing dashboard.,28.441455,77.309784,2026-01-21T02:10:00Z
OSINT-MOCK,OSINT,OSINT Node 2895,Large dataset record for stress testing dashboard.,28.664229,77.168955,2026-01-21T02:20:00Z
Manual Upload,HUMINT,HUMINT Node 2896,Large dataset record for stress testing dashboard.,28.808104,77.194378,2026-01-21T02:30:00Z
Manual Upload,IMINT,IMINT Node 2897,Large dataset record for stress testing dashboard.,28.834704,77.460578,2026-01-21T02:40:00Z
Manual Upload,HUMINT,HUMINT Node 2898,Large dataset record for stress testing dashboard.,28.840484,76.989958,2026-01-21T02:50:00Z
Manual Upload,HUMINT,HUMINT Node 2899,Large dataset record for stress testing dashboard.,28.515881,77.000714,2026-01-21T03:00:00Z
Manual Upload,IMINT,IMINT Node 2900,Large dataset record for stress testing dashboard.,28.37961,77.126547,2026-01-21T03:10:00Z
Manual Upload,HUMINT,HUMINT Node 2901,Large dataset record for stress testing dashboard.,28.476081,76.91691,2026-01-21T03:20:00Z
Manual Upload,HUMINT,HUMINT Node 2902,Large dataset record for stress testing dashboard.,28.862524,77.187423,2026-01-21T03:30:00Z
Manual Upload,IMINT,IMINT Node 2903,Large dataset record for stress testing dashboard.,28.766007,77.135584,2026-01-21T03:40:00Z
OSINT-MOCK,OSINT,OSINT Node 2904,Large dataset record for stress testing dashboard.,28.609186,77.501714,2026-01-21T03:50:00Z
Manual Upload,IMINT,IMINT Node 2905,Large dataset record for stress testing dashboard.,28.657722,77.207959,2026-01-21T04:00:00Z
Manual Upload,IMINT,IMINT Node 2906,Large dataset record for stress testing dashboard.,28.885904,77.252822,2026-01-21T04:10:00Z
Manual Upload,IMINT,IMINT Node 2907,Large dataset record for stress testing dashboard.,28.325203,77.111069,2026-01-21T04:20:00Z
Manual Upload,IMINT,IMINT Node 2908,Large dataset record for stress testing dashboard.,28.770661,76.936094,2026-01-21T04:30:00Z
Manual Upload,IMINT,IMINT Node 2909,Large dataset record for stress testing dashboard.,28.903455,76.909654,2026-01-21T04:40:00Z
Manual Upload,IMINT,IMINT Node 2910,Large dataset record for stress testing dashboard.,28.684095,77.071159,2026-01-21T04:50:00Z
OSINT-MOCK,OSINT,OSINT Node 2911,Large dataset record for stress testing dashboard.,28.837048,77.422968,2026-01-21T05:00:00Z
Manual Upload,IMINT,IMINT Node 2912,Large dataset record for stress testing dashboard.,28.895568,77.121265,2026-01-21T05:10:00Z
Manual Upload,HUMINT,HUMINT Node 2913,Large dataset record for stress testing dashboard.,28.674179,77.366624,2026-01-21T05:20:00Z
OSINT-MOCK,OSINT,OSINT Node 2914,Large dataset record for stress testing dashboard.,28.626251,77.275315,2026-01-21T05:30:00Z
OSINT-MOCK,OSINT,OSINT Node 2915,Large dataset record for stress testing dashboard.,28.595086,77.41563,2026-01-21T05:40:00Z
Manual Upload,IMINT,IMINT Node 2916,Large dataset record for stress testing dashboard.,28.338421,76.966821,2026-01-21T05:50:00Z
Manual Upload,HUMINT,HUMINT Node 2917,Large dataset record for stress testing dashboard.,28.577911,77.184902,2026-01-21T06:00:00Z
Manual Upload,IMINT,IMINT Node 2918,Large dataset record for stress testing dashboard.,28.633454,77.185166,2026-01-21T06:10:00Z
Manual Upload,IMINT,IMINT Node 2919,Large dataset record for stress testing dashboard.,28.53308,77.478171,2026-01-21T06:20:00Z
Manual Upload,HUMINT,HUMINT Node 2920,Large dataset record for stress testing dashboard.,28.499158,77.217091,2026-01-21T06:30:00Z
Manual Upload,IMINT,IMINT Node 2921,Large dataset record for stress testing dashboard.,28.756588,77.505058,2026-01-21T06:40:00Z
OSINT-MOCK,OSINT,OSINT Node 2922,Large dataset record for stress testing dashboard.,28.627508,77.00438,2026-01-21T06:50:00Z
OSINT-MOCK,OSINT,OSINT Node 2923,Large dataset record for stress testing dashboard.,28.614416,77.361769,2026-01-21T07:00:00Z
Manual Upload,IMINT,IMINT Node 2924,Large dataset record for stress testing dashboard.,28.817359,77.101,2026-01-21T07:10:00Z
Manual Upload,IMINT,IMINT Node 2925,Large dataset record for stress testing dashboard.,28.6259,77.146859,2026-01-21T07:20:00Z
Manual Upload,IMINT,IMINT Node 2926,Large dataset record for stress testing dashboard.,28.797489,77.074872,2026-01-21T07:30:00Z
OSINT-MOCK,OSINT,OSINT Node 2927,Large dataset record for stress testing dashboard.,28.566071,77.055816,2026-01-21T07:40:00Z
OSINT-MOCK,OSINT,OSINT Node 2928,Large dataset record for stress testing dashboard.,28.414889,77.4439,2026-01-21T07:50:00Z
Manual Upload,IMINT,IMINT Node 2929,Large dataset record for stress testing dashboard.,28.755997,77.125357,2026-01-21T08:00:00Z
Manual Upload,HUMINT,HUMINT Node 2930,Large dataset record for stress testing dashboard.,28.539946,77.282626,2026-01-21T08:10:00Z
Manual Upload,HUMINT,HUMINT Node 2931,Large dataset record for stress testing dashboard.,28.413348,77.160994,2026-01-21T08:20:00Z
OSINT-MOCK,OSINT,OSINT Node 2932,Large dataset record for stress testing dashboard.,28.489421,77.218812,2026-01-21T08:30:00Z
Manual Upload,IMINT,IMINT Node 2933,Large dataset record for stress testing dashboard.,28.823484,77.175072,2026-01-21T08:40:00Z
Manual Upload,IMINT,IMINT Node 2934,Large dataset record for stress testing dashboard.,28.315393,77.150713,2026-01-21T08:50:00Z
Manual Upload,IMINT,IMINT Node 2935,Large dataset record for stress testing dashboard.,28.442082,77.488964,2026-01-21T09:00:00Z
Manual Upload,IMINT,IMINT Node 2936,Large dataset record for stress testing dashboard.,28.365771,76.964364,2026-01-21T09:10:00Z
OSINT-MOCK,OSINT,OSINT Node 2937,Large dataset record for stress testing dashboard.,28.867894,77.387937,2026-01-21T09:20:00Z
Manual Upload,HUMINT,HUMINT Node 2938,Large dataset record for stress testing dashboard.,28.595143,77.209392,2026-01-21T09:30:00Z
Manual Upload,HUMINT,HUMINT Node 2939,Large dataset record for stress testing dashboard.,28.781264,77.440812,2026-01-21T09:40:00Z
Manual Upload,HUMINT,HUMINT Node 2940,Large dataset record for stress testing dashboard.,28.806921,77.246876,2026-01-21T09:50:00Z
OSINT-MOCK,OSINT,OSINT Node 2941,Large dataset record for stress testing dashboard.,28.687615,77.265232,2026-01-21T10:00:00Z
OSINT-MOCK,OSINT,OSINT Node 2942,Large dataset record for stress testing dashboard.,28.874039,77.465711,2026-01-21T10:10:00Z
OSINT-MOCK,OSINT,OSINT Node 2943,Large dataset record for stress testing dashboard.,28.394011,77.34396,2026-01-21T10:20:00Z
Manual Upload,IMINT,IMINT Node 2944,Large dataset record for stress testing dashboard.,28.706158,76.980428,2026-01-21T10:30:00Z
OSINT-MOCK,OSINT,OSINT Node 2945,Large dataset record for stress testing dashboard.,28.615452,77.256563,2026-01-21T10:40:00Z
Manual Upload,IMINT,IMINT Node 2946,Large dataset record for stress testing dashboard.,28.844242,77.045799,2026-01-21T10:50:00Z
Manual Upload,IMINT,IMINT Node 2947,Large dataset record for stress testing dashboard.,28.810415,76.942968,2026-01-21T11:00:00Z
Manual Upload,HUMINT,HUMINT Node 2948,Large dataset record for stress testing dashboard.,28.801431,77.366746,2026-01-21T11:10:00Z
Manual Upload,IMINT,IMINT Node 2949,Large dataset record for stress testing dashboard.,28.503715,77.07264,2026-01-21T11:20:00Z
OSINT-MOCK,OSINT,OSINT Node 2950,Large dataset record for stress testing dashboard.,28.639192,77.291657,2026-01-21T11:30:00Z
Manual Upload,HUMINT,HUMINT Node 2951,Large dataset record for stress testing dashboard.,28.716559,77.240314,2026-01-21T11:40:00Z
Manual Upload,IMINT,IMINT Node 2952,Large dataset record for stress testing dashboard.,28.904558,77.257555,2026-01-21T11:50:00Z
Manual Upload,HUMINT,HUMINT Node 2953,Large dataset record for stress testing dashboard.,28.469594,77.285272,2026-01-21T12:00:00Z
OSINT-MOCK,OSINT,OSINT Node 2954,Large dataset record for stress testing dashboard.,28.566332,77.097376,2026-01-21T12:10:00Z
Manual Upload,IMINT,IMINT Node 2955,Large dataset record for stress testing dashboard.,28.669909,76.955436,2026-01-21T12:20:00Z
Manual Upload,HUMINT,HUMINT Node 2956,Large dataset record for stress testing dashboard.,28.638372,77.320294,2026-01-21T12:30:00Z
OSINT-MOCK,OSINT,OSINT Node 2957,Large dataset record for stress testing dashboard.,28.763268,77.186661,2026-01-21T12:40:00Z
Manual Upload,HUMINT,HUMINT Node 2958,Large dataset record for stress testing dashboard.,28.525545,76.947881,2026-01-21T12:50:00Z
Manual Upload,HUMINT,HUMINT Node 2959,Large dataset record for stress testing dashboard.,28.675417,77.243696,2026-01-21T13:00:00Z
Manual Upload,IMINT,IMINT Node 2960,Large dataset record for stress testing dashboard.,28.535656,77.50154,2026-01-21T13:10:00Z
Manual Upload,IMINT,IMINT Node 2961,Large dataset record for stress testing dashboard.,28.690213,77.009589,2026-01-21T13:20:00Z
Manual Upload,IMINT,IMINT Node 2962,Large dataset record for stress testing dashboard.,28.439959,77.067145,2026-01-21T13:30:00Z
OSINT-MOCK,OSINT,OSINT Node 2963,Large dataset record for stress testing dashboard.,28.579876,77.032218,2026-01-21T13:40:00Z
Manual Upload,IMINT,IMINT Node 2964,Large dataset record for stress testing dashboard.,28.830647,77.484691,2026-01-21T13:50:00Z
OSINT-MOCK,OSINT,OSINT Node 2965,Large dataset record for stress testing dashboard.,28.601292,76.956564,2026-01-21T14:00:00Z
OSINT-MOCK,OSINT,OSINT Node 2966,Large dataset record for stress testing dashboard.,28.670107,77.317755,2026-01-21T14:10:00Z
Manual Upload,IMINT,IMINT Node 2967,Large dataset record for stress testing dashboard.,28.38261,77.287958,2026-01-21T14:20:00Z
Manual Upload,HUMINT,HUMINT Node 2968,Large dataset record for stress testing dashboard.,28.675476,77.288221,2026-01-21T14:30:00Z
Manual Upload,IMINT,IMINT Node 2969,Large dataset record for stress testing dashboard.,28.756837,77.237309,2026-01-21T14:40:00Z
Manual Upload,IMINT,IMINT Node 2970,Large dataset record for stress testing dashboard.,28.373761,77.466039,2026-01-21T14:50:00Z
Manual Upload,HUMINT,HUMINT Node 2971,Large dataset record for stress testing dashboard.,28.787367,77.222797,2026-01-21T15:00:00Z
OSINT-MOCK,OSINT,OSINT Node 2972,Large dataset record for stress testing dashboard.,28.822301,77.379483,2026-01-21T15:10:00Z
OSINT-MOCK,OSINT,OSINT Node 2973,Large dataset record for stress testing dashboard.,28.620346,76.989289,2026-01-21T15:20:00Z
Manual Upload,HUMINT,HUMINT Node 2974,Large dataset record for stress testing dashboard.,28.703214,77.202073,2026-01-21T15:30:00Z
Manual Upload,IMINT,IMINT Node 2975,Large dataset record for stress testing dashboard.,28.546714,77.365255,2026-01-21T15:40:00Z
Manual Upload,HUMINT,HUMINT Node 2976,Large dataset record for stress testing dashboard.,28.335889,76.980053,2026-01-21T15:50:00Z
OSINT-MOCK,OSINT,OSINT Node 2977,Large dataset record for stress testing dashboard.,28.665582,77.040668,2026-01-21T16:00:00Z
Manual Upload,IMINT,IMINT Node 2978,Large dataset record for stress testing dashboard.,28.667588,76.995387,2026-01-21T16:10:00Z
Manual Upload,HUMINT,HUMINT Node 2979,Large dataset record for stress testing dashboard.,28.677917,77.047581,2026-01-21T16:20:00Z
Manual Upload,HUMINT,HUMINT Node 2980,Large dataset record for stress testing dashboard.,28.857073,77.215829,2026-01-21T16:30:00Z
Manual Upload,HUMINT,HUMINT Node 2981,Large dataset record for stress testing dashboard.,28.710712,77.273483,2026-01-21T16:40:00Z
Manual Upload,HUMINT,HUMINT Node 2982,Large dataset record for stress testing dashboard.,28.866692,77.054566,2026-01-21T16:50:00Z
Manual Upload,HUMINT,HUMINT Node 2983,Large dataset record for stress testing dashboard.,28.340443,77.203498,2026-01-21T17:00:00Z
Manual Upload,IMINT,IMINT Node 2984,Large dataset record for stress testing dashboard.,28.620519,77.157259,2026-01-21T17:10:00Z
OSINT-MOCK,OSINT,OSINT Node 2985,Large dataset record for stress testing dashboard.,28.783664,77.428019,2026-01-21T17:20:00Z
OSINT-MOCK,OSINT,OSINT Node 2986,Large dataset record for stress testing dashboard.,28.516892,77.32331,2026-01-21T17:30:00Z
Manual Upload,IMINT,IMINT Node 2987,Large dataset record for stress testing dashboard.,28.79412,77.174356,2026-01-21T17:40:00Z
Manual Upload,IMINT,IMINT Node 2988,Large dataset record for stress testing dashboard.,28.374837,77.011485,2026-01-21T17:50:00Z
Manual Upload,HUMINT,HUMINT Node 2989,Large dataset record for stress testing dashboard.,28.853179,77.039812,2026-01-21T18:00:00Z
Manual Upload,IMINT,IMINT Node 2990,Large dataset record for stress testing dashboard.,28.511462,77.288275,2026-01-21T18:10:00Z
Manual Upload,IMINT,IMINT Node 2991,Large dataset record for stress testing dashboard.,28.820395,77.099975,2026-01-21T18:20:00Z
Manual Upload,IMINT,IMINT Node 2992,Large dataset record for stress testing dashboard.,28.856941,77.123486,2026-01-21T18:30:00Z
Manual Upload,IMINT,IMINT Node 2993,Large dataset record for stress testing dashboard.,28.370068,77.196065,2026-01-21T18:40:00Z
Manual Upload,IMINT,IMINT Node 2994,Large dataset record for stress testing dashboard.,28.719201,77.35249,2026-01-21T18:50:00Z
Manual Upload,HUMINT,HUMINT Node 2995,Large dataset record for stress testing dashboard.,28.478209,77.402301,2026-01-21T19:00:00Z
Manual Upload,IMINT,IMINT Node 2996,Large dataset record for stress testing dashboard.,28.340727,77.129587,2026-01-21T19:10:00Z
OSINT-MOCK,OSINT,OSINT Node 2997,Large dataset record for stress testing dashboard.,28.636337,76.971802,2026-01-21T19:20:00Z
Manual Upload,HUMINT,HUMINT Node 2998,Large dataset record for stress testing dashboard.,28.500718,77.094141,2026-01-21T19:30:00Z
Manual Upload,IMINT,IMINT Node 2999,Large dataset record for stress testing dashboard.,28.884484,77.29984,2026-01-21T19:40:00Z
OSINT-MOCK,OSINT,OSINT Node 3000,Large dataset record for stress testing dashboard.,28.375342,77.000431,2026-01-21T19:50:00Z
