source,intel_type,title,description,latitude,longitude,timestamp
Manual Upload,HUMINT,Field Report 1,Ground report from field asset with directional notes.,28.675635,77.429071,2026-01-01T00:07:00Z
Manual Upload,HUMINT,Field Report 2,Ground report from field asset with directional notes.,28.383906,77.315381,2026-01-01T00:27:00Z
Manual Upload,HUMINT,Field Report 3,Ground report from field asset with directional notes.,28.705337,77.078555,2026-01-01T00:47:00Z
Manual Upload,HUMINT,Field Report 4,Ground report from field asset with directional notes.,28.862405,77.262439,2026-01-01T01:07:00Z
Manual Upload,HUMINT,Field Report 5,Ground report from field asset with directional notes.,28.842908,77.24245,2026-01-01T01:27:00Z
Manual Upload,HUMINT,Field Report 6,Ground report from field asset with directional notes.,28.861102,77.007703,2026-01-01T01:47:00Z
Manual Upload,HUMINT,Field Report 7,Ground report from field asset with directional notes.,28.371371,77.342159,2026-01-01T02:07:00Z
Manual Upload,HUMINT,Field Report 8,Ground report from field asset with directional notes.,28.518671,77.392767,2026-01-01T02:27:00Z
Manual Upload,HUMINT,Field Report 9,Ground report from field asset with directional notes.,28.762592,77.406567,2026-01-01T02:47:00Z
Manual Upload,HUMINT,Field Report 10,Ground report from field asset with directional notes.,28.613356,77.186404,2026-01-01T03:07:00Z
Manual Upload,HUMINT,Field Report 11,Ground report from field asset with directional notes.,28.448759,77.106804,2026-01-01T03:27:00Z
Manual Upload,HUMINT,Field Report 12,Ground report from field asset with directional notes.,28.397981,77.247256,2026-01-01T03:47:00Z
Manual Upload,HUMINT,Field Report 13,Ground report from field asset with directional notes.,28.540584,76.994567,2026-01-01T04:07:00Z
Manual Upload,HUMINT,Field Report 14,Ground report from field asset with directional notes.,28.719228,77.189371,2026-01-01T04:27:00Z
Manual Upload,HUMINT,Field Report 15,Ground report from field asset with directional notes.,28.856972,77.448242,2026-01-01T04:47:00Z
Manual Upload,HUMINT,Field Report 16,Ground report from field asset with directional notes.,28.745473,77.180023,2026-01-01T05:07:00Z
Manual Upload,HUMINT,Field Report 17,Ground report from field asset with directional notes.,28.82598,77.428915,2026-01-01T05:27:00Z
Manual Upload,HUMINT,Field Report 18,Ground report from field asset with directional notes.,28.84974,77.203129,2026-01-01T05:47:00Z
Manual Upload,HUMINT,Field Report 19,Ground report from field asset with directional notes.,28.545636,77.102313,2026-01-01T06:07:00Z
Manual Upload,HUMINT,Field Report 20,Ground report from field asset with directional notes.,28.568417,77.268842,2026-01-01T06:27:00Z
Manual Upload,HUMINT,Field Report 21,Ground report from field asset with directional notes.,28.704192,77.179414,2026-01-01T06:47:00Z
Manual Upload,HUMINT,Field Report 22,Ground report from field asset with directional notes.,28.62014,77.271316,2026-01-01T07:07:00Z
Manual Upload,HUMINT,Field Report 23,Ground report from field asset with directional notes.,28.520723,77.000745,2026-01-01T07:27:00Z
Manual Upload,HUMINT,Field Report 24,Ground report from field asset with directional notes.,28.570497,77.184046,2026-01-01T07:47:00Z
Manual Upload,HUMINT,Field Report 25,Ground report from field asset with directional notes.,28.802604,77.454624,2026-01-01T08:07:00Z
Manual Upload,HUMINT,Field Report 26,Ground report from field asset with directional notes.,28.385238,77.447716,2026-01-01T08:27:00Z
Manual Upload,HUMINT,Field Report 27,Ground report from field asset with directional notes.,28.392429,77.354295,2026-01-01T08:47:00Z
Manual Upload,HUMINT,Field Report 28,Ground report from field asset with directional notes.,28.713773,77.2394,2026-01-01T09:07:00Z
Manual Upload,HUMINT,Field Report 29,Ground report from field asset with directional notes.,28.441181,77.011649,2026-01-01T09:27:00Z
Manual Upload,HUMINT,Field Report 30,Ground report from field asset with directional notes.,28.551811,77.244067,2026-01-01T09:47:00Z
Manual Upload,HUMINT,Field Report 31,Ground report from field asset with directional notes.,28.790815,77.070526,2026-01-01T10:07:00Z
Manual Upload,HUMINT,Field Report 32,Ground report from field asset with directional notes.,28.800979,77.293575,2026-01-01T10:27:00Z
Manual Upload,HUMINT,Field Report 33,Ground report from field asset with directional notes.,28.538369,77.193244,2026-01-01T10:47:00Z
Manual Upload,HUMINT,Field Report 34,Ground report from field asset with directional notes.,28.631458,77.368145,2026-01-01T11:07:00Z
Manual Upload,HUMINT,Field Report 35,Ground report from field asset with directional notes.,28.41846,77.049137,2026-01-01T11:27:00Z
Manual Upload,HUMINT,Field Report 36,Ground report from field asset with directional notes.,28.418074,77.438774,2026-01-01T11:47:00Z
Manual Upload,HUMINT,Field Report 37,Ground report from field asset with directional notes.,28.562372,77.175557,2026-01-01T12:07:00Z
Manual Upload,HUMINT,Field Report 38,Ground report from field asset with directional notes.,28.56466,76.991236,2026-01-01T12:27:00Z
Manual Upload,HUMINT,Field Report 39,Ground report from field asset with directional notes.,28.535112,77.261185,2026-01-01T12:47:00Z
Manual Upload,HUMINT,Field Report 40,Ground report from field asset with directional notes.,28.470218,77.329642,2026-01-01T13:07:00Z
Manual Upload,HUMINT,Field Report 41,Ground report from field asset with directional notes.,28.421063,77.186289,2026-01-01T13:27:00Z
Manual Upload,HUMINT,Field Report 42,Ground report from field asset with directional notes.,28.636441,77.433267,2026-01-01T13:47:00Z
Manual Upload,HUMINT,Field Report 43,Ground report from field asset with directional notes.,28.436657,77.065735,2026-01-01T14:07:00Z
Manual Upload,HUMINT,Field Report 44,Ground report from field asset with directional notes.,28.648003,77.452905,2026-01-01T14:27:00Z
Manual Upload,HUMINT,Field Report 45,Ground report from field asset with directional notes.,28.751003,76.9902,2026-01-01T14:47:00Z
Manual Upload,HUMINT,Field Report 46,Ground report from field asset with directional notes.,28.768167,77.35378,2026-01-01T15:07:00Z
Manual Upload,HUMINT,Field Report 47,Ground report from field asset with directional notes.,28.85318,77.06571,2026-01-01T15:27:00Z
Manual Upload,HUMINT,Field Report 48,Ground report from field asset with directional notes.,28.469646,76.970471,2026-01-01T15:47:00Z
Manual Upload,HUMINT,Field Report 49,Ground report from field asset with directional notes.,28.743208,77.17046,2026-01-01T16:07:00Z
Manual Upload,HUMINT,Field Report 50,Ground report from field asset with directional notes.,28.489936,77.047053,2026-01-01T16:27:00Z
Manual Upload,HUMINT,Field Report 51,Ground report from field asset with directional notes.,28.434769,77.095953,2026-01-01T16:47:00Z
Manual Upload,HUMINT,Field Report 52,Ground report from field asset with directional notes.,28.404755,77.395888,2026-01-01T17:07:00Z
Manual Upload,HUMINT,Field Report 53,Ground report from field asset with directional notes.,28.58961,77.168861,2026-01-01T17:27:00Z
Manual Upload,HUMINT,Field Report 54,Ground report from field asset with directional notes.,28.470952,77.405537,2026-01-01T17:47:00Z
Manual Upload,HUMINT,Field Report 55,Ground report from field asset with directional notes.,28.455939,76.985871,2026-01-01T18:07:00Z
Manual Upload,HUMINT,Field Report 56,Ground report from field asset with directional notes.,28.811378,77.173267,2026-01-01T18:27:00Z
Manual Upload,HUMINT,Field Report 57,Ground report from field asset with directional notes.,28.845583,77.107452,2026-01-01T18:47:00Z
Manual Upload,HUMINT,Field Report 58,Ground report from field asset with directional notes.,28.463203,77.429971,2026-01-01T19:07:00Z
Manual Upload,HUMINT,Field Report 59,Ground report from field asset with directional notes.,28.604713,77.226753,2026-01-01T19:27:00Z
Manual Upload,HUMINT,Field Report 60,Ground report from field asset with directional notes.,28.755829,77.441795,2026-01-01T19:47:00Z
Manual Upload,HUMINT,Field Report 61,Ground report from field asset with directional notes.,28.582292,77.415299,2026-01-01T20:07:00Z
Manual Upload,HUMINT,Field Report 62,Ground report from field asset with directional notes.,28.649058,77.370508,2026-01-01T20:27:00Z
Manual Upload,HUMINT,Field Report 63,Ground report from field asset with directional notes.,28.644354,77.40589,2026-01-01T20:47:00Z
Manual Upload,HUMINT,Field Report 64,Ground report from field asset with directional notes.,28.46318,77.320362,2026-01-01T21:07:00Z
Manual Upload,HUMINT,Field Report 65,Ground report from field asset with directional notes.,28.653145,77.031309,2026-01-01T21:27:00Z
Manual Upload,HUMINT,Field Report 66,Ground report from field asset with directional notes.,28.695931,77.370752,2026-01-01T21:47:00Z
Manual Upload,HUMINT,Field Report 67,Ground report from field asset with directional notes.,28.731078,77.371617,2026-01-01T22:07:00Z
Manual Upload,HUMINT,Field Report 68,Ground report from field asset with directional notes.,28.730463,76.966093,2026-01-01T22:27:00Z
Manual Upload,HUMINT,Field Report 69,Ground report from field asset with directional notes.,28.812151,77.42591,2026-01-01T22:47:00Z
Manual Upload,HUMINT,Field Report 70,Ground report from field asset with directional notes.,28.613623,77.117204,2026-01-01T23:07:00Z
Manual Upload,HUMINT,Field Report 71,Ground report from field asset with directional notes.,28.759908,77.295973,2026-01-01T23:27:00Z
Manual Upload,HUMINT,Field Report 72,Ground report from field asset with directional notes.,28.495301,77.320143,2026-01-01T23:47:00Z
Manual Upload,HUMINT,Field Report 73,Ground report from field asset with directional notes.,28.858019,77.430662,2026-01-02T00:07:00Z
Manual Upload,HUMINT,Field Report 74,Ground report from field asset with directional notes.,28.792534,77.276147,2026-01-02T00:27:00Z
Manual Upload,HUMINT,Field Report 75,Ground report from field asset with directional notes.,28.683358,77.248189,2026-01-02T00:47:00Z
Manual Upload,HUMINT,Field Report 76,Ground report from field asset with directional notes.,28.382143,77.331854,2026-01-02T01:07:00Z
Manual Upload,HUMINT,Field Report 77,Ground report from field asset with directional notes.,28.457728,77.307223,2026-01-02T01:27:00Z
Manual Upload,HUMINT,Field Report 78,Ground report from field asset with directional notes.,28.751092,77.259472,2026-01-02T01:47:00Z
Manual Upload,HUMINT,Field Report 79,Ground report from field asset with directional notes.,28.471969,77.063882,2026-01-02T02:07:00Z
Manual Upload,HUMINT,Field Report 80,Ground report from field asset with directional notes.,28.45948,77.298814,2026-01-02T02:27:00Z
Manual Upload,HUMINT,Field Report 81,Ground report from field asset with directional notes.,28.841452,77.144128,2026-01-02T02:47:00Z
Manual Upload,HUMINT,Field Report 82,Ground report from field asset with directional notes.,28.545797,77.109972,2026-01-02T03:07:00Z
Manual Upload,HUMINT,Field Report 83,Ground report from field asset with directional notes.,28.517383,77.368526,2026-01-02T03:27:00Z
Manual Upload,HUMINT,Field Report 84,Ground report from field asset with directional notes.,28.426273,77.208565,2026-01-02T03:47:00Z
Manual Upload,HUMINT,Field Report 85,Ground report from field asset with directional notes.,28.863424,77.166027,2026-01-02T04:07:00Z
Manual Upload,HUMINT,Field Report 86,Ground report from field asset with directional notes.,28.539764,77.373093,2026-01-02T04:27:00Z
Manual Upload,HUMINT,Field Report 87,Ground report from field asset with directional notes.,28.576825,77.446035,2026-01-02T04:47:00Z
Manual Upload,HUMINT,Field Report 88,Ground report from field asset with directional notes.,28.531813,77.422174,2026-01-02T05:07:00Z
Manual Upload,HUMINT,Field Report 89,Ground report from field asset with directional notes.,28.593312,77.145561,2026-01-02T05:27:00Z
Manual Upload,HUMINT,Field Report 90,Ground report from field asset with directional notes.,28.640277,77.040329,2026-01-02T05:47:00Z
Manual Upload,HUMINT,Field Report 91,Ground report from field asset with directional notes.,28.581838,77.101514,2026-01-02T06:07:00Z
Manual Upload,HUMINT,Field Report 92,Ground report from field asset with directional notes.,28.693703,77.299141,2026-01-02T06:27:00Z
Manual Upload,HUMINT,Field Report 93,Ground report from field asset with directional notes.,28.680954,77.310046,2026-01-02T06:47:00Z
Manual Upload,HUMINT,Field Report 94,Ground report from field asset with directional notes.,28.832851,77.411941,2026-01-02T07:07:00Z
Manual Upload,HUMINT,Field Report 95,Ground report from field asset with directional notes.,28.413513,77.00281,2026-01-02T07:27:00Z
Manual Upload,HUMINT,Field Report 96,Ground report from field asset with directional notes.,28.782517,77.003819,2026-01-02T07:47:00Z
Manual Upload,HUMINT,Field Report 97,Ground report from field asset with directional notes.,28.372113,77.425248,2026-01-02T08:07:00Z
Manual Upload,HUMINT,Field Report 98,Ground report from field asset with directional notes.,28.415738,77.333972,2026-01-02T08:27:00Z
Manual Upload,HUMINT,Field Report 99,Ground report from field asset with directional notes.,28.675813,77.231367,2026-01-02T08:47:00Z
Manual Upload,HUMINT,Field Report 100,Ground report from field asset with directional notes.,28.680663,77.210681,2026-01-02T09:07:00Z
Manual Upload,HUMINT,Field Report 101,Ground report from field asset with directional notes.,28.766835,77.292855,2026-01-02T09:27:00Z
Manual Upload,HUMINT,Field Report 102,Ground report from field asset with directional notes.,28.789753,77.064936,2026-01-02T09:47:00Z
Manual Upload,HUMINT,Field Report 103,Ground report from field asset with directional notes.,28.75234,77.234794,2026-01-02T10:07:00Z
Manual Upload,HUMINT,Field Report 104,Ground report from field asset with directional notes.,28.421151,77.387171,2026-01-02T10:27:00Z
Manual Upload,HUMINT,Field Report 105,Ground report from field asset with directional notes.,28.839176,77.134307,2026-01-02T10:47:00Z
Manual Upload,HUMINT,Field Report 106,Ground report from field asset with directional notes.,28.760776,77.190974,2026-01-02T11:07:00Z
Manual Upload,HUMINT,Field Report 107,Ground report from field asset with directional notes.,28.817897,77.28143,2026-01-02T11:27:00Z
Manual Upload,HUMINT,Field Report 108,Ground report from field asset with directional notes.,28.756218,77.156904,2026-01-02T11:47:00Z
Manual Upload,HUMINT,Field Report 109,Ground report from field asset with directional notes.,28.833708,77.350098,2026-01-02T12:07:00Z
Manual Upload,HUMINT,Field Report 110,Ground report from field asset with directional notes.,28.61768,77.092805,2026-01-02T12:27:00Z
Manual Upload,HUMINT,Field Report 111,Ground report from field asset with directional notes.,28.693241,77.112698,2026-01-02T12:47:00Z
Manual Upload,HUMINT,Field Report 112,Ground report from field asset with directional notes.,28.815237,77.413669,2026-01-02T13:07:00Z
Manual Upload,HUMINT,Field Report 113,Ground report from field asset with directional notes.,28.70055,76.961079,2026-01-02T13:27:00Z
Manual Upload,HUMINT,Field Report 114,Ground report from field asset with directional notes.,28.81843,76.975337,2026-01-02T13:47:00Z
Manual Upload,HUMINT,Field Report 115,Ground report from field asset with directional notes.,28.377023,77.354255,2026-01-02T14:07:00Z
Manual Upload,HUMINT,Field Report 116,Ground report from field asset with directional notes.,28.784285,77.218482,2026-01-02T14:27:00Z
Manual Upload,HUMINT,Field Report 117,Ground report from field asset with directional notes.,28.734523,77.117735,2026-01-02T14:47:00Z
Manual Upload,HUMINT,Field Report 118,Ground report from field asset with directional notes.,28.449105,77.245094,2026-01-02T15:07:00Z
Manual Upload,HUMINT,Field Report 119,Ground report from field asset with directional notes.,28.57891,77.23687,2026-01-02T15:27:00Z
Manual Upload,HUMINT,Field Report 120,Ground report from field asset with directional notes.,28.559581,77.267134,2026-01-02T15:47:00Z
Manual Upload,HUMINT,Field Report 121,Ground report from field asset with directional notes.,28.560559,76.98479,2026-01-02T16:07:00Z
Manual Upload,HUMINT,Field Report 122,Ground report from field asset with directional notes.,28.82987,77.173551,2026-01-02T16:27:00Z
Manual Upload,HUMINT,Field Report 123,Ground report from field asset with directional notes.,28.833596,77.154206,2026-01-02T16:47:00Z
Manual Upload,HUMINT,Field Report 124,Ground report from field asset with directional notes.,28.727956,77.16056,2026-01-02T17:07:00Z
Manual Upload,HUMINT,Field Report 125,Ground report from field asset with directional notes.,28.522962,77.038222,2026-01-02T17:27:00Z
Manual Upload,HUMINT,Field Report 126,Ground report from field asset with directional notes.,28.479385,77.314012,2026-01-02T17:47:00Z
Manual Upload,HUMINT,Field Report 127,Ground report from field asset with directional notes.,28.427065,77.018186,2026-01-02T18:07:00Z
Manual Upload,HUMINT,Field Report 128,Ground report from field asset with directional notes.,28.652367,77.155006,2026-01-02T18:27:00Z
Manual Upload,HUMINT,Field Report 129,Ground report from field asset with directional notes.,28.744986,77.417333,2026-01-02T18:47:00Z
Manual Upload,HUMINT,Field Report 130,Ground report from field asset with directional notes.,28.782569,77.038527,2026-01-02T19:07:00Z
Manual Upload,HUMINT,Field Report 131,Ground report from field asset with directional notes.,28.525102,77.005627,2026-01-02T19:27:00Z
Manual Upload,HUMINT,Field Report 132,Ground report from field asset with directional notes.,28.37672,76.964769,2026-01-02T19:47:00Z
Manual Upload,HUMINT,Field Report 133,Ground report from field asset with directional notes.,28.748916,77.035524,2026-01-02T20:07:00Z
Manual Upload,HUMINT,Field Report 134,Ground report from field asset with directional notes.,28.67295,77.230836,2026-01-02T20:27:00Z
Manual Upload,HUMINT,Field Report 135,Ground report from field asset with directional notes.,28.8501,77.244897,2026-01-02T20:47:00Z
Manual Upload,HUMINT,Field Report 136,Ground report from field asset with directional notes.,28.376545,77.326085,2026-01-02T21:07:00Z
Manual Upload,HUMINT,Field Report 137,Ground report from field asset with directional notes.,28.855607,77.276232,2026-01-02T21:27:00Z
Manual Upload,HUMINT,Field Report 138,Ground report from field asset with directional notes.,28.752695,77.052278,2026-01-02T21:47:00Z
Manual Upload,HUMINT,Field Report 139,Ground report from field asset with directional notes.,28.690161,77.069878,2026-01-02T22:07:00Z
Manual Upload,HUMINT,Field Report 140,Ground report from field asset with directional notes.,28.460814,77.379228,2026-01-02T22:27:00Z
Manual Upload,HUMINT,Field Report 141,Ground report from field asset with directional notes.,28.727056,77.362549,2026-01-02T22:47:00Z
Manual Upload,HUMINT,Field Report 142,Ground report from field asset with directional notes.,28.552953,77.08924,2026-01-02T23:07:00Z
Manual Upload,HUMINT,Field Report 143,Ground report from field asset with directional notes.,28.389774,77.000482,2026-01-02T23:27:00Z
Manual Upload,HUMINT,Field Report 144,Ground report from field asset with directional notes.,28.435785,76.97057,2026-01-02T23:47:00Z
Manual Upload,HUMINT,Field Report 145,Ground report from field asset with directional notes.,28.856299,77.39247,2026-01-03T00:07:00Z
Manual Upload,HUMINT,Field Report 146,Ground report from field asset with directional notes.,28.419366,77.4226,2026-01-03T00:27:00Z
Manual Upload,HUMINT,Field Report 147,Ground report from field asset with directional notes.,28.425242,77.029918,2026-01-03T00:47:00Z
Manual Upload,HUMINT,Field Report 148,Ground report from field asset with directional notes.,28.494897,77.049314,2026-01-03T01:07:00Z
Manual Upload,HUMINT,Field Report 149,Ground report from field asset with directional notes.,28.402591,77.381312,2026-01-03T01:27:00Z
Manual Upload,HUMINT,Field Report 150,Ground report from field asset with directional notes.,28.82026,77.062986,2026-01-03T01:47:00Z
Manual Upload,HUMINT,Field Report 151,Ground report from field asset with directional notes.,28.414236,77.356721,2026-01-03T02:07:00Z
Manual Upload,HUMINT,Field Report 152,Ground report from field asset with directional notes.,28.570773,77.202259,2026-01-03T02:27:00Z
Manual Upload,HUMINT,Field Report 153,Ground report from field asset with directional notes.,28.676741,77.064148,2026-01-03T02:47:00Z
Manual Upload,HUMINT,Field Report 154,Ground report from field asset with directional notes.,28.573854,77.403857,2026-01-03T03:07:00Z
Manual Upload,HUMINT,Field Report 155,Ground report from field asset with directional notes.,28.680676,77.184439,2026-01-03T03:27:00Z
Manual Upload,HUMINT,Field Report 156,Ground report from field asset with directional notes.,28.444452,77.108377,2026-01-03T03:47:00Z
Manual Upload,HUMINT,Field Report 157,Ground report from field asset with directional notes.,28.815719,77.288833,2026-01-03T04:07:00Z
Manual Upload,HUMINT,Field Report 158,Ground report from field asset with directional notes.,28.679507,77.386404,2026-01-03T04:27:00Z
Manual Upload,HUMINT,Field Report 159,Ground report from field asset with directional notes.,28.422504,77.130405,2026-01-03T04:47:00Z
Manual Upload,HUMINT,Field Report 160,Ground report from field asset with directional notes.,28.537292,77.456458,2026-01-03T05:07:00Z
Manual Upload,HUMINT,Field Report 161,Ground report from field asset with directional notes.,28.663896,76.961507,2026-01-03T05:27:00Z
Manual Upload,HUMINT,Field Report 162,Ground report from field asset with directional notes.,28.624774,77.086251,2026-01-03T05:47:00Z
Manual Upload,HUMINT,Field Report 163,Ground report from field asset with directional notes.,28.424697,77.262055,2026-01-03T06:07:00Z
Manual Upload,HUMINT,Field Report 164,Ground report from field asset with directional notes.,28.631877,77.217997,2026-01-03T06:27:00Z
Manual Upload,HUMINT,Field Report 165,Ground report from field asset with directional notes.,28.74438,77.067153,2026-01-03T06:47:00Z
Manual Upload,HUMINT,Field Report 166,Ground report from field asset with directional notes.,28.546345,77.408286,2026-01-03T07:07:00Z
Manual Upload,HUMINT,Field Report 167,Ground report from field asset with directional notes.,28.378649,77.028283,2026-01-03T07:27:00Z
Manual Upload,HUMINT,Field Report 168,Ground report from field asset with directional notes.,28.405621,77.304801,2026-01-03T07:47:00Z
Manual Upload,HUMINT,Field Report 169,Ground report from field asset with directional notes.,28.42719,77.095833,2026-01-03T08:07:00Z
Manual Upload,HUMINT,Field Report 170,Ground report from field asset with directional notes.,28.463519,77.004985,2026-01-03T08:27:00Z
Manual Upload,HUMINT,Field Report 171,Ground report from field asset with directional notes.,28.717942,77.284962,2026-01-03T08:47:00Z
Manual Upload,HUMINT,Field Report 172,Ground report from field asset with directional notes.,28.597422,77.363506,2026-01-03T09:07:00Z
Manual Upload,HUMINT,Field Report 173,Ground report from field asset with directional notes.,28.581931,77.432173,2026-01-03T09:27:00Z
Manual Upload,HUMINT,Field Report 174,Ground report from field asset with directional notes.,28.825074,77.084047,2026-01-03T09:47:00Z
Manual Upload,HUMINT,Field Report 175,Ground report from field asset with directional notes.,28.462838,77.382018,2026-01-03T10:07:00Z
Manual Upload,HUMINT,Field Report 176,Ground report from field asset with directional notes.,28.722598,77.439936,2026-01-03T10:27:00Z
Manual Upload,HUMINT,Field Report 177,Ground report from field asset with directional notes.,28.415347,77.355577,2026-01-03T10:47:00Z
Manual Upload,HUMINT,Field Report 178,Ground report from field asset with directional notes.,28.657689,77.041827,2026-01-03T11:07:00Z
Manual Upload,HUMINT,Field Report 179,Ground report from field asset with directional notes.,28.466816,77.32003,2026-01-03T11:27:00Z
Manual Upload,HUMINT,Field Report 180,Ground report from field asset with directional notes.,28.580636,77.182079,2026-01-03T11:47:00Z
Manual Upload,HUMINT,Field Report 181,Ground report from field asset with directional notes.,28.662065,77.094837,2026-01-03T12:07:00Z
Manual Upload,HUMINT,Field Report 182,Ground report from field asset with directional notes.,28.523274,77.01278,2026-01-03T12:27:00Z
Manual Upload,HUMINT,Field Report 183,Ground report from field asset with directional notes.,28.555423,77.05886,2026-01-03T12:47:00Z
Manual Upload,HUMINT,Field Report 184,Ground report from field asset with directional notes.,28.540358,77.407947,2026-01-03T13:07:00Z
Manual Upload,HUMINT,Field Report 185,Ground report from field asset with directional notes.,28.773571,77.183702,2026-01-03T13:27:00Z
Manual Upload,HUMINT,Field Report 186,Ground report from field asset with directional notes.,28.808625,77.438049,2026-01-03T13:47:00Z
Manual Upload,HUMINT,Field Report 187,Ground report from field asset with directional notes.,28.490432,77.163904,2026-01-03T14:07:00Z
Manual Upload,HUMINT,Field Report 188,Ground report from field asset with directional notes.,28.665841,77.397626,2026-01-03T14:27:00Z
Manual Upload,HUMINT,Field Report 189,Ground report from field asset with directional notes.,28.839089,77.224249,2026-01-03T14:47:00Z
Manual Upload,HUMINT,Field Report 190,Ground report from field asset with directional notes.,28.563053,77.016325,2026-01-03T15:07:00Z
Manual Upload,HUMINT,Field Report 191,Ground report from field asset with directional notes.,28.76842,77.173693,2026-01-03T15:27:00Z
Manual Upload,HUMINT,Field Report 192,Ground report from field asset with directional notes.,28.456857,77.081659,2026-01-03T15:47:00Z
Manual Upload,HUMINT,Field Report 193,Ground report from field asset with directional notes.,28.471492,77.14483,2026-01-03T16:07:00Z
Manual Upload,HUMINT,Field Report 194,Ground report from field asset with directional notes.,28.43642,77.116226,2026-01-03T16:27:00Z
Manual Upload,HUMINT,Field Report 195,Ground report from field asset with directional notes.,28.368716,77.303146,2026-01-03T16:47:00Z
Manual Upload,HUMINT,Field Report 196,Ground report from field asset with directional notes.,28.722301,77.065886,2026-01-03T17:07:00Z
Manual Upload,HUMINT,Field Report 197,Ground report from field asset with directional notes.,28.647635,77.119781,2026-01-03T17:27:00Z
Manual Upload,HUMINT,Field Report 198,Ground report from field asset with directional notes.,28.480224,76.992118,2026-01-03T17:47:00Z
Manual Upload,HUMINT,Field Report 199,Ground report from field asset with directional notes.,28.505707,77.065088,2026-01-03T18:07:00Z
Manual Upload,HUMINT,Field Report 200,Ground report from field asset with directional notes.,28.472632,77.239479,2026-01-03T18:27:00Z
Manual Upload,HUMINT,Field Report 201,Ground report from field asset with directional notes.,28.722033,77.432136,2026-01-03T18:47:00Z
Manual Upload,HUMINT,Field Report 202,Ground report from field asset with directional notes.,28.767613,77.294672,2026-01-03T19:07:00Z
Manual Upload,HUMINT,Field Report 203,Ground report from field asset with directional notes.,28.650874,77.282135,2026-01-03T19:27:00Z
Manual Upload,HUMINT,Field Report 204,Ground report from field asset with directional notes.,28.704966,77.176603,2026-01-03T19:47:00Z
Manual Upload,HUMINT,Field Report 205,Ground report from field asset with directional notes.,28.770597,77.058075,2026-01-03T20:07:00Z
Manual Upload,HUMINT,Field Report 206,Ground report from field asset with directional notes.,28.38873,77.205967,2026-01-03T20:27:00Z
Manual Upload,HUMINT,Field Report 207,Ground report from field asset with directional notes.,28.387296,77.096208,2026-01-03T20:47:00Z
Manual Upload,HUMINT,Field Report 208,Ground report from field asset with directional notes.,28.42353,77.185393,2026-01-03T21:07:00Z
Manual Upload,HUMINT,Field Report 209,Ground report from field asset with directional notes.,28.664615,77.254586,2026-01-03T21:27:00Z
Manual Upload,HUMINT,Field Report 210,Ground report from field asset with directional notes.,28.482111,76.969634,2026-01-03T21:47:00Z
Manual Upload,HUMINT,Field Report 211,Ground report from field asset with directional notes.,28.372818,77.350653,2026-01-03T22:07:00Z
Manual Upload,HUMINT,Field Report 212,Ground report from field asset with directional notes.,28.651779,76.961324,2026-01-03T22:27:00Z
Manual Upload,HUMINT,Field Report 213,Ground report from field asset with directional notes.,28.594786,77.024529,2026-01-03T22:47:00Z
Manual Upload,HUMINT,Field Report 214,Ground report from field asset with directional notes.,28.847327,76.977504,2026-01-03T23:07:00Z
Manual Upload,HUMINT,Field Report 215,Ground report from field asset with directional notes.,28.630634,77.222757,2026-01-03T23:27:00Z
Manual Upload,HUMINT,Field Report 216,Ground report from field asset with directional notes.,28.532595,76.967136,2026-01-03T23:47:00Z
Manual Upload,HUMINT,Field Report 217,Ground report from field asset with directional notes.,28.598847,77.373925,2026-01-04T00:07:00Z
Manual Upload,HUMINT,Field Report 218,Ground report from field asset with directional notes.,28.571439,77.109499,2026-01-04T00:27:00Z
Manual Upload,HUMINT,Field Report 219,Ground report from field asset with directional notes.,28.522495,77.131912,2026-01-04T00:47:00Z
Manual Upload,HUMINT,Field Report 220,Ground report from field asset with directional notes.,28.403784,77.346307,2026-01-04T01:07:00Z
Manual Upload,HUMINT,Field Report 221,Ground report from field asset with directional notes.,28.610809,76.982536,2026-01-04T01:27:00Z
Manual Upload,HUMINT,Field Report 222,Ground report from field asset with directional notes.,28.513122,77.450983,2026-01-04T01:47:00Z
Manual Upload,HUMINT,Field Report 223,Ground report from field asset with directional notes.,28.610568,77.279549,2026-01-04T02:07:00Z
Manual Upload,HUMINT,Field Report 224,Ground report from field asset with directional notes.,28.819136,77.380538,2026-01-04T02:27:00Z
Manual Upload,HUMINT,Field Report 225,Ground report from field asset with directional notes.,28.832752,77.010372,2026-01-04T02:47:00Z
Manual Upload,HUMINT,Field Report 226,Ground report from field asset with directional notes.,28.475907,77.371728,2026-01-04T03:07:00Z
Manual Upload,HUMINT,Field Report 227,Ground report from field asset with directional notes.,28.433267,77.45577,2026-01-04T03:27:00Z
Manual Upload,HUMINT,Field Report 228,Ground report from field asset with directional notes.,28.794594,77.321127,2026-01-04T03:47:00Z
Manual Upload,HUMINT,Field Report 229,Ground report from field asset with directional notes.,28.477071,77.003008,2026-01-04T04:07:00Z
Manual Upload,HUMINT,Field Report 230,Ground report from field asset with directional notes.,28.725954,77.365141,2026-01-04T04:27:00Z
Manual Upload,HUMINT,Field Report 231,Ground report from field asset with directional notes.,28.771974,77.227779,2026-01-04T04:47:00Z
Manual Upload,HUMINT,Field Report 232,Ground report from field asset with directional notes.,28.366371,77.303121,2026-01-04T05:07:00Z
Manual Upload,HUMINT,Field Report 233,Ground report from field asset with directional notes.,28.390145,77.40066,2026-01-04T05:27:00Z
Manual Upload,HUMINT,Field Report 234,Ground report from field asset with directional notes.,28.385438,76.983002,2026-01-04T05:47:00Z
Manual Upload,HUMINT,Field Report 235,Ground report from field asset with directional notes.,28.516045,77.090864,2026-01-04T06:07:00Z
Manual Upload,HUMINT,Field Report 236,Ground report from field asset with directional notes.,28.707861,77.354814,2026-01-04T06:27:00Z
Manual Upload,HUMINT,Field Report 237,Ground report from field asset with directional notes.,28.553678,77.308332,2026-01-04T06:47:00Z
Manual Upload,HUMINT,Field Report 238,Ground report from field asset with directional notes.,28.826329,77.250727,2026-01-04T07:07:00Z
Manual Upload,HUMINT,Field Report 239,Ground report from field asset with directional notes.,28.423851,77.118666,2026-01-04T07:27:00Z
Manual Upload,HUMINT,Field Report 240,Ground report from field asset with directional notes.,28.437901,77.251065,2026-01-04T07:47:00Z
Manual Upload,HUMINT,Field Report 241,Ground report from field asset with directional notes.,28.788977,77.406739,2026-01-04T08:07:00Z
Manual Upload,HUMINT,Field Report 242,Ground report from field asset with directional notes.,28.682352,77.293118,2026-01-04T08:27:00Z
Manual Upload,HUMINT,Field Report 243,Ground report from field asset with directional notes.,28.624782,77.079262,2026-01-04T08:47:00Z
Manual Upload,HUMINT,Field Report 244,Ground report from field asset with directional notes.,28.602863,77.204052,2026-01-04T09:07:00Z
Manual Upload,HUMINT,Field Report 245,Ground report from field asset with directional notes.,28.504171,77.345322,2026-01-04T09:27:00Z
Manual Upload,HUMINT,Field Report 246,Ground report from field asset with directional notes.,28.605253,77.0049,2026-01-04T09:47:00Z
Manual Upload,HUMINT,Field Report 247,Ground report from field asset with directional notes.,28.747001,77.314691,2026-01-04T10:07:00Z
Manual Upload,HUMINT,Field Report 248,Ground report from field asset with directional notes.,28.540405,77.376771,2026-01-04T10:27:00Z
Manual Upload,HUMINT,Field Report 249,Ground report from field asset with directional notes.,28.485088,77.282567,2026-01-04T10:47:00Z
Manual Upload,HUMINT,Field Report 250,Ground report from field asset with directional notes.,28.791832,77.306483,2026-01-04T11:07:00Z
Manual Upload,HUMINT,Field Report 251,Ground report from field asset with directional notes.,28.401472,77.206303,2026-01-04T11:27:00Z
Manual Upload,HUMINT,Field Report 252,Ground report from field asset with directional notes.,28.470138,77.294249,2026-01-04T11:47:00Z
Manual Upload,HUMINT,Field Report 253,Ground report from field asset with directional notes.,28.597975,77.15153,2026-01-04T12:07:00Z
Manual Upload,HUMINT,Field Report 254,Ground report from field asset with directional notes.,28.607723,77.129225,2026-01-04T12:27:00Z
Manual Upload,HUMINT,Field Report 255,Ground report from field asset with directional notes.,28.770898,77.339801,2026-01-04T12:47:00Z
Manual Upload,HUMINT,Field Report 256,Ground report from field asset with directional notes.,28.620864,77.11568,2026-01-04T13:07:00Z
Manual Upload,HUMINT,Field Report 257,Ground report from field asset with directional notes.,28.836091,77.313256,2026-01-04T13:27:00Z
Manual Upload,HUMINT,Field Report 258,Ground report from field asset with directional notes.,28.691545,77.382903,2026-01-04T13:47:00Z
Manual Upload,HUMINT,Field Report 259,Ground report from field asset with directional notes.,28.41673,77.02403,2026-01-04T14:07:00Z
Manual Upload,HUMINT,Field Report 260,Ground report from field asset with directional notes.,28.822249,77.151788,2026-01-04T14:27:00Z
Manual Upload,HUMINT,Field Report 261,Ground report from field asset with directional notes.,28.590116,77.269239,2026-01-04T14:47:00Z
Manual Upload,HUMINT,Field Report 262,Ground report from field asset with directional notes.,28.46541,77.159102,2026-01-04T15:07:00Z
Manual Upload,HUMINT,Field Report 263,Ground report from field asset with directional notes.,28.39822,77.170547,2026-01-04T15:27:00Z
Manual Upload,HUMINT,Field Report 264,Ground report from field asset with directional notes.,28.707033,77.434747,2026-01-04T15:47:00Z
Manual Upload,HUMINT,Field Report 265,Ground report from field asset with directional notes.,28.652521,77.010032,2026-01-04T16:07:00Z
Manual Upload,HUMINT,Field Report 266,Ground report from field asset with directional notes.,28.594377,77.012587,2026-01-04T16:27:00Z
Manual Upload,HUMINT,Field Report 267,Ground report from field asset with directional notes.,28.419,76.967294,2026-01-04T16:47:00Z
Manual Upload,HUMINT,Field Report 268,Ground report from field asset with directional notes.,28.594323,77.092378,2026-01-04T17:07:00Z
Manual Upload,HUMINT,Field Report 269,Ground report from field asset with directional notes.,28.60202,77.224443,2026-01-04T17:27:00Z
Manual Upload,HUMINT,Field Report 270,Ground report from field asset with directional notes.,28.539878,77.018163,2026-01-04T17:47:00Z
Manual Upload,HUMINT,Field Report 271,Ground report from field asset with directional notes.,28.639052,77.136213,2026-01-04T18:07:00Z
Manual Upload,HUMINT,Field Report 272,Ground report from field asset with directional notes.,28.469933,77.157464,2026-01-04T18:27:00Z
Manual Upload,HUMINT,Field Report 273,Ground report from field asset with directional notes.,28.579324,77.12587,2026-01-04T18:47:00Z
Manual Upload,HUMINT,Field Report 274,Ground report from field asset with directional notes.,28.58457,77.14389,2026-01-04T19:07:00Z
Manual Upload,HUMINT,Field Report 275,Ground report from field asset with directional notes.,28.388467,77.150261,2026-01-04T19:27:00Z
Manual Upload,HUMINT,Field Report 276,Ground report from field asset with directional notes.,28.82791,77.055966,2026-01-04T19:47:00Z
Manual Upload,HUMINT,Field Report 277,Ground report from field asset with directional notes.,28.458625,77.047323,2026-01-04T20:07:00Z
Manual Upload,HUMINT,Field Report 278,Ground report from field asset with directional notes.,28.501863,77.262724,2026-01-04T20:27:00Z
Manual Upload,HUMINT,Field Report 279,Ground report from field asset with directional notes.,28.623209,77.013592,2026-01-04T20:47:00Z
Manual Upload,HUMINT,Field Report 280,Ground report from field asset with directional notes.,28.388836,77.083472,2026-01-04T21:07:00Z
Manual Upload,HUMINT,Field Report 281,Ground report from field asset with directional notes.,28.419441,77.016594,2026-01-04T21:27:00Z
Manual Upload,HUMINT,Field Report 282,Ground report from field asset with directional notes.,28.811429,77.246615,2026-01-04T21:47:00Z
Manual Upload,HUMINT,Field Report 283,Ground report from field asset with directional notes.,28.483284,77.225066,2026-01-04T22:07:00Z
Manual Upload,HUMINT,Field Report 284,Ground report from field asset with directional notes.,28.50163,77.4003,2026-01-04T22:27:00Z
Manual Upload,HUMINT,Field Report 285,Ground report from field asset with directional notes.,28.713656,77.16128,2026-01-04T22:47:00Z
Manual Upload,HUMINT,Field Report 286,Ground report from field asset with directional notes.,28.560343,77.068944,2026-01-04T23:07:00Z
Manual Upload,HUMINT,Field Report 287,Ground report from field asset with directional notes.,28.775934,77.304842,2026-01-04T23:27:00Z
Manual Upload,HUMINT,Field Report 288,Ground report from field asset with directional notes.,28.611486,77.044515,2026-01-04T23:47:00Z
Manual Upload,HUMINT,Field Report 289,Ground report from field asset with directional notes.,28.465688,77.27745,2026-01-05T00:07:00Z
Manual Upload,HUMINT,Field Report 290,Ground report from field asset with directional notes.,28.716827,77.102989,2026-01-05T00:27:00Z
Manual Upload,HUMINT,Field Report 291,Ground report from field asset with directional notes.,28.365453,77.051539,2026-01-05T00:47:00Z
Manual Upload,HUMINT,Field Report 292,Ground report from field asset with directional notes.,28.817791,77.270059,2026-01-05T01:07:00Z
Manual Upload,HUMINT,Field Report 293,Ground report from field asset with directional notes.,28.733445,77.385282,2026-01-05T01:27:00Z
Manual Upload,HUMINT,Field Report 294,Ground report from field asset with directional notes.,28.707868,77.044116,2026-01-05T01:47:00Z
Manual Upload,HUMINT,Field Report 295,Ground report from field asset with directional notes.,28.704621,77.042323,2026-01-05T02:07:00Z
Manual Upload,HUMINT,Field Report 296,Ground report from field asset with directional notes.,28.529978,77.186608,2026-01-05T02:27:00Z
Manual Upload,HUMINT,Field Report 297,Ground report from field asset with directional notes.,28.845022,77.292016,2026-01-05T02:47:00Z
Manual Upload,HUMINT,Field Report 298,Ground report from field asset with directional notes.,28.577861,76.969413,2026-01-05T03:07:00Z
Manual Upload,HUMINT,Field Report 299,Ground report from field asset with directional notes.,28.851085,77.399629,2026-01-05T03:27:00Z
Manual Upload,HUMINT,Field Report 300,Ground report from field asset with directional notes.,28.449263,77.33913,2026-01-05T03:47:00Z
Manual Upload,HUMINT,Field Report 301,Ground report from field asset with directional notes.,28.368767,77.135072,2026-01-05T04:07:00Z
Manual Upload,HUMINT,Field Report 302,Ground report from field asset with directional notes.,28.600815,76.959503,2026-01-05T04:27:00Z
Manual Upload,HUMINT,Field Report 303,Ground report from field asset with directional notes.,28.800509,77.195284,2026-01-05T04:47:00Z
Manual Upload,HUMINT,Field Report 304,Ground report from field asset with directional notes.,28.386488,76.967695,2026-01-05T05:07:00Z
Manual Upload,HUMINT,Field Report 305,Ground report from field asset with directional notes.,28.703923,77.104329,2026-01-05T05:27:00Z
Manual Upload,HUMINT,Field Report 306,Ground report from field asset with directional notes.,28.478044,77.210573,2026-01-05T05:47:00Z
Manual Upload,HUMINT,Field Report 307,Ground report from field asset with directional notes.,28.741396,77.346628,2026-01-05T06:07:00Z
Manual Upload,HUMINT,Field Report 308,Ground report from field asset with directional notes.,28.413896,77.360946,2026-01-05T06:27:00Z
Manual Upload,HUMINT,Field Report 309,Ground report from field asset with directional notes.,28.531739,77.204331,2026-01-05T06:47:00Z
Manual Upload,HUMINT,Field Report 310,Ground report from field asset with directional notes.,28.539291,77.231858,2026-01-05T07:07:00Z
Manual Upload,HUMINT,Field Report 311,Ground report from field asset with directional notes.,28.695604,77.085768,2026-01-05T07:27:00Z
Manual Upload,HUMINT,Field Report 312,Ground report from field asset with directional notes.,28.593275,77.372875,2026-01-05T07:47:00Z
Manual Upload,HUMINT,Field Report 313,Ground report from field asset with directional notes.,28.514467,77.125869,2026-01-05T08:07:00Z
Manual Upload,HUMINT,Field Report 314,Ground report from field asset with directional notes.,28.622816,77.290969,2026-01-05T08:27:00Z
Manual Upload,HUMINT,Field Report 315,Ground report from field asset with directional notes.,28.796464,77.380849,2026-01-05T08:47:00Z
Manual Upload,HUMINT,Field Report 316,Ground report from field asset with directional notes.,28.606077,77.093969,2026-01-05T09:07:00Z
Manual Upload,HUMINT,Field Report 317,Ground report from field asset with directional notes.,28.623554,77.2789,2026-01-05T09:27:00Z
Manual Upload,HUMINT,Field Report 318,Ground report from field asset with directional notes.,28.43785,77.164159,2026-01-05T09:47:00Z
Manual Upload,HUMINT,Field Report 319,Ground report from field asset with directional notes.,28.474028,77.456044,2026-01-05T10:07:00Z
Manual Upload,HUMINT,Field Report 320,Ground report from field asset with directional notes.,28.542497,76.974452,2026-01-05T10:27:00Z
Manual Upload,HUMINT,Field Report 321,Ground report from field asset with directional notes.,28.652692,77.306903,2026-01-05T10:47:00Z
Manual Upload,HUMINT,Field Report 322,Ground report from field asset with directional notes.,28.57926,77.062154,2026-01-05T11:07:00Z
Manual Upload,HUMINT,Field Report 323,Ground report from field asset with directional notes.,28.408537,77.419324,2026-01-05T11:27:00Z
Manual Upload,HUMINT,Field Report 324,Ground report from field asset with directional notes.,28.552789,77.012966,2026-01-05T11:47:00Z
Manual Upload,HUMINT,Field Report 325,Ground report from field asset with directional notes.,28.500862,77.272446,2026-01-05T12:07:00Z
Manual Upload,HUMINT,Field Report 326,Ground report from field asset with directional notes.,28.636358,77.415195,2026-01-05T12:27:00Z
Manual Upload,HUMINT,Field Report 327,Ground report from field asset with directional notes.,28.857566,77.397046,2026-01-05T12:47:00Z
Manual Upload,HUMINT,Field Report 328,Ground report from field asset with directional notes.,28.451376,77.414164,2026-01-05T13:07:00Z
Manual Upload,HUMINT,Field Report 329,Ground report from field asset with directional notes.,28.538323,77.124598,2026-01-05T13:27:00Z
Manual Upload,HUMINT,Field Report 330,Ground report from field asset with directional notes.,28.658474,77.431633,2026-01-05T13:47:00Z
Manual Upload,HUMINT,Field Report 331,Ground report from field asset with directional notes.,28.502024,77.054286,2026-01-05T14:07:00Z
Manual Upload,HUMINT,Field Report 332,Ground report from field asset with directional notes.,28.653658,77.309918,2026-01-05T14:27:00Z
Manual Upload,HUMINT,Field Report 333,Ground report from field asset with directional notes.,28.780986,77.020481,2026-01-05T14:47:00Z
Manual Upload,HUMINT,Field Report 334,Ground report from field asset with directional notes.,28.761566,77.242331,2026-01-05T15:07:00Z
Manual Upload,HUMINT,Field Report 335,Ground report from field asset with directional notes.,28.760163,77.132499,2026-01-05T15:27:00Z
Manual Upload,HUMINT,Field Report 336,Ground report from field asset with directional notes.,28.418995,76.963167,2026-01-05T15:47:00Z
Manual Upload,HUMINT,Field Report 337,Ground report from field asset with directional notes.,28.827517,77.032566,2026-01-05T16:07:00Z
Manual Upload,HUMINT,Field Report 338,Ground report from field asset with directional notes.,28.704362,77.220593,2026-01-05T16:27:00Z
Manual Upload,HUMINT,Field Report 339,Ground report from field asset with directional notes.,28.508791,77.23807,2026-01-05T16:47:00Z
Manual Upload,HUMINT,Field Report 340,Ground report from field asset with directional notes.,28.445203,77.202412,2026-01-05T17:07:00Z
Manual Upload,HUMINT,Field Report 341,Ground report from field asset with directional notes.,28.396208,77.106363,2026-01-05T17:27:00Z
Manual Upload,HUMINT,Field Report 342,Ground report from field asset with directional notes.,28.590829,77.067663,2026-01-05T17:47:00Z
Manual Upload,HUMINT,Field Report 343,Ground report from field asset with directional notes.,28.776635,77.020718,2026-01-05T18:07:00Z
Manual Upload,HUMINT,Field Report 344,Ground report from field asset with directional notes.,28.608083,76.961545,2026-01-05T18:27:00Z
Manual Upload,HUMINT,Field Report 345,Ground report from field asset with directional notes.,28.540028,77.376055,2026-01-05T18:47:00Z
Manual Upload,HUMINT,Field Report 346,Ground report from field asset with directional notes.,28.388851,77.027859,2026-01-05T19:07:00Z
Manual Upload,HUMINT,Field Report 347,Ground report from field asset with directional notes.,28.803261,77.351632,2026-01-05T19:27:00Z
Manual Upload,HUMINT,Field Report 348,Ground report from field asset with directional notes.,28.614897,77.438262,2026-01-05T19:47:00Z
Manual Upload,HUMINT,Field Report 349,Ground report from field asset with directional notes.,28.644275,77.435843,2026-01-05T20:07:00Z
Manual Upload,HUMINT,Field Report 350,Ground report from field asset with directional notes.,28.720499,77.030322,2026-01-05T20:27:00Z
Manual Upload,HUMINT,Field Report 351,Ground report from field asset with directional notes.,28.730427,77.175025,2026-01-05T20:47:00Z
Manual Upload,HUMINT,Field Report 352,Ground report from field asset with directional notes.,28.82303,77.104401,2026-01-05T21:07:00Z
Manual Upload,HUMINT,Field Report 353,Ground report from field asset with directional notes.,28.379968,77.425467,2026-01-05T21:27:00Z
Manual Upload,HUMINT,Field Report 354,Ground report from field asset with directional notes.,28.488264,77.29825,2026-01-05T21:47:00Z
Manual Upload,HUMINT,Field Report 355,Ground report from field asset with directional notes.,28.55702,77.158557,2026-01-05T22:07:00Z
Manual Upload,HUMINT,Field Report 356,Ground report from field asset with directional notes.,28.815981,77.405517,2026-01-05T22:27:00Z
Manual Upload,HUMINT,Field Report 357,Ground report from field asset with directional notes.,28.823997,77.257519,2026-01-05T22:47:00Z
Manual Upload,HUMINT,Field Report 358,Ground report from field asset with directional notes.,28.450551,77.176908,2026-01-05T23:07:00Z
Manual Upload,HUMINT,Field Report 359,Ground report from field asset with directional notes.,28.801866,77.36119,2026-01-05T23:27:00Z
Manual Upload,HUMINT,Field Report 360,Ground report from field asset with directional notes.,28.433488,77.34283,2026-01-05T23:47:00Z
Manual Upload,HUMINT,Field Report 361,Ground report from field asset with directional notes.,28.48891,77.167156,2026-01-06T00:07:00Z
Manual Upload,HUMINT,Field Report 362,Ground report from field asset with directional notes.,28.463662,77.111498,2026-01-06T00:27:00Z
Manual Upload,HUMINT,Field Report 363,Ground report from field asset with directional notes.,28.512567,77.422559,2026-01-06T00:47:00Z
Manual Upload,HUMINT,Field Report 364,Ground report from field asset with directional notes.,28.594477,77.050686,2026-01-06T01:07:00Z
Manual Upload,HUMINT,Field Report 365,Ground report from field asset with directional notes.,28.755103,77.375926,2026-01-06T01:27:00Z
Manual Upload,HUMINT,Field Report 366,Ground report from field asset with directional notes.,28.411921,77.222286,2026-01-06T01:47:00Z
Manual Upload,HUMINT,Field Report 367,Ground report from field asset with directional notes.,28.710967,77.210908,2026-01-06T02:07:00Z
Manual Upload,HUMINT,Field Report 368,Ground report from field asset with directional notes.,28.706482,77.137779,2026-01-06T02:27:00Z
Manual Upload,HUMINT,Field Report 369,Ground report from field asset with directional notes.,28.540997,77.192276,2026-01-06T02:47:00Z
Manual Upload,HUMINT,Field Report 370,Ground report from field asset with directional notes.,28.844623,77.189642,2026-01-06T03:07:00Z
Manual Upload,HUMINT,Field Report 371,Ground report from field asset with directional notes.,28.820179,76.972211,2026-01-06T03:27:00Z
Manual Upload,HUMINT,Field Report 372,Ground report from field asset with directional notes.,28.747285,77.003214,2026-01-06T03:47:00Z
Manual Upload,HUMINT,Field Report 373,Ground report from field asset with directional notes.,28.434193,77.412424,2026-01-06T04:07:00Z
Manual Upload,HUMINT,Field Report 374,Ground report from field asset with directional notes.,28.757216,77.249161,2026-01-06T04:27:00Z
Manual Upload,HUMINT,Field Report 375,Ground report from field asset with directional notes.,28.550456,77.269445,2026-01-06T04:47:00Z
Manual Upload,HUMINT,Field Report 376,Ground report from field asset with directional notes.,28.813856,77.397903,2026-01-06T05:07:00Z
Manual Upload,HUMINT,Field Report 377,Ground report from field asset with directional notes.,28.390668,77.381554,2026-01-06T05:27:00Z
Manual Upload,HUMINT,Field Report 378,Ground report from field asset with directional notes.,28.426868,77.29404,2026-01-06T05:47:00Z
Manual Upload,HUMINT,Field Report 379,Ground report from field asset with directional notes.,28.595304,77.340498,2026-01-06T06:07:00Z
Manual Upload,HUMINT,Field Report 380,Ground report from field asset with directional notes.,28.622904,77.378599,2026-01-06T06:27:00Z
Manual Upload,HUMINT,Field Report 381,Ground report from field asset with directional notes.,28.40623,77.094087,2026-01-06T06:47:00Z
Manual Upload,HUMINT,Field Report 382,Ground report from field asset with directional notes.,28.856987,77.012524,2026-01-06T07:07:00Z
Manual Upload,HUMINT,Field Report 383,Ground report from field asset with directional notes.,28.66107,77.36997,2026-01-06T07:27:00Z
Manual Upload,HUMINT,Field Report 384,Ground report from field asset with directional notes.,28.646622,77.304296,2026-01-06T07:47:00Z
Manual Upload,HUMINT,Field Report 385,Ground report from field asset with directional notes.,28.796057,77.019721,2026-01-06T08:07:00Z
Manual Upload,HUMINT,Field Report 386,Ground report from field asset with directional notes.,28.656209,77.21441,2026-01-06T08:27:00Z
Manual Upload,HUMINT,Field Report 387,Ground report from field asset with directional notes.,28.722376,77.309786,2026-01-06T08:47:00Z
Manual Upload,HUMINT,Field Report 388,Ground report from field asset with directional notes.,28.622032,77.240025,2026-01-06T09:07:00Z
Manual Upload,HUMINT,Field Report 389,Ground report from field asset with directional notes.,28.847539,77.027201,2026-01-06T09:27:00Z
Manual Upload,HUMINT,Field Report 390,Ground report from field asset with directional notes.,28.811426,77.278834,2026-01-06T09:47:00Z
Manual Upload,HUMINT,Field Report 391,Ground report from field asset with directional notes.,28.441288,77.27312,2026-01-06T10:07:00Z
Manual Upload,HUMINT,Field Report 392,Ground report from field asset with directional notes.,28.723471,77.427266,2026-01-06T10:27:00Z
Manual Upload,HUMINT,Field Report 393,Ground report from field asset with directional notes.,28.766708,77.270832,2026-01-06T10:47:00Z
Manual Upload,HUMINT,Field Report 394,Ground report from field asset with directional notes.,28.46425,76.992571,2026-01-06T11:07:00Z
Manual Upload,HUMINT,Field Report 395,Ground report from field asset with directional notes.,28.440411,77.39895,2026-01-06T11:27:00Z
Manual Upload,HUMINT,Field Report 396,Ground report from field asset with directional notes.,28.623811,77.082603,2026-01-06T11:47:00Z
Manual Upload,HUMINT,Field Report 397,Ground report from field asset with directional notes.,28.415704,76.971328,2026-01-06T12:07:00Z
Manual Upload,HUMINT,Field Report 398,Ground report from field asset with directional notes.,28.616802,77.154357,2026-01-06T12:27:00Z
Manual Upload,HUMINT,Field Report 399,Ground report from field asset with directional notes.,28.826922,77.108962,2026-01-06T12:47:00Z
Manual Upload,HUMINT,Field Report 400,Ground report from field asset with directional notes.,28.60576,77.051022,2026-01-06T13:07:00Z
Manual Upload,HUMINT,Field Report 401,Ground report from field asset with directional notes.,28.481364,77.382864,2026-01-06T13:27:00Z
Manual Upload,HUMINT,Field Report 402,Ground report from field asset with directional notes.,28.494036,77.26538,2026-01-06T13:47:00Z
Manual Upload,HUMINT,Field Report 403,Ground report from field asset with directional notes.,28.583465,77.28808,2026-01-06T14:07:00Z
Manual Upload,HUMINT,Field Report 404,Ground report from field asset with directional notes.,28.425498,77.032123,2026-01-06T14:27:00Z
Manual Upload,HUMINT,Field Report 405,Ground report from field asset with directional notes.,28.374729,77.029843,2026-01-06T14:47:00Z
Manual Upload,HUMINT,Field Report 406,Ground report from field asset with directional notes.,28.736199,77.079341,2026-01-06T15:07:00Z
Manual Upload,HUMINT,Field Report 407,Ground report from field asset with directional notes.,28.619657,77.308814,2026-01-06T15:27:00Z
Manual Upload,HUMINT,Field Report 408,Ground report from field asset with directional notes.,28.464076,77.199233,2026-01-06T15:47:00Z
Manual Upload,HUMINT,Field Report 409,Ground report from field asset with directional notes.,28.508625,77.00901,2026-01-06T16:07:00Z
Manual Upload,HUMINT,Field Report 410,Ground report from field asset with directional notes.,28.658282,77.14267,2026-01-06T16:27:00Z
Manual Upload,HUMINT,Field Report 411,Ground report from field asset with directional notes.,28.501491,77.15191,2026-01-06T16:47:00Z
Manual Upload,HUMINT,Field Report 412,Ground report from field asset with directional notes.,28.763828,77.190982,2026-01-06T17:07:00Z
Manual Upload,HUMINT,Field Report 413,Ground report from field asset with directional notes.,28.770647,77.033083,2026-01-06T17:27:00Z
Manual Upload,HUMINT,Field Report 414,Ground report from field asset with directional notes.,28.505611,77.019063,2026-01-06T17:47:00Z
Manual Upload,HUMINT,Field Report 415,Ground report from field asset with directional notes.,28.558615,77.249269,2026-01-06T18:07:00Z
Manual Upload,HUMINT,Field Report 416,Ground report from field asset with directional notes.,28.380942,77.284211,2026-01-06T18:27:00Z
Manual Upload,HUMINT,Field Report 417,Ground report from field asset with directional notes.,28.692496,77.18124,2026-01-06T18:47:00Z
Manual Upload,HUMINT,Field Report 418,Ground report from field asset with directional notes.,28.817954,77.136363,2026-01-06T19:07:00Z
Manual Upload,HUMINT,Field Report 419,Ground report from field asset with directional notes.,28.433552,77.400212,2026-01-06T19:27:00Z
Manual Upload,HUMINT,Field Report 420,Ground report from field asset with directional notes.,28.593075,76.96356,2026-01-06T19:47:00Z
Manual Upload,HUMINT,Field Report 421,Ground report from field asset with directional notes.,28.443057,77.209319,2026-01-06T20:07:00Z
Manual Upload,HUMINT,Field Report 422,Ground report from field asset with directional notes.,28.794411,77.06439,2026-01-06T20:27:00Z
Manual Upload,HUMINT,Field Report 423,Ground report from field asset with directional notes.,28.815175,77.221528,2026-01-06T20:47:00Z
Manual Upload,HUMINT,Field Report 424,Ground report from field asset with directional notes.,28.620423,77.046248,2026-01-06T21:07:00Z
Manual Upload,HUMINT,Field Report 425,Ground report from field asset with directional notes.,28.439601,77.286967,2026-01-06T21:27:00Z
Manual Upload,HUMINT,Field Report 426,Ground report from field asset with directional notes.,28.645474,77.188741,2026-01-06T21:47:00Z
Manual Upload,HUMINT,Field Report 427,Ground report from field asset with directional notes.,28.793232,77.02902,2026-01-06T22:07:00Z
Manual Upload,HUMINT,Field Report 428,Ground report from field asset with directional notes.,28.75638,77.288222,2026-01-06T22:27:00Z
Manual Upload,HUMINT,Field Report 429,Ground report from field asset with directional notes.,28.825638,76.993105,2026-01-06T22:47:00Z
Manual Upload,HUMINT,Field Report 430,Ground report from field asset with directional notes.,28.783563,77.200872,2026-01-06T23:07:00Z
Manual Upload,HUMINT,Field Report 431,Ground report from field asset with directional notes.,28.845178,77.261921,2026-01-06T23:27:00Z
Manual Upload,HUMINT,Field Report 432,Ground report from field asset with directional notes.,28.454087,77.31325,2026-01-06T23:47:00Z
Manual Upload,HUMINT,Field Report 433,Ground report from field asset with directional notes.,28.61739,77.288453,2026-01-07T00:07:00Z
Manual Upload,HUMINT,Field Report 434,Ground report from field asset with directional notes.,28.493513,77.307884,2026-01-07T00:27:00Z
Manual Upload,HUMINT,Field Report 435,Ground report from field asset with directional notes.,28.658326,77.249362,2026-01-07T00:47:00Z
Manual Upload,HUMINT,Field Report 436,Ground report from field asset with directional notes.,28.656147,77.373943,2026-01-07T01:07:00Z
Manual Upload,HUMINT,Field Report 437,Ground report from field asset with directional notes.,28.397685,76.973761,2026-01-07T01:27:00Z
Manual Upload,HUMINT,Field Report 438,Ground report from field asset with directional notes.,28.730339,77.074852,2026-01-07T01:47:00Z
Manual Upload,HUMINT,Field Report 439,Ground report from field asset with directional notes.,28.69653,77.208717,2026-01-07T02:07:00Z
Manual Upload,HUMINT,Field Report 440,Ground report from field asset with directional notes.,28.703561,77.12083,2026-01-07T02:27:00Z
Manual Upload,HUMINT,Field Report 441,Ground report from field asset with directional notes.,28.479667,77.344872,2026-01-07T02:47:00Z
Manual Upload,HUMINT,Field Report 442,Ground report from field asset with directional notes.,28.822534,77.356802,2026-01-07T03:07:00Z
Manual Upload,HUMINT,Field Report 443,Ground report from field asset with directional notes.,28.416616,77.399378,2026-01-07T03:27:00Z
Manual Upload,HUMINT,Field Report 444,Ground report from field asset with directional notes.,28.727982,77.151042,2026-01-07T03:47:00Z
Manual Upload,HUMINT,Field Report 445,Ground report from field asset with directional notes.,28.85056,77.420188,2026-01-07T04:07:00Z
Manual Upload,HUMINT,Field Report 446,Ground report from field asset with directional notes.,28.394863,77.084242,2026-01-07T04:27:00Z
Manual Upload,HUMINT,Field Report 447,Ground report from field asset with directional notes.,28.382609,77.333967,2026-01-07T04:47:00Z
Manual Upload,HUMINT,Field Report 448,Ground report from field asset with directional notes.,28.584664,77.146161,2026-01-07T05:07:00Z
Manual Upload,HUMINT,Field Report 449,Ground report from field asset with directional notes.,28.679547,76.97373,2026-01-07T05:27:00Z
Manual Upload,HUMINT,Field Report 450,Ground report from field asset with directional notes.,28.450934,77.012831,2026-01-07T05:47:00Z
Manual Upload,HUMINT,Field Report 451,Ground report from field asset with directional notes.,28.588655,77.025608,2026-01-07T06:07:00Z
Manual Upload,HUMINT,Field Report 452,Ground report from field asset with directional notes.,28.682598,77.237234,2026-01-07T06:27:00Z
Manual Upload,HUMINT,Field Report 453,Ground report from field asset with directional notes.,28.461759,77.204552,2026-01-07T06:47:00Z
Manual Upload,HUMINT,Field Report 454,Ground report from field asset with directional notes.,28.703325,77.071748,2026-01-07T07:07:00Z
Manual Upload,HUMINT,Field Report 455,Ground report from field asset with directional notes.,28.734977,77.176032,2026-01-07T07:27:00Z
Manual Upload,HUMINT,Field Report 456,Ground report from field asset with directional notes.,28.628165,77.354002,2026-01-07T07:47:00Z
Manual Upload,HUMINT,Field Report 457,Ground report from field asset with directional notes.,28.406909,76.971122,2026-01-07T08:07:00Z
Manual Upload,HUMINT,Field Report 458,Ground report from field asset with directional notes.,28.843816,77.007103,2026-01-07T08:27:00Z
Manual Upload,HUMINT,Field Report 459,Ground report from field asset with directional notes.,28.38052,77.029281,2026-01-07T08:47:00Z
Manual Upload,HUMINT,Field Report 460,Ground report from field asset with directional notes.,28.366518,77.346193,2026-01-07T09:07:00Z
Manual Upload,HUMINT,Field Report 461,Ground report from field asset with directional notes.,28.648048,77.391246,2026-01-07T09:27:00Z
Manual Upload,HUMINT,Field Report 462,Ground report from field asset with directional notes.,28.534256,77.300181,2026-01-07T09:47:00Z
Manual Upload,HUMINT,Field Report 463,Ground report from field asset with directional notes.,28.842772,77.323142,2026-01-07T10:07:00Z
Manual Upload,HUMINT,Field Report 464,Ground report from field asset with directional notes.,28.627977,77.054068,2026-01-07T10:27:00Z
Manual Upload,HUMINT,Field Report 465,Ground report from field asset with directional notes.,28.467637,77.372788,2026-01-07T10:47:00Z
Manual Upload,HUMINT,Field Report 466,Ground report from field asset with directional notes.,28.614325,77.137243,2026-01-07T11:07:00Z
Manual Upload,HUMINT,Field Report 467,Ground report from field asset with directional notes.,28.813778,77.385711,2026-01-07T11:27:00Z
Manual Upload,HUMINT,Field Report 468,Ground report from field asset with directional notes.,28.764698,77.178439,2026-01-07T11:47:00Z
Manual Upload,HUMINT,Field Report 469,Ground report from field asset with directional notes.,28.676635,77.395988,2026-01-07T12:07:00Z
Manual Upload,HUMINT,Field Report 470,Ground report from field asset with directional notes.,28.648476,77.022596,2026-01-07T12:27:00Z
Manual Upload,HUMINT,Field Report 471,Ground report from field asset with directional notes.,28.622523,77.009457,2026-01-07T12:47:00Z
Manual Upload,HUMINT,Field Report 472,Ground report from field asset with directional notes.,28.613256,76.98474,2026-01-07T13:07:00Z
Manual Upload,HUMINT,Field Report 473,Ground report from field asset with directional notes.,28.634169,76.970271,2026-01-07T13:27:00Z
Manual Upload,HUMINT,Field Report 474,Ground report from field asset with directional notes.,28.774564,77.103948,2026-01-07T13:47:00Z
Manual Upload,HUMINT,Field Report 475,Ground report from field asset with directional notes.,28.777974,77.154213,2026-01-07T14:07:00Z
Manual Upload,HUMINT,Field Report 476,Ground report from field asset with directional notes.,28.542853,77.395221,2026-01-07T14:27:00Z
Manual Upload,HUMINT,Field Report 477,Ground report from field asset with directional notes.,28.442832,77.103034,2026-01-07T14:47:00Z
Manual Upload,HUMINT,Field Report 478,Ground report from field asset with directional notes.,28.631112,77.079699,2026-01-07T15:07:00Z
Manual Upload,HUMINT,Field Report 479,Ground report from field asset with directional notes.,28.62278,77.264624,2026-01-07T15:27:00Z
Manual Upload,HUMINT,Field Report 480,Ground report from field asset with directional notes.,28.52002,77.268322,2026-01-07T15:47:00Z
Manual Upload,HUMINT,Field Report 481,Ground report from field asset with directional notes.,28.636871,77.404904,2026-01-07T16:07:00Z
Manual Upload,HUMINT,Field Report 482,Ground report from field asset with directional notes.,28.655286,77.427463,2026-01-07T16:27:00Z
Manual Upload,HUMINT,Field Report 483,Ground report from field asset with directional notes.,28.856367,77.285616,2026-01-07T16:47:00Z
Manual Upload,HUMINT,Field Report 484,Ground report from field asset with directional notes.,28.380037,77.169703,2026-01-07T17:07:00Z
Manual Upload,HUMINT,Field Report 485,Ground report from field asset with directional notes.,28.464156,77.403014,2026-01-07T17:27:00Z
Manual Upload,HUMINT,Field Report 486,Ground report from field asset with directional notes.,28.393596,77.061117,2026-01-07T17:47:00Z
Manual Upload,HUMINT,Field Report 487,Ground report from field asset with directional notes.,28.772281,77.123805,2026-01-07T18:07:00Z
Manual Upload,HUMINT,Field Report 488,Ground report from field asset with directional notes.,28.742572,77.41516,2026-01-07T18:27:00Z
Manual Upload,HUMINT,Field Report 489,Ground report from field asset with directional notes.,28.395064,77.205778,2026-01-07T18:47:00Z
Manual Upload,HUMINT,Field Report 490,Ground report from field asset with directional notes.,28.766731,77.240928,2026-01-07T19:07:00Z
Manual Upload,HUMINT,Field Report 491,Ground report from field asset with directional notes.,28.668901,77.376502,2026-01-07T19:27:00Z
Manual Upload,HUMINT,Field Report 492,Ground report from field asset with directional notes.,28.767644,77.131923,2026-01-07T19:47:00Z
Manual Upload,HUMINT,Field Report 493,Ground report from field asset with directional notes.,28.399282,77.16712,2026-01-07T20:07:00Z
Manual Upload,HUMINT,Field Report 494,Ground report from field asset with directional notes.,28.733545,77.423682,2026-01-07T20:27:00Z
Manual Upload,HUMINT,Field Report 495,Ground report from field asset with directional notes.,28.807659,77.198386,2026-01-07T20:47:00Z
Manual Upload,HUMINT,Field Report 496,Ground report from field asset with directional notes.,28.428632,77.320665,2026-01-07T21:07:00Z
Manual Upload,HUMINT,Field Report 497,Ground report from field asset with directional notes.,28.415931,77.207298,2026-01-07T21:27:00Z
Manual Upload,HUMINT,Field Report 498,Ground report from field asset with directional notes.,28.476523,77.134129,2026-01-07T21:47:00Z
Manual Upload,HUMINT,Field Report 499,Ground report from field asset with directional notes.,28.602696,77.349771,2026-01-07T22:07:00Z
Manual Upload,HUMINT,Field Report 500,Ground report from field asset with directional notes.,28.802125,77.072878,2026-01-07T22:27:00Z
Manual Upload,HUMINT,Field Report 501,Ground report from field asset with directional notes.,28.829523,76.972177,2026-01-07T22:47:00Z
Manual Upload,HUMINT,Field Report 502,Ground report from field asset with directional notes.,28.754811,77.057087,2026-01-07T23:07:00Z
Manual Upload,HUMINT,Field Report 503,Ground report from field asset with directional notes.,28.667969,77.148694,2026-01-07T23:27:00Z
Manual Upload,HUMINT,Field Report 504,Ground report from field asset with directional notes.,28.705698,76.968047,2026-01-07T23:47:00Z
Manual Upload,HUMINT,Field Report 505,Ground report from field asset with directional notes.,28.604987,77.152562,2026-01-08T00:07:00Z
Manual Upload,HUMINT,Field Report 506,Ground report from field asset with directional notes.,28.552514,77.021619,2026-01-08T00:27:00Z
Manual Upload,HUMINT,Field Report 507,Ground report from field asset with directional notes.,28.714569,77.233772,2026-01-08T00:47:00Z
Manual Upload,HUMINT,Field Report 508,Ground report from field asset with directional notes.,28.421692,77.017996,2026-01-08T01:07:00Z
Manual Upload,HUMINT,Field Report 509,Ground report from field asset with directional notes.,28.671727,77.410776,2026-01-08T01:27:00Z
Manual Upload,HUMINT,Field Report 510,Ground report from field asset with directional notes.,28.539795,77.130563,2026-01-08T01:47:00Z
Manual Upload,HUMINT,Field Report 511,Ground report from field asset with directional notes.,28.822934,77.078085,2026-01-08T02:07:00Z
Manual Upload,HUMINT,Field Report 512,Ground report from field asset with directional notes.,28.409895,76.964025,2026-01-08T02:27:00Z
Manual Upload,HUMINT,Field Report 513,Ground report from field asset with directional notes.,28.570433,77.335285,2026-01-08T02:47:00Z
Manual Upload,HUMINT,Field Report 514,Ground report from field asset with directional notes.,28.767768,77.227109,2026-01-08T03:07:00Z
Manual Upload,HUMINT,Field Report 515,Ground report from field asset with directional notes.,28.38679,77.359884,2026-01-08T03:27:00Z
Manual Upload,HUMINT,Field Report 516,Ground report from field asset with directional notes.,28.800528,77.083961,2026-01-08T03:47:00Z
Manual Upload,HUMINT,Field Report 517,Ground report from field asset with directional notes.,28.392342,76.987327,2026-01-08T04:07:00Z
Manual Upload,HUMINT,Field Report 518,Ground report from field asset with directional notes.,28.583178,77.100298,2026-01-08T04:27:00Z
Manual Upload,HUMINT,Field Report 519,Ground report from field asset with directional notes.,28.520963,77.260208,2026-01-08T04:47:00Z
Manual Upload,HUMINT,Field Report 520,Ground report from field asset with directional notes.,28.809112,77.458044,2026-01-08T05:07:00Z
Manual Upload,HUMINT,Field Report 521,Ground report from field asset with directional notes.,28.428758,77.157909,2026-01-08T05:27:00Z
Manual Upload,HUMINT,Field Report 522,Ground report from field asset with directional notes.,28.692691,77.287295,2026-01-08T05:47:00Z
Manual Upload,HUMINT,Field Report 523,Ground report from field asset with directional notes.,28.402089,77.428185,2026-01-08T06:07:00Z
Manual Upload,HUMINT,Field Report 524,Ground report from field asset with directional notes.,28.46683,77.311628,2026-01-08T06:27:00Z
Manual Upload,HUMINT,Field Report 525,Ground report from field asset with directional notes.,28.770612,77.40782,2026-01-08T06:47:00Z
Manual Upload,HUMINT,Field Report 526,Ground report from field asset with directional notes.,28.79328,77.180771,2026-01-08T07:07:00Z
Manual Upload,HUMINT,Field Report 527,Ground report from field asset with directional notes.,28.515259,77.142467,2026-01-08T07:27:00Z
Manual Upload,HUMINT,Field Report 528,Ground report from field asset with directional notes.,28.639603,77.393485,2026-01-08T07:47:00Z
Manual Upload,HUMINT,Field Report 529,Ground report from field asset with directional notes.,28.486003,77.405489,2026-01-08T08:07:00Z
Manual Upload,HUMINT,Field Report 530,Ground report from field asset with directional notes.,28.523329,77.22971,2026-01-08T08:27:00Z
Manual Upload,HUMINT,Field Report 531,Ground report from field asset with directional notes.,28.416089,77.132318,2026-01-08T08:47:00Z
Manual Upload,HUMINT,Field Report 532,Ground report from field asset with directional notes.,28.569317,77.434282,2026-01-08T09:07:00Z
Manual Upload,HUMINT,Field Report 533,Ground report from field asset with directional notes.,28.607004,76.998223,2026-01-08T09:27:00Z
Manual Upload,HUMINT,Field Report 534,Ground report from field asset with directional notes.,28.819925,77.379713,2026-01-08T09:47:00Z
Manual Upload,HUMINT,Field Report 535,Ground report from field asset with directional notes.,28.624397,77.11147,2026-01-08T10:07:00Z
Manual Upload,HUMINT,Field Report 536,Ground report from field asset with directional notes.,28.640383,77.020374,2026-01-08T10:27:00Z
Manual Upload,HUMINT,Field Report 537,Ground report from field asset with directional notes.,28.726355,77.35297,2026-01-08T10:47:00Z
Manual Upload,HUMINT,Field Report 538,Ground report from field asset with directional notes.,28.381834,77.076553,2026-01-08T11:07:00Z
Manual Upload,HUMINT,Field Report 539,Ground report from field asset with directional notes.,28.584039,77.341096,2026-01-08T11:27:00Z
Manual Upload,HUMINT,Field Report 540,Ground report from field asset with directional notes.,28.840422,76.969645,2026-01-08T11:47:00Z
Manual Upload,HUMINT,Field Report 541,Ground report from field asset with directional notes.,28.782063,77.094149,2026-01-08T12:07:00Z
Manual Upload,HUMINT,Field Report 542,Ground report from field asset with directional notes.,28.65802,77.109206,2026-01-08T12:27:00Z
Manual Upload,HUMINT,Field Report 543,Ground report from field asset with directional notes.,28.846448,76.98886,2026-01-08T12:47:00Z
Manual Upload,HUMINT,Field Report 544,Ground report from field asset with directional notes.,28.791187,77.150968,2026-01-08T13:07:00Z
Manual Upload,HUMINT,Field Report 545,Ground report from field asset with directional notes.,28.373324,77.150294,2026-01-08T13:27:00Z
Manual Upload,HUMINT,Field Report 546,Ground report from field asset with directional notes.,28.58591,77.071224,2026-01-08T13:47:00Z
Manual Upload,HUMINT,Field Report 547,Ground report from field asset with directional notes.,28.553563,77.288963,2026-01-08T14:07:00Z
Manual Upload,HUMINT,Field Report 548,Ground report from field asset with directional notes.,28.630146,77.289201,2026-01-08T14:27:00Z
Manual Upload,HUMINT,Field Report 549,Ground report from field asset with directional notes.,28.379553,77.340498,2026-01-08T14:47:00Z
Manual Upload,HUMINT,Field Report 550,Ground report from field asset with directional notes.,28.832512,77.414027,2026-01-08T15:07:00Z
Manual Upload,HUMINT,Field Report 551,Ground report from field asset with directional notes.,28.741139,77.127109,2026-01-08T15:27:00Z
Manual Upload,HUMINT,Field Report 552,Ground report from field asset with directional notes.,28.777979,77.090266,2026-01-08T15:47:00Z
Manual Upload,HUMINT,Field Report 553,Ground report from field asset with directional notes.,28.740559,77.067272,2026-01-08T16:07:00Z
Manual Upload,HUMINT,Field Report 554,Ground report from field asset with directional notes.,28.377573,77.321893,2026-01-08T16:27:00Z
Manual Upload,HUMINT,Field Report 555,Ground report from field asset with directional notes.,28.674665,77.391871,2026-01-08T16:47:00Z
Manual Upload,HUMINT,Field Report 556,Ground report from field asset with directional notes.,28.755206,77.423283,2026-01-08T17:07:00Z
Manual Upload,HUMINT,Field Report 557,Ground report from field asset with directional notes.,28.7401,77.362698,2026-01-08T17:27:00Z
Manual Upload,HUMINT,Field Report 558,Ground report from field asset with directional notes.,28.640547,77.435237,2026-01-08T17:47:00Z
Manual Upload,HUMINT,Field Report 559,Ground report from field asset with directional notes.,28.830136,77.102709,2026-01-08T18:07:00Z
Manual Upload,HUMINT,Field Report 560,Ground report from field asset with directional notes.,28.859346,77.226381,2026-01-08T18:27:00Z
Manual Upload,HUMINT,Field Report 561,Ground report from field asset with directional notes.,28.575818,77.31861,2026-01-08T18:47:00Z
Manual Upload,HUMINT,Field Report 562,Ground report from field asset with directional notes.,28.748406,77.08905,2026-01-08T19:07:00Z
Manual Upload,HUMINT,Field Report 563,Ground report from field asset with directional notes.,28.844053,77.192666,2026-01-08T19:27:00Z
Manual Upload,HUMINT,Field Report 564,Ground report from field asset with directional notes.,28.860207,77.078113,2026-01-08T19:47:00Z
Manual Upload,HUMINT,Field Report 565,Ground report from field asset with directional notes.,28.817756,77.09935,2026-01-08T20:07:00Z
Manual Upload,HUMINT,Field Report 566,Ground report from field asset with directional notes.,28.705199,77.096196,2026-01-08T20:27:00Z
Manual Upload,HUMINT,Field Report 567,Ground report from field asset with directional notes.,28.863303,77.34467,2026-01-08T20:47:00Z
Manual Upload,HUMINT,Field Report 568,Ground report from field asset with directional notes.,28.511812,77.244541,2026-01-08T21:07:00Z
Manual Upload,HUMINT,Field Report 569,Ground report from field asset with directional notes.,28.383203,77.096135,2026-01-08T21:27:00Z
Manual Upload,HUMINT,Field Report 570,Ground report from field asset with directional notes.,28.498274,77.084257,2026-01-08T21:47:00Z
Manual Upload,HUMINT,Field Report 571,Ground report from field asset with directional notes.,28.690416,77.344782,2026-01-08T22:07:00Z
Manual Upload,HUMINT,Field Report 572,Ground report from field asset with directional notes.,28.37007,77.112448,2026-01-08T22:27:00Z
Manual Upload,HUMINT,Field Report 573,Ground report from field asset with directional notes.,28.694288,77.377,2026-01-08T22:47:00Z
Manual Upload,HUMINT,Field Report 574,Ground report from field asset with directional notes.,28.787696,77.180904,2026-01-08T23:07:00Z
Manual Upload,HUMINT,Field Report 575,Ground report from field asset with directional notes.,28.372533,76.963435,2026-01-08T23:27:00Z
Manual Upload,HUMINT,Field Report 576,Ground report from field asset with directional notes.,28.382402,77.138362,2026-01-08T23:47:00Z
Manual Upload,HUMINT,Field Report 577,Ground report from field asset with directional notes.,28.682772,77.237304,2026-01-09T00:07:00Z
Manual Upload,HUMINT,Field Report 578,Ground report from field asset with directional notes.,28.568205,77.248785,2026-01-09T00:27:00Z
Manual Upload,HUMINT,Field Report 579,Ground report from field asset with directional notes.,28.403673,77.407522,2026-01-09T00:47:00Z
Manual Upload,HUMINT,Field Report 580,Ground report from field asset with directional notes.,28.639624,77.435647,2026-01-09T01:07:00Z
Manual Upload,HUMINT,Field Report 581,Ground report from field asset with directional notes.,28.58412,77.088003,2026-01-09T01:27:00Z
Manual Upload,HUMINT,Field Report 582,Ground report from field asset with directional notes.,28.757268,77.08877,2026-01-09T01:47:00Z
Manual Upload,HUMINT,Field Report 583,Ground report from field asset with directional notes.,28.611364,77.072709,2026-01-09T02:07:00Z
Manual Upload,HUMINT,Field Report 584,Ground report from field asset with directional notes.,28.451148,77.39462,2026-01-09T02:27:00Z
Manual Upload,HUMINT,Field Report 585,Ground report from field asset with directional notes.,28.691889,77.075336,2026-01-09T02:47:00Z
Manual Upload,HUMINT,Field Report 586,Ground report from field asset with directional notes.,28.6912,77.051128,2026-01-09T03:07:00Z
Manual Upload,HUMINT,Field Report 587,Ground report from field asset with directional notes.,28.61726,77.179154,2026-01-09T03:27:00Z
Manual Upload,HUMINT,Field Report 588,Ground report from field asset with directional notes.,28.522567,77.235704,2026-01-09T03:47:00Z
Manual Upload,HUMINT,Field Report 589,Ground report from field asset with directional notes.,28.477876,77.434852,2026-01-09T04:07:00Z
Manual Upload,HUMINT,Field Report 590,Ground report from field asset with directional notes.,28.859886,77.446641,2026-01-09T04:27:00Z
Manual Upload,HUMINT,Field Report 591,Ground report from field asset with directional notes.,28.371959,77.381465,2026-01-09T04:47:00Z
Manual Upload,HUMINT,Field Report 592,Ground report from field asset with directional notes.,28.788604,77.229221,2026-01-09T05:07:00Z
Manual Upload,HUMINT,Field Report 593,Ground report from field asset with directional notes.,28.386267,77.076348,2026-01-09T05:27:00Z
Manual Upload,HUMINT,Field Report 594,Ground report from field asset with directional notes.,28.418482,77.212469,2026-01-09T05:47:00Z
Manual Upload,HUMINT,Field Report 595,Ground report from field asset with directional notes.,28.420491,76.997725,2026-01-09T06:07:00Z
Manual Upload,HUMINT,Field Report 596,Ground report from field asset with directional notes.,28.465921,77.244183,2026-01-09T06:27:00Z
Manual Upload,HUMINT,Field Report 597,Ground report from field asset with directional notes.,28.778469,77.299508,2026-01-09T06:47:00Z
Manual Upload,HUMINT,Field Report 598,Ground report from field asset with directional notes.,28.399597,77.172238,2026-01-09T07:07:00Z
Manual Upload,HUMINT,Field Report 599,Ground report from field asset with directional notes.,28.505442,76.971347,2026-01-09T07:27:00Z
Manual Upload,HUMINT,Field Report 600,Ground report from field asset with directional notes.,28.667383,77.139143,2026-01-09T07:47:00Z
Manual Upload,HUMINT,Field Report 601,Ground report from field asset with directional notes.,28.851449,77.407696,2026-01-09T08:07:00Z
Manual Upload,HUMINT,Field Report 602,Ground report from field asset with directional notes.,28.551258,77.43024,2026-01-09T08:27:00Z
Manual Upload,HUMINT,Field Report 603,Ground report from field asset with directional notes.,28.510932,76.974579,2026-01-09T08:47:00Z
Manual Upload,HUMINT,Field Report 604,Ground report from field asset with directional notes.,28.548051,77.104436,2026-01-09T09:07:00Z
Manual Upload,HUMINT,Field Report 605,Ground report from field asset with directional notes.,28.438932,77.254614,2026-01-09T09:27:00Z
Manual Upload,HUMINT,Field Report 606,Ground report from field asset with directional notes.,28.417016,77.06474,2026-01-09T09:47:00Z
Manual Upload,HUMINT,Field Report 607,Ground report from field asset with directional notes.,28.520453,77.316884,2026-01-09T10:07:00Z
Manual Upload,HUMINT,Field Report 608,Ground report from field asset with directional notes.,28.734922,77.350734,2026-01-09T10:27:00Z
Manual Upload,HUMINT,Field Report 609,Ground report from field asset with directional notes.,28.72032,77.42897,2026-01-09T10:47:00Z
Manual Upload,HUMINT,Field Report 610,Ground report from field asset with directional notes.,28.55332,77.250343,2026-01-09T11:07:00Z
Manual Upload,HUMINT,Field Report 611,Ground report from field asset with directional notes.,28.69243,77.034037,2026-01-09T11:27:00Z
Manual Upload,HUMINT,Field Report 612,Ground report from field asset with directional notes.,28.745206,77.283606,2026-01-09T11:47:00Z
Manual Upload,HUMINT,Field Report 613,Ground report from field asset with directional notes.,28.84149,77.438313,2026-01-09T12:07:00Z
Manual Upload,HUMINT,Field Report 614,Ground report from field asset with directional notes.,28.86006,77.241701,2026-01-09T12:27:00Z
Manual Upload,HUMINT,Field Report 615,Ground report from field asset with directional notes.,28.862806,77.274162,2026-01-09T12:47:00Z
Manual Upload,HUMINT,Field Report 616,Ground report from field asset with directional notes.,28.730876,77.228484,2026-01-09T13:07:00Z
Manual Upload,HUMINT,Field Report 617,Ground report from field asset with directional notes.,28.424521,77.39824,2026-01-09T13:27:00Z
Manual Upload,HUMINT,Field Report 618,Ground report from field asset with directional notes.,28.763003,77.262551,2026-01-09T13:47:00Z
Manual Upload,HUMINT,Field Report 619,Ground report from field asset with directional notes.,28.693499,77.219168,2026-01-09T14:07:00Z
Manual Upload,HUMINT,Field Report 620,Ground report from field asset with directional notes.,28.52237,77.056512,2026-01-09T14:27:00Z
Manual Upload,HUMINT,Field Report 621,Ground report from field asset with directional notes.,28.651522,77.414535,2026-01-09T14:47:00Z
Manual Upload,HUMINT,Field Report 622,Ground report from field asset with directional notes.,28.528242,77.358503,2026-01-09T15:07:00Z
Manual Upload,HUMINT,Field Report 623,Ground report from field asset with directional notes.,28.852637,77.074445,2026-01-09T15:27:00Z
Manual Upload,HUMINT,Field Report 624,Ground report from field asset with directional notes.,28.521308,77.445198,2026-01-09T15:47:00Z
Manual Upload,HUMINT,Field Report 625,Ground report from field asset with directional notes.,28.710437,77.181504,2026-01-09T16:07:00Z
Manual Upload,HUMINT,Field Report 626,Ground report from field asset with directional notes.,28.842704,77.163963,2026-01-09T16:27:00Z
Manual Upload,HUMINT,Field Report 627,Ground report from field asset with directional notes.,28.403745,77.239229,2026-01-09T16:47:00Z
Manual Upload,HUMINT,Field Report 628,Ground report from field asset with directional notes.,28.402122,77.140148,2026-01-09T17:07:00Z
Manual Upload,HUMINT,Field Report 629,Ground report from field asset with directional notes.,28.605977,77.074175,2026-01-09T17:27:00Z
Manual Upload,HUMINT,Field Report 630,Ground report from field asset with directional notes.,28.757052,77.073882,2026-01-09T17:47:00Z
Manual Upload,HUMINT,Field Report 631,Ground report from field asset with directional notes.,28.777811,77.452372,2026-01-09T18:07:00Z
Manual Upload,HUMINT,Field Report 632,Ground report from field asset with directional notes.,28.826758,77.081472,2026-01-09T18:27:00Z
Manual Upload,HUMINT,Field Report 633,Ground report from field asset with directional notes.,28.818533,77.296053,2026-01-09T18:47:00Z
Manual Upload,HUMINT,Field Report 634,Ground report from field asset with directional notes.,28.696851,77.261773,2026-01-09T19:07:00Z
Manual Upload,HUMINT,Field Report 635,Ground report from field asset with directional notes.,28.761828,77.129786,2026-01-09T19:27:00Z
Manual Upload,HUMINT,Field Report 636,Ground report from field asset with directional notes.,28.422882,77.163251,2026-01-09T19:47:00Z
Manual Upload,HUMINT,Field Report 637,Ground report from field asset with directional notes.,28.616413,77.033199,2026-01-09T20:07:00Z
Manual Upload,HUMINT,Field Report 638,Ground report from field asset with directional notes.,28.611,77.399721,2026-01-09T20:27:00Z
Manual Upload,HUMINT,Field Report 639,Ground report from field asset with directional notes.,28.462952,77.048958,2026-01-09T20:47:00Z
Manual Upload,HUMINT,Field Report 640,Ground report from field asset with directional notes.,28.590935,77.042385,2026-01-09T21:07:00Z
Manual Upload,HUMINT,Field Report 641,Ground report from field asset with directional notes.,28.573213,77.341755,2026-01-09T21:27:00Z
Manual Upload,HUMINT,Field Report 642,Ground report from field asset with directional notes.,28.719591,77.19393,2026-01-09T21:47:00Z
Manual Upload,HUMINT,Field Report 643,Ground report from field asset with directional notes.,28.414398,77.393729,2026-01-09T22:07:00Z
Manual Upload,HUMINT,Field Report 644,Ground report from field asset with directional notes.,28.780829,76.970966,2026-01-09T22:27:00Z
Manual Upload,HUMINT,Field Report 645,Ground report from field asset with directional notes.,28.447368,76.995507,2026-01-09T22:47:00Z
Manual Upload,HUMINT,Field Report 646,Ground report from field asset with directional notes.,28.621349,77.223655,2026-01-09T23:07:00Z
Manual Upload,HUMINT,Field Report 647,Ground report from field asset with directional notes.,28.557957,77.170179,2026-01-09T23:27:00Z
Manual Upload,HUMINT,Field Report 648,Ground report from field asset with directional notes.,28.427626,77.307464,2026-01-09T23:47:00Z
Manual Upload,HUMINT,Field Report 649,Ground report from field asset with directional notes.,28.484617,77.105696,2026-01-10T00:07:00Z
Manual Upload,HUMINT,Field Report 650,Ground report from field asset with directional notes.,28.532304,77.371358,2026-01-10T00:27:00Z
Manual Upload,HUMINT,Field Report 651,Ground report from field asset with directional notes.,28.53222,77.263379,2026-01-10T00:47:00Z
Manual Upload,HUMINT,Field Report 652,Ground report from field asset with directional notes.,28.417786,77.32009,2026-01-10T01:07:00Z
Manual Upload,HUMINT,Field Report 653,Ground report from field asset with directional notes.,28.400776,77.419362,2026-01-10T01:27:00Z
Manual Upload,HUMINT,Field Report 654,Ground report from field asset with directional notes.,28.83886,77.414337,2026-01-10T01:47:00Z
Manual Upload,HUMINT,Field Report 655,Ground report from field asset with directional notes.,28.679316,77.329349,2026-01-10T02:07:00Z
Manual Upload,HUMINT,Field Report 656,Ground report from field asset with directional notes.,28.581745,77.33783,2026-01-10T02:27:00Z
Manual Upload,HUMINT,Field Report 657,Ground report from field asset with directional notes.,28.713957,77.325722,2026-01-10T02:47:00Z
Manual Upload,HUMINT,Field Report 658,Ground report from field asset with directional notes.,28.725754,77.253779,2026-01-10T03:07:00Z
Manual Upload,HUMINT,Field Report 659,Ground report from field asset with directional notes.,28.773953,77.213687,2026-01-10T03:27:00Z
Manual Upload,HUMINT,Field Report 660,Ground report from field asset with directional notes.,28.440028,76.962892,2026-01-10T03:47:00Z
Manual Upload,HUMINT,Field Report 661,Ground report from field asset with directional notes.,28.660424,77.295954,2026-01-10T04:07:00Z
Manual Upload,HUMINT,Field Report 662,Ground report from field asset with directional notes.,28.590664,77.119218,2026-01-10T04:27:00Z
Manual Upload,HUMINT,Field Report 663,Ground report from field asset with directional notes.,28.452261,77.320267,2026-01-10T04:47:00Z
Manual Upload,HUMINT,Field Report 664,Ground report from field asset with directional notes.,28.50355,77.345503,2026-01-10T05:07:00Z
Manual Upload,HUMINT,Field Report 665,Ground report from field asset with directional notes.,28.480032,77.205647,2026-01-10T05:27:00Z
Manual Upload,HUMINT,Field Report 666,Ground report from field asset with directional notes.,28.388044,77.217839,2026-01-10T05:47:00Z
Manual Upload,HUMINT,Field Report 667,Ground report from field asset with directional notes.,28.626497,77.213114,2026-01-10T06:07:00Z
Manual Upload,HUMINT,Field Report 668,Ground report from field asset with directional notes.,28.827922,77.101629,2026-01-10T06:27:00Z
Manual Upload,HUMINT,Field Report 669,Ground report from field asset with directional notes.,28.555934,77.33765,2026-01-10T06:47:00Z
Manual Upload,HUMINT,Field Report 670,Ground report from field asset with directional notes.,28.840657,76.979967,2026-01-10T07:07:00Z
Manual Upload,HUMINT,Field Report 671,Ground report from field asset with directional notes.,28.836426,77.400192,2026-01-10T07:27:00Z
Manual Upload,HUMINT,Field Report 672,Ground report from field asset with directional notes.,28.729392,77.174269,2026-01-10T07:47:00Z
Manual Upload,HUMINT,Field Report 673,Ground report from field asset with directional notes.,28.503028,77.398792,2026-01-10T08:07:00Z
Manual Upload,HUMINT,Field Report 674,Ground report from field asset with directional notes.,28.521084,77.132673,2026-01-10T08:27:00Z
Manual Upload,HUMINT,Field Report 675,Ground report from field asset with directional notes.,28.446696,77.102922,2026-01-10T08:47:00Z
Manual Upload,HUMINT,Field Report 676,Ground report from field asset with directional notes.,28.607218,77.070817,2026-01-10T09:07:00Z
Manual Upload,HUMINT,Field Report 677,Ground report from field asset with directional notes.,28.44856,77.428602,2026-01-10T09:27:00Z
Manual Upload,HUMINT,Field Report 678,Ground report from field asset with directional notes.,28.493615,77.262085,2026-01-10T09:47:00Z
Manual Upload,HUMINT,Field Report 679,Ground report from field asset with directional notes.,28.41696,77.074837,2026-01-10T10:07:00Z
Manual Upload,HUMINT,Field Report 680,Ground report from field asset with directional notes.,28.503214,77.006988,2026-01-10T10:27:00Z
Manual Upload,HUMINT,Field Report 681,Ground report from field asset with directional notes.,28.639982,77.213349,2026-01-10T10:47:00Z
Manual Upload,HUMINT,Field Report 682,Ground report from field asset with directional notes.,28.448326,77.258196,2026-01-10T11:07:00Z
Manual Upload,HUMINT,Field Report 683,Ground report from field asset with directional notes.,28.383773,77.404322,2026-01-10T11:27:00Z
Manual Upload,HUMINT,Field Report 684,Ground report from field asset with directional notes.,28.632858,77.056566,2026-01-10T11:47:00Z
Manual Upload,HUMINT,Field Report 685,Ground report from field asset with directional notes.,28.608083,77.370199,2026-01-10T12:07:00Z
Manual Upload,HUMINT,Field Report 686,Ground report from field asset with directional notes.,28.54867,77.099919,2026-01-10T12:27:00Z
Manual Upload,HUMINT,Field Report 687,Ground report from field asset with directional notes.,28.83784,77.172251,2026-01-10T12:47:00Z
Manual Upload,HUMINT,Field Report 688,Ground report from field asset with directional notes.,28.586312,77.022089,2026-01-10T13:07:00Z
Manual Upload,HUMINT,Field Report 689,Ground report from field asset with directional notes.,28.590825,77.417998,2026-01-10T13:27:00Z
Manual Upload,HUMINT,Field Report 690,Ground report from field asset with directional notes.,28.722025,77.418592,2026-01-10T13:47:00Z
Manual Upload,HUMINT,Field Report 691,Ground report from field asset with directional notes.,28.42387,77.40344,2026-01-10T14:07:00Z
Manual Upload,HUMINT,Field Report 692,Ground report from field asset with directional notes.,28.610528,77.002432,2026-01-10T14:27:00Z
Manual Upload,HUMINT,Field Report 693,Ground report from field asset with directional notes.,28.432309,77.098227,2026-01-10T14:47:00Z
Manual Upload,HUMINT,Field Report 694,Ground report from field asset with directional notes.,28.698258,77.44322,2026-01-10T15:07:00Z
Manual Upload,HUMINT,Field Report 695,Ground report from field asset with directional notes.,28.765721,77.331139,2026-01-10T15:27:00Z
Manual Upload,HUMINT,Field Report 696,Ground report from field asset with directional notes.,28.475121,76.996175,2026-01-10T15:47:00Z
Manual Upload,HUMINT,Field Report 697,Ground report from field asset with directional notes.,28.442264,77.126669,2026-01-10T16:07:00Z
Manual Upload,HUMINT,Field Report 698,Ground report from field asset with directional notes.,28.590632,77.326761,2026-01-10T16:27:00Z
Manual Upload,HUMINT,Field Report 699,Ground report from field asset with directional notes.,28.699941,76.996044,2026-01-10T16:47:00Z
Manual Upload,HUMINT,Field Report 700,Ground report from field asset with directional notes.,28.707869,77.405136,2026-01-10T17:07:00Z
Manual Upload,HUMINT,Field Report 701,Ground report from field asset with directional notes.,28.383078,77.009219,2026-01-10T17:27:00Z
Manual Upload,HUMINT,Field Report 702,Ground report from field asset with directional notes.,28.716452,77.219648,2026-01-10T17:47:00Z
Manual Upload,HUMINT,Field Report 703,Ground report from field asset with directional notes.,28.459099,77.238085,2026-01-10T18:07:00Z
Manual Upload,HUMINT,Field Report 704,Ground report from field asset with directional notes.,28.782718,77.27204,2026-01-10T18:27:00Z
Manual Upload,HUMINT,Field Report 705,Ground report from field asset with directional notes.,28.838491,77.272643,2026-01-10T18:47:00Z
Manual Upload,HUMINT,Field Report 706,Ground report from field asset with directional notes.,28.486857,77.252172,2026-01-10T19:07:00Z
Manual Upload,HUMINT,Field Report 707,Ground report from field asset with directional notes.,28.799957,77.069105,2026-01-10T19:27:00Z
Manual Upload,HUMINT,Field Report 708,Ground report from field asset with directional notes.,28.461739,77.194058,2026-01-10T19:47:00Z
Manual Upload,HUMINT,Field Report 709,Ground report from field asset with directional notes.,28.606154,77.052552,2026-01-10T20:07:00Z
Manual Upload,HUMINT,Field Report 710,Ground report from field asset with directional notes.,28.612263,77.024896,2026-01-10T20:27:00Z
Manual Upload,HUMINT,Field Report 711,Ground report from field asset with directional notes.,28.681286,77.003356,2026-01-10T20:47:00Z
Manual Upload,HUMINT,Field Report 712,Ground report from field asset with directional notes.,28.622053,77.320642,2026-01-10T21:07:00Z
Manual Upload,HUMINT,Field Report 713,Ground report from field asset with directional notes.,28.470995,77.176159,2026-01-10T21:27:00Z
Manual Upload,HUMINT,Field Report 714,Ground report from field asset with directional notes.,28.609246,77.264609,2026-01-10T21:47:00Z
Manual Upload,HUMINT,Field Report 715,Ground report from field asset with directional notes.,28.718895,76.978406,2026-01-10T22:07:00Z
Manual Upload,HUMINT,Field Report 716,Ground report from field asset with directional notes.,28.707891,77.265689,2026-01-10T22:27:00Z
Manual Upload,HUMINT,Field Report 717,Ground report from field asset with directional notes.,28.679413,77.076358,2026-01-10T22:47:00Z
Manual Upload,HUMINT,Field Report 718,Ground report from field asset with directional notes.,28.538252,77.224231,2026-01-10T23:07:00Z
Manual Upload,HUMINT,Field Report 719,Ground report from field asset with directional notes.,28.841068,77.397945,2026-01-10T23:27:00Z
Manual Upload,HUMINT,Field Report 720,Ground report from field asset with directional notes.,28.784246,77.39652,2026-01-10T23:47:00Z
Manual Upload,HUMINT,Field Report 721,Ground report from field asset with directional notes.,28.697888,77.204111,2026-01-11T00:07:00Z
Manual Upload,HUMINT,Field Report 722,Ground report from field asset with directional notes.,28.678914,77.257921,2026-01-11T00:27:00Z
Manual Upload,HUMINT,Field Report 723,Ground report from field asset with directional notes.,28.635607,77.106709,2026-01-11T00:47:00Z
Manual Upload,HUMINT,Field Report 724,Ground report from field asset with directional notes.,28.473365,77.440459,2026-01-11T01:07:00Z
Manual Upload,HUMINT,Field Report 725,Ground report from field asset with directional notes.,28.812309,77.340968,2026-01-11T01:27:00Z
Manual Upload,HUMINT,Field Report 726,Ground report from field asset with directional notes.,28.573697,77.182586,2026-01-11T01:47:00Z
Manual Upload,HUMINT,Field Report 727,Ground report from field asset with directional notes.,28.487598,77.171433,2026-01-11T02:07:00Z
Manual Upload,HUMINT,Field Report 728,Ground report from field asset with directional notes.,28.451997,77.437158,2026-01-11T02:27:00Z
Manual Upload,HUMINT,Field Report 729,Ground report from field asset with directional notes.,28.694206,77.132789,2026-01-11T02:47:00Z
Manual Upload,HUMINT,Field Report 730,Ground report from field asset with directional notes.,28.562945,77.023029,2026-01-11T03:07:00Z
Manual Upload,HUMINT,Field Report 731,Ground report from field asset with directional notes.,28.804986,77.37906,2026-01-11T03:27:00Z
Manual Upload,HUMINT,Field Report 732,Ground report from field asset with directional notes.,28.795905,77.259529,2026-01-11T03:47:00Z
Manual Upload,HUMINT,Field Report 733,Ground report from field asset with directional notes.,28.707511,76.973481,2026-01-11T04:07:00Z
Manual Upload,HUMINT,Field Report 734,Ground report from field asset with directional notes.,28.497862,77.066553,2026-01-11T04:27:00Z
Manual Upload,HUMINT,Field Report 735,Ground report from field asset with directional notes.,28.789394,77.163503,2026-01-11T04:47:00Z
Manual Upload,HUMINT,Field Report 736,Ground report from field asset with directional notes.,28.645029,77.120596,2026-01-11T05:07:00Z
Manual Upload,HUMINT,Field Report 737,Ground report from field asset with directional notes.,28.701395,77.164615,2026-01-11T05:27:00Z
Manual Upload,HUMINT,Field Report 738,Ground report from field asset with directional notes.,28.768415,77.1716,2026-01-11T05:47:00Z
Manual Upload,HUMINT,Field Report 739,Ground report from field asset with directional notes.,28.49425,76.986317,2026-01-11T06:07:00Z
Manual Upload,HUMINT,Field Report 740,Ground report from field asset with directional notes.,28.606653,77.068474,2026-01-11T06:27:00Z
Manual Upload,HUMINT,Field Report 741,Ground report from field asset with directional notes.,28.682033,76.981814,2026-01-11T06:47:00Z
Manual Upload,HUMINT,Field Report 742,Ground report from field asset with directional notes.,28.587718,77.069655,2026-01-11T07:07:00Z
Manual Upload,HUMINT,Field Report 743,Ground report from field asset with directional notes.,28.801711,77.227007,2026-01-11T07:27:00Z
Manual Upload,HUMINT,Field Report 744,Ground report from field asset with directional notes.,28.753676,77.014158,2026-01-11T07:47:00Z
Manual Upload,HUMINT,Field Report 745,Ground report from field asset with directional notes.,28.848028,77.264376,2026-01-11T08:07:00Z
Manual Upload,HUMINT,Field Report 746,Ground report from field asset with directional notes.,28.428508,77.228884,2026-01-11T08:27:00Z
Manual Upload,HUMINT,Field Report 747,Ground report from field asset with directional notes.,28.839039,76.969559,2026-01-11T08:47:00Z
Manual Upload,HUMINT,Field Report 748,Ground report from field asset with directional notes.,28.553494,77.349217,2026-01-11T09:07:00Z
Manual Upload,HUMINT,Field Report 749,Ground report from field asset with directional notes.,28.530544,77.13535,2026-01-11T09:27:00Z
Manual Upload,HUMINT,Field Report 750,Ground report from field asset with directional notes.,28.746906,76.990732,2026-01-11T09:47:00Z
Manual Upload,HUMINT,Field Report 751,Ground report from field asset with directional notes.,28.388508,77.064232,2026-01-11T10:07:00Z
Manual Upload,HUMINT,Field Report 752,Ground report from field asset with directional notes.,28.631636,77.451609,2026-01-11T10:27:00Z
Manual Upload,HUMINT,Field Report 753,Ground report from field asset with directional notes.,28.782975,77.156763,2026-01-11T10:47:00Z
Manual Upload,HUMINT,Field Report 754,Ground report from field asset with directional notes.,28.72281,77.104094,2026-01-11T11:07:00Z
Manual Upload,HUMINT,Field Report 755,Ground report from field asset with directional notes.,28.444602,77.14594,2026-01-11T11:27:00Z
Manual Upload,HUMINT,Field Report 756,Ground report from field asset with directional notes.,28.570598,77.235476,2026-01-11T11:47:00Z
Manual Upload,HUMINT,Field Report 757,Ground report from field asset with directional notes.,28.488252,76.96582,2026-01-11T12:07:00Z
Manual Upload,HUMINT,Field Report 758,Ground report from field asset with directional notes.,28.786641,77.336561,2026-01-11T12:27:00Z
Manual Upload,HUMINT,Field Report 759,Ground report from field asset with directional notes.,28.627178,77.20975,2026-01-11T12:47:00Z
Manual Upload,HUMINT,Field Report 760,Ground report from field asset with directional notes.,28.759572,76.980143,2026-01-11T13:07:00Z
Manual Upload,HUMINT,Field Report 761,Ground report from field asset with directional notes.,28.505445,76.971122,2026-01-11T13:27:00Z
Manual Upload,HUMINT,Field Report 762,Ground report from field asset with directional notes.,28.679678,77.303035,2026-01-11T13:47:00Z
Manual Upload,HUMINT,Field Report 763,Ground report from field asset with directional notes.,28.380789,77.333958,2026-01-11T14:07:00Z
Manual Upload,HUMINT,Field Report 764,Ground report from field asset with directional notes.,28.770398,77.147928,2026-01-11T14:27:00Z
Manual Upload,HUMINT,Field Report 765,Ground report from field asset with directional notes.,28.564275,77.368148,2026-01-11T14:47:00Z
Manual Upload,HUMINT,Field Report 766,Ground report from field asset with directional notes.,28.802211,77.389992,2026-01-11T15:07:00Z
Manual Upload,HUMINT,Field Report 767,Ground report from field asset with directional notes.,28.402164,77.211255,2026-01-11T15:27:00Z
Manual Upload,HUMINT,Field Report 768,Ground report from field asset with directional notes.,28.715645,77.325319,2026-01-11T15:47:00Z
Manual Upload,HUMINT,Field Report 769,Ground report from field asset with directional notes.,28.373977,77.330326,2026-01-11T16:07:00Z
Manual Upload,HUMINT,Field Report 770,Ground report from field asset with directional notes.,28.634749,77.418487,2026-01-11T16:27:00Z
Manual Upload,HUMINT,Field Report 771,Ground report from field asset with directional notes.,28.411678,77.253098,2026-01-11T16:47:00Z
Manual Upload,HUMINT,Field Report 772,Ground report from field asset with directional notes.,28.559462,77.374736,2026-01-11T17:07:00Z
Manual Upload,HUMINT,Field Report 773,Ground report from field asset with directional notes.,28.793552,77.351386,2026-01-11T17:27:00Z
Manual Upload,HUMINT,Field Report 774,Ground report from field asset with directional notes.,28.576476,77.330742,2026-01-11T17:47:00Z
Manual Upload,HUMINT,Field Report 775,Ground report from field asset with directional notes.,28.514977,77.188453,2026-01-11T18:07:00Z
Manual Upload,HUMINT,Field Report 776,Ground report from field asset with directional notes.,28.41374,77.443631,2026-01-11T18:27:00Z
Manual Upload,HUMINT,Field Report 777,Ground report from field asset with directional notes.,28.652001,77.14729,2026-01-11T18:47:00Z
Manual Upload,HUMINT,Field Report 778,Ground report from field asset with directional notes.,28.578667,77.070126,2026-01-11T19:07:00Z
Manual Upload,HUMINT,Field Report 779,Ground report from field asset with directional notes.,28.567065,77.098279,2026-01-11T19:27:00Z
Manual Upload,HUMINT,Field Report 780,Ground report from field asset with directional notes.,28.506111,77.31044,2026-01-11T19:47:00Z
Manual Upload,HUMINT,Field Report 781,Ground report from field asset with directional notes.,28.617197,77.150204,2026-01-11T20:07:00Z
Manual Upload,HUMINT,Field Report 782,Ground report from field asset with directional notes.,28.860477,77.322779,2026-01-11T20:27:00Z
Manual Upload,HUMINT,Field Report 783,Ground report from field asset with directional notes.,28.839629,77.34035,2026-01-11T20:47:00Z
Manual Upload,HUMINT,Field Report 784,Ground report from field asset with directional notes.,28.721189,77.185135,2026-01-11T21:07:00Z
Manual Upload,HUMINT,Field Report 785,Ground report from field asset with directional notes.,28.65284,76.971446,2026-01-11T21:27:00Z
Manual Upload,HUMINT,Field Report 786,Ground report from field asset with directional notes.,28.749503,77.182543,2026-01-11T21:47:00Z
Manual Upload,HUMINT,Field Report 787,Ground report from field asset with directional notes.,28.602303,77.013474,2026-01-11T22:07:00Z
Manual Upload,HUMINT,Field Report 788,Ground report from field asset with directional notes.,28.519205,77.030886,2026-01-11T22:27:00Z
Manual Upload,HUMINT,Field Report 789,Ground report from field asset with directional notes.,28.678857,77.000817,2026-01-11T22:47:00Z
Manual Upload,HUMINT,Field Report 790,Ground report from field asset with directional notes.,28.644343,77.062841,2026-01-11T23:07:00Z
Manual Upload,HUMINT,Field Report 791,Ground report from field asset with directional notes.,28.834947,77.255705,2026-01-11T23:27:00Z
Manual Upload,HUMINT,Field Report 792,Ground report from field asset with directional notes.,28.405844,77.160598,2026-01-11T23:47:00Z
Manual Upload,HUMINT,Field Report 793,Ground report from field asset with directional notes.,28.782935,77.220703,2026-01-12T00:07:00Z
Manual Upload,HUMINT,Field Report 794,Ground report from field asset with directional notes.,28.783725,77.339291,2026-01-12T00:27:00Z
Manual Upload,HUMINT,Field Report 795,Ground report from field asset with directional notes.,28.393366,77.205709,2026-01-12T00:47:00Z
Manual Upload,HUMINT,Field Report 796,Ground report from field asset with directional notes.,28.569829,77.329256,2026-01-12T01:07:00Z
Manual Upload,HUMINT,Field Report 797,Ground report from field asset with directional notes.,28.781062,76.977255,2026-01-12T01:27:00Z
Manual Upload,HUMINT,Field Report 798,Ground report from field asset with directional notes.,28.708399,77.258365,2026-01-12T01:47:00Z
Manual Upload,HUMINT,Field Report 799,Ground report from field asset with directional notes.,28.799614,77.093072,2026-01-12T02:07:00Z
Manual Upload,HUMINT,Field Report 800,Ground report from field asset with directional notes.,28.468512,77.240205,2026-01-12T02:27:00Z
Manual Upload,HUMINT,Field Report 801,Ground report from field asset with directional notes.,28.608263,77.208908,2026-01-12T02:47:00Z
Manual Upload,HUMINT,Field Report 802,Ground report from field asset with directional notes.,28.843638,77.07687,2026-01-12T03:07:00Z
Manual Upload,HUMINT,Field Report 803,Ground report from field asset with directional notes.,28.594586,77.200498,2026-01-12T03:27:00Z
Manual Upload,HUMINT,Field Report 804,Ground report from field asset with directional notes.,28.641304,77.328842,2026-01-12T03:47:00Z
Manual Upload,HUMINT,Field Report 805,Ground report from field asset with directional notes.,28.730435,77.419615,2026-01-12T04:07:00Z
Manual Upload,HUMINT,Field Report 806,Ground report from field asset with directional notes.,28.576751,76.997752,2026-01-12T04:27:00Z
Manual Upload,HUMINT,Field Report 807,Ground report from field asset with directional notes.,28.427541,76.965812,2026-01-12T04:47:00Z
Manual Upload,HUMINT,Field Report 808,Ground report from field asset with directional notes.,28.62387,77.019739,2026-01-12T05:07:00Z
Manual Upload,HUMINT,Field Report 809,Ground report from field asset with directional notes.,28.462584,77.393875,2026-01-12T05:27:00Z
Manual Upload,HUMINT,Field Report 810,Ground report from field asset with directional notes.,28.420732,77.401751,2026-01-12T05:47:00Z
Manual Upload,HUMINT,Field Report 811,Ground report from field asset with directional notes.,28.611492,77.272082,2026-01-12T06:07:00Z
Manual Upload,HUMINT,Field Report 812,Ground report from field asset with directional notes.,28.626195,77.028933,2026-01-12T06:27:00Z
Manual Upload,HUMINT,Field Report 813,Ground report from field asset with directional notes.,28.801008,77.168074,2026-01-12T06:47:00Z
Manual Upload,HUMINT,Field Report 814,Ground report from field asset with directional notes.,28.368529,77.017792,2026-01-12T07:07:00Z
Manual Upload,HUMINT,Field Report 815,Ground report from field asset with directional notes.,28.861772,77.318971,2026-01-12T07:27:00Z
Manual Upload,HUMINT,Field Report 816,Ground report from field asset with directional notes.,28.804013,77.094554,2026-01-12T07:47:00Z
Manual Upload,HUMINT,Field Report 817,Ground report from field asset with directional notes.,28.525093,77.403773,2026-01-12T08:07:00Z
Manual Upload,HUMINT,Field Report 818,Ground report from field asset with directional notes.,28.645805,77.041973,2026-01-12T08:27:00Z
Manual Upload,HUMINT,Field Report 819,Ground report from field asset with directional notes.,28.508998,77.301512,2026-01-12T08:47:00Z
Manual Upload,HUMINT,Field Report 820,Ground report from field asset with directional notes.,28.765307,77.434998,2026-01-12T09:07:00Z
Manual Upload,HUMINT,Field Report 821,Ground report from field asset with directional notes.,28.549527,77.261259,2026-01-12T09:27:00Z
Manual Upload,HUMINT,Field Report 822,Ground report from field asset with directional notes.,28.599955,77.064309,2026-01-12T09:47:00Z
Manual Upload,HUMINT,Field Report 823,Ground report from field asset with directional notes.,28.528989,77.332382,2026-01-12T10:07:00Z
Manual Upload,HUMINT,Field Report 824,Ground report from field asset with directional notes.,28.861993,77.422921,2026-01-12T10:27:00Z
Manual Upload,HUMINT,Field Report 825,Ground report from field asset with directional notes.,28.446019,77.316541,2026-01-12T10:47:00Z
Manual Upload,HUMINT,Field Report 826,Ground report from field asset with directional notes.,28.600835,77.117844,2026-01-12T11:07:00Z
Manual Upload,HUMINT,Field Report 827,Ground report from field asset with directional notes.,28.453513,77.194247,2026-01-12T11:27:00Z
Manual Upload,HUMINT,Field Report 828,Ground report from field asset with directional notes.,28.860555,76.961801,2026-01-12T11:47:00Z
Manual Upload,HUMINT,Field Report 829,Ground report from field asset with directional notes.,28.714632,77.058634,2026-01-12T12:07:00Z
Manual Upload,HUMINT,Field Report 830,Ground report from field asset with directional notes.,28.410824,77.188297,2026-01-12T12:27:00Z
Manual Upload,HUMINT,Field Report 831,Ground report from field asset with directional notes.,28.411257,77.271486,2026-01-12T12:47:00Z
Manual Upload,HUMINT,Field Report 832,Ground report from field asset with directional notes.,28.661127,76.992386,2026-01-12T13:07:00Z
Manual Upload,HUMINT,Field Report 833,Ground report from field asset with directional notes.,28.682072,77.400672,2026-01-12T13:27:00Z
Manual Upload,HUMINT,Field Report 834,Ground report from field asset with directional notes.,28.536379,76.966065,2026-01-12T13:47:00Z
Manual Upload,HUMINT,Field Report 835,Ground report from field asset with directional notes.,28.46022,77.101094,2026-01-12T14:07:00Z
Manual Upload,HUMINT,Field Report 836,Ground report from field asset with directional notes.,28.819655,77.172083,2026-01-12T14:27:00Z
Manual Upload,HUMINT,Field Report 837,Ground report from field asset with directional notes.,28.728562,77.142637,2026-01-12T14:47:00Z
Manual Upload,HUMINT,Field Report 838,Ground report from field asset with directional notes.,28.747394,77.426154,2026-01-12T15:07:00Z
Manual Upload,HUMINT,Field Report 839,Ground report from field asset with directional notes.,28.644456,77.2798,2026-01-12T15:27:00Z
Manual Upload,HUMINT,Field Report 840,Ground report from field asset with directional notes.,28.465194,77.25532,2026-01-12T15:47:00Z
Manual Upload,HUMINT,Field Report 841,Ground report from field asset with directional notes.,28.415388,77.067221,2026-01-12T16:07:00Z
Manual Upload,HUMINT,Field Report 842,Ground report from field asset with directional notes.,28.453063,77.24083,2026-01-12T16:27:00Z
Manual Upload,HUMINT,Field Report 843,Ground report from field asset with directional notes.,28.427252,77.220159,2026-01-12T16:47:00Z
Manual Upload,HUMINT,Field Report 844,Ground report from field asset with directional notes.,28.686315,77.150473,2026-01-12T17:07:00Z
Manual Upload,HUMINT,Field Report 845,Ground report from field asset with directional notes.,28.651728,77.3857,2026-01-12T17:27:00Z
Manual Upload,HUMINT,Field Report 846,Ground report from field asset with directional notes.,28.666288,77.442329,2026-01-12T17:47:00Z
Manual Upload,HUMINT,Field Report 847,Ground report from field asset with directional notes.,28.732533,77.266944,2026-01-12T18:07:00Z
Manual Upload,HUMINT,Field Report 848,Ground report from field asset with directional notes.,28.818515,77.063653,2026-01-12T18:27:00Z
Manual Upload,HUMINT,Field Report 849,Ground report from field asset with directional notes.,28.365235,77.074916,2026-01-12T18:47:00Z
Manual Upload,HUMINT,Field Report 850,Ground report from field asset with directional notes.,28.472122,77.423774,2026-01-12T19:07:00Z
Manual Upload,HUMINT,Field Report 851,Ground report from field asset with directional notes.,28.671362,77.030667,2026-01-12T19:27:00Z
Manual Upload,HUMINT,Field Report 852,Ground report from field asset with directional notes.,28.601632,76.959123,2026-01-12T19:47:00Z
Manual Upload,HUMINT,Field Report 853,Ground report from field asset with directional notes.,28.402794,77.443921,2026-01-12T20:07:00Z
Manual Upload,HUMINT,Field Report 854,Ground report from field asset with directional notes.,28.432387,77.362617,2026-01-12T20:27:00Z
Manual Upload,HUMINT,Field Report 855,Ground report from field asset with directional notes.,28.576603,77.194845,2026-01-12T20:47:00Z
Manual Upload,HUMINT,Field Report 856,Ground report from field asset with directional notes.,28.515179,77.339004,2026-01-12T21:07:00Z
Manual Upload,HUMINT,Field Report 857,Ground report from field asset with directional notes.,28.484286,77.155623,2026-01-12T21:27:00Z
Manual Upload,HUMINT,Field Report 858,Ground report from field asset with directional notes.,28.75086,77.312122,2026-01-12T21:47:00Z
Manual Upload,HUMINT,Field Report 859,Ground report from field asset with directional notes.,28.541396,77.378325,2026-01-12T22:07:00Z
Manual Upload,HUMINT,Field Report 860,Ground report from field asset with directional notes.,28.522386,76.9981,2026-01-12T22:27:00Z
Manual Upload,HUMINT,Field Report 861,Ground report from field asset with directional notes.,28.66659,77.06595,2026-01-12T22:47:00Z
Manual Upload,HUMINT,Field Report 862,Ground report from field asset with directional notes.,28.446958,77.275885,2026-01-12T23:07:00Z
Manual Upload,HUMINT,Field Report 863,Ground report from field asset with directional notes.,28.502768,77.030442,2026-01-12T23:27:00Z
Manual Upload,HUMINT,Field Report 864,Ground report from field asset with directional notes.,28.582522,77.179823,2026-01-12T23:47:00Z
Manual Upload,HUMINT,Field Report 865,Ground report from field asset with directional notes.,28.71145,77.08427,2026-01-13T00:07:00Z
Manual Upload,HUMINT,Field Report 866,Ground report from field asset with directional notes.,28.42402,77.408881,2026-01-13T00:27:00Z
Manual Upload,HUMINT,Field Report 867,Ground report from field asset with directional notes.,28.689946,77.048006,2026-01-13T00:47:00Z
Manual Upload,HUMINT,Field Report 868,Ground report from field asset with directional notes.,28.796969,77.386686,2026-01-13T01:07:00Z
Manual Upload,HUMINT,Field Report 869,Ground report from field asset with directional notes.,28.749272,77.131996,2026-01-13T01:27:00Z
Manual Upload,HUMINT,Field Report 870,Ground report from field asset with directional notes.,28.575939,77.267487,2026-01-13T01:47:00Z
Manual Upload,HUMINT,Field Report 871,Ground report from field asset with directional notes.,28.802047,77.419303,2026-01-13T02:07:00Z
Manual Upload,HUMINT,Field Report 872,Ground report from field asset with directional notes.,28.459392,77.146103,2026-01-13T02:27:00Z
Manual Upload,HUMINT,Field Report 873,Ground report from field asset with directional notes.,28.830496,77.456719,2026-01-13T02:47:00Z
Manual Upload,HUMINT,Field Report 874,Ground report from field asset with directional notes.,28.461818,77.139496,2026-01-13T03:07:00Z
Manual Upload,HUMINT,Field Report 875,Ground report from field asset with directional notes.,28.461344,77.252094,2026-01-13T03:27:00Z
Manual Upload,HUMINT,Field Report 876,Ground report from field asset with directional notes.,28.528126,77.41452,2026-01-13T03:47:00Z
Manual Upload,HUMINT,Field Report 877,Ground report from field asset with directional notes.,28.821804,77.210397,2026-01-13T04:07:00Z
Manual Upload,HUMINT,Field Report 878,Ground report from field asset with directional notes.,28.370397,77.095514,2026-01-13T04:27:00Z
Manual Upload,HUMINT,Field Report 879,Ground report from field asset with directional notes.,28.687509,77.279837,2026-01-13T04:47:00Z
Manual Upload,HUMINT,Field Report 880,Ground report from field asset with directional notes.,28.563047,77.456869,2026-01-13T05:07:00Z
Manual Upload,HUMINT,Field Report 881,Ground report from field asset with directional notes.,28.716032,77.096087,2026-01-13T05:27:00Z
Manual Upload,HUMINT,Field Report 882,Ground report from field asset with directional notes.,28.392514,77.24509,2026-01-13T05:47:00Z
Manual Upload,HUMINT,Field Report 883,Ground report from field asset with directional notes.,28.379113,77.318015,2026-01-13T06:07:00Z
Manual Upload,HUMINT,Field Report 884,Ground report from field asset with directional notes.,28.599305,77.262773,2026-01-13T06:27:00Z
Manual Upload,HUMINT,Field Report 885,Ground report from field asset with directional notes.,28.59114,77.045885,2026-01-13T06:47:00Z
Manual Upload,HUMINT,Field Report 886,Ground report from field asset with directional notes.,28.738868,77.282774,2026-01-13T07:07:00Z
Manual Upload,HUMINT,Field Report 887,Ground report from field asset with directional notes.,28.636694,77.010944,2026-01-13T07:27:00Z
Manual Upload,HUMINT,Field Report 888,Ground report from field asset with directional notes.,28.548667,77.26546,2026-01-13T07:47:00Z
Manual Upload,HUMINT,Field Report 889,Ground report from field asset with directional notes.,28.720555,77.31182,2026-01-13T08:07:00Z
Manual Upload,HUMINT,Field Report 890,Ground report from field asset with directional notes.,28.452354,77.384472,2026-01-13T08:27:00Z
Manual Upload,HUMINT,Field Report 891,Ground report from field asset with directional notes.,28.405312,77.376032,2026-01-13T08:47:00Z
Manual Upload,HUMINT,Field Report 892,Ground report from field asset with directional notes.,28.423613,77.180689,2026-01-13T09:07:00Z
Manual Upload,HUMINT,Field Report 893,Ground report from field asset with directional notes.,28.719195,77.116118,2026-01-13T09:27:00Z
Manual Upload,HUMINT,Field Report 894,Ground report from field asset with directional notes.,28.792845,77.097739,2026-01-13T09:47:00Z
Manual Upload,HUMINT,Field Report 895,Ground report from field asset with directional notes.,28.790188,77.286553,2026-01-13T10:07:00Z
Manual Upload,HUMINT,Field Report 896,Ground report from field asset with directional notes.,28.732627,77.125332,2026-01-13T10:27:00Z
Manual Upload,HUMINT,Field Report 897,Ground report from field asset with directional notes.,28.699895,77.408833,2026-01-13T10:47:00Z
Manual Upload,HUMINT,Field Report 898,Ground report from field asset with directional notes.,28.812768,77.043607,2026-01-13T11:07:00Z
Manual Upload,HUMINT,Field Report 899,Ground report from field asset with directional notes.,28.857035,77.320068,2026-01-13T11:27:00Z
Manual Upload,HUMINT,Field Report 900,Ground report from field asset with directional notes.,28.547028,76.966086,2026-01-13T11:47:00Z
Manual Upload,HUMINT,Field Report 901,Ground report from field asset with directional notes.,28.696148,77.167189,2026-01-13T12:07:00Z
Manual Upload,HUMINT,Field Report 902,Ground report from field asset with directional notes.,28.697761,76.989742,2026-01-13T12:27:00Z
Manual Upload,HUMINT,Field Report 903,Ground report from field asset with directional notes.,28.46037,77.339647,2026-01-13T12:47:00Z
Manual Upload,HUMINT,Field Report 904,Ground report from field asset with directional notes.,28.437657,77.092318,2026-01-13T13:07:00Z
Manual Upload,HUMINT,Field Report 905,Ground report from field asset with directional notes.,28.450193,76.981254,2026-01-13T13:27:00Z
Manual Upload,HUMINT,Field Report 906,Ground report from field asset with directional notes.,28.668165,77.303358,2026-01-13T13:47:00Z
Manual Upload,HUMINT,Field Report 907,Ground report from field asset with directional notes.,28.568526,77.27665,2026-01-13T14:07:00Z
Manual Upload,HUMINT,Field Report 908,Ground report from field asset with directional notes.,28.784962,77.429545,2026-01-13T14:27:00Z
Manual Upload,HUMINT,Field Report 909,Ground report from field asset with directional notes.,28.519482,77.23928,2026-01-13T14:47:00Z
Manual Upload,HUMINT,Field Report 910,Ground report from field asset with directional notes.,28.422757,77.192126,2026-01-13T15:07:00Z
Manual Upload,HUMINT,Field Report 911,Ground report from field asset with directional notes.,28.781953,77.002048,2026-01-13T15:27:00Z
Manual Upload,HUMINT,Field Report 912,Ground report from field asset with directional notes.,28.829036,77.003081,2026-01-13T15:47:00Z
Manual Upload,HUMINT,Field Report 913,Ground report from field asset with directional notes.,28.822906,77.05025,2026-01-13T16:07:00Z
Manual Upload,HUMINT,Field Report 914,Ground report from field asset with directional notes.,28.407109,77.117751,2026-01-13T16:27:00Z
Manual Upload,HUMINT,Field Report 915,Ground report from field asset with directional notes.,28.677212,76.969054,2026-01-13T16:47:00Z
Manual Upload,HUMINT,Field Report 916,Ground report from field asset with directional notes.,28.448568,76.964219,2026-01-13T17:07:00Z
Manual Upload,HUMINT,Field Report 917,Ground report from field asset with directional notes.,28.682873,77.189175,2026-01-13T17:27:00Z
Manual Upload,HUMINT,Field Report 918,Ground report from field asset with directional notes.,28.802499,77.430619,2026-01-13T17:47:00Z
Manual Upload,HUMINT,Field Report 919,Ground report from field asset with directional notes.,28.517791,77.299445,2026-01-13T18:07:00Z
Manual Upload,HUMINT,Field Report 920,Ground report from field asset with directional notes.,28.835229,77.391293,2026-01-13T18:27:00Z
Manual Upload,HUMINT,Field Report 921,Ground report from field asset with directional notes.,28.737604,77.328055,2026-01-13T18:47:00Z
Manual Upload,HUMINT,Field Report 922,Ground report from field asset with directional notes.,28.519144,77.148655,2026-01-13T19:07:00Z
Manual Upload,HUMINT,Field Report 923,Ground report from field asset with directional notes.,28.507438,77.098482,2026-01-13T19:27:00Z
Manual Upload,HUMINT,Field Report 924,Ground report from field asset with directional notes.,28.64642,77.165991,2026-01-13T19:47:00Z
Manual Upload,HUMINT,Field Report 925,Ground report from field asset with directional notes.,28.781538,77.0954,2026-01-13T20:07:00Z
Manual Upload,HUMINT,Field Report 926,Ground report from field asset with directional notes.,28.463512,77.448639,2026-01-13T20:27:00Z
Manual Upload,HUMINT,Field Report 927,Ground report from field asset with directional notes.,28.493577,77.178799,2026-01-13T20:47:00Z
Manual Upload,HUMINT,Field Report 928,Ground report from field asset with directional notes.,28.410106,77.136577,2026-01-13T21:07:00Z
Manual Upload,HUMINT,Field Report 929,Ground report from field asset with directional notes.,28.545707,77.345185,2026-01-13T21:27:00Z
Manual Upload,HUMINT,Field Report 930,Ground report from field asset with directional notes.,28.625421,77.37375,2026-01-13T21:47:00Z
Manual Upload,HUMINT,Field Report 931,Ground report from field asset with directional notes.,28.70742,77.044237,2026-01-13T22:07:00Z
Manual Upload,HUMINT,Field Report 932,Ground report from field asset with directional notes.,28.838733,77.251611,2026-01-13T22:27:00Z
Manual Upload,HUMINT,Field Report 933,Ground report from field asset with directional notes.,28.441752,77.243356,2026-01-13T22:47:00Z
Manual Upload,HUMINT,Field Report 934,Ground report from field asset with directional notes.,28.860778,77.175927,2026-01-13T23:07:00Z
Manual Upload,HUMINT,Field Report 935,Ground report from field asset with directional notes.,28.686904,77.300009,2026-01-13T23:27:00Z
Manual Upload,HUMINT,Field Report 936,Ground report from field asset with directional notes.,28.508245,77.130091,2026-01-13T23:47:00Z
Manual Upload,HUMINT,Field Report 937,Ground report from field asset with directional notes.,28.848145,77.234806,2026-01-14T00:07:00Z
Manual Upload,HUMINT,Field Report 938,Ground report from field asset with directional notes.,28.735466,77.093475,2026-01-14T00:27:00Z
Manual Upload,HUMINT,Field Report 939,Ground report from field asset with directional notes.,28.620536,77.064361,2026-01-14T00:47:00Z
Manual Upload,HUMINT,Field Report 940,Ground report from field asset with directional notes.,28.473027,77.089423,2026-01-14T01:07:00Z
Manual Upload,HUMINT,Field Report 941,Ground report from field asset with directional notes.,28.82486,77.217515,2026-01-14T01:27:00Z
Manual Upload,HUMINT,Field Report 942,Ground report from field asset with directional notes.,28.679457,77.196605,2026-01-14T01:47:00Z
Manual Upload,HUMINT,Field Report 943,Ground report from field asset with directional notes.,28.597523,77.120495,2026-01-14T02:07:00Z
Manual Upload,HUMINT,Field Report 944,Ground report from field asset with directional notes.,28.645785,77.288152,2026-01-14T02:27:00Z
Manual Upload,HUMINT,Field Report 945,Ground report from field asset with directional notes.,28.814537,77.120186,2026-01-14T02:47:00Z
Manual Upload,HUMINT,Field Report 946,Ground report from field asset with directional notes.,28.416206,77.138442,2026-01-14T03:07:00Z
Manual Upload,HUMINT,Field Report 947,Ground report from field asset with directional notes.,28.814412,77.038375,2026-01-14T03:27:00Z
Manual Upload,HUMINT,Field Report 948,Ground report from field asset with directional notes.,28.601648,77.127336,2026-01-14T03:47:00Z
Manual Upload,HUMINT,Field Report 949,Ground report from field asset with directional notes.,28.81539,77.052556,2026-01-14T04:07:00Z
Manual Upload,HUMINT,Field Report 950,Ground report from field asset with directional notes.,28.542902,77.040373,2026-01-14T04:27:00Z
Manual Upload,HUMINT,Field Report 951,Ground report from field asset with directional notes.,28.637289,77.335023,2026-01-14T04:47:00Z
Manual Upload,HUMINT,Field Report 952,Ground report from field asset with directional notes.,28.583404,77.267306,2026-01-14T05:07:00Z
Manual Upload,HUMINT,Field Report 953,Ground report from field asset with directional notes.,28.660687,77.306249,2026-01-14T05:27:00Z
Manual Upload,HUMINT,Field Report 954,Ground report from field asset with directional notes.,28.729377,77.195786,2026-01-14T05:47:00Z
Manual Upload,HUMINT,Field Report 955,Ground report from field asset with directional notes.,28.485694,77.320686,2026-01-14T06:07:00Z
Manual Upload,HUMINT,Field Report 956,Ground report from field asset with directional notes.,28.664371,77.200279,2026-01-14T06:27:00Z
Manual Upload,HUMINT,Field Report 957,Ground report from field asset with directional notes.,28.564477,76.979064,2026-01-14T06:47:00Z
Manual Upload,HUMINT,Field Report 958,Ground report from field asset with directional notes.,28.828395,77.076152,2026-01-14T07:07:00Z
Manual Upload,HUMINT,Field Report 959,Ground report from field asset with directional notes.,28.831277,77.422443,2026-01-14T07:27:00Z
Manual Upload,HUMINT,Field Report 960,Ground report from field asset with directional notes.,28.417828,77.171947,2026-01-14T07:47:00Z
Manual Upload,HUMINT,Field Report 961,Ground report from field asset with directional notes.,28.49858,77.247744,2026-01-14T08:07:00Z
Manual Upload,HUMINT,Field Report 962,Ground report from field asset with directional notes.,28.660438,77.041013,2026-01-14T08:27:00Z
Manual Upload,HUMINT,Field Report 963,Ground report from field asset with directional notes.,28.447092,77.109291,2026-01-14T08:47:00Z
Manual Upload,HUMINT,Field Report 964,Ground report from field asset with directional notes.,28.662326,77.307816,2026-01-14T09:07:00Z
Manual Upload,HUMINT,Field Report 965,Ground report from field asset with directional notes.,28.625943,77.434747,2026-01-14T09:27:00Z
Manual Upload,HUMINT,Field Report 966,Ground report from field asset with directional notes.,28.647894,77.028775,2026-01-14T09:47:00Z
Manual Upload,HUMINT,Field Report 967,Ground report from field asset with directional notes.,28.695603,77.353285,2026-01-14T10:07:00Z
Manual Upload,HUMINT,Field Report 968,Ground report from field asset with directional notes.,28.3908,77.004199,2026-01-14T10:27:00Z
Manual Upload,HUMINT,Field Report 969,Ground report from field asset with directional notes.,28.760332,77.02973,2026-01-14T10:47:00Z
Manual Upload,HUMINT,Field Report 970,Ground report from field asset with directional notes.,28.536951,77.156997,2026-01-14T11:07:00Z
Manual Upload,HUMINT,Field Report 971,Ground report from field asset with directional notes.,28.594194,77.288304,2026-01-14T11:27:00Z
Manual Upload,HUMINT,Field Report 972,Ground report from field asset with directional notes.,28.464103,77.045034,2026-01-14T11:47:00Z
Manual Upload,HUMINT,Field Report 973,Ground report from field asset with directional notes.,28.517663,77.051297,2026-01-14T12:07:00Z
Manual Upload,HUMINT,Field Report 974,Ground report from field asset with directional notes.,28.792781,77.177274,2026-01-14T12:27:00Z
Manual Upload,HUMINT,Field Report 975,Ground report from field asset with directional notes.,28.725967,77.036069,2026-01-14T12:47:00Z
Manual Upload,HUMINT,Field Report 976,Ground report from field asset with directional notes.,28.641574,77.346804,2026-01-14T13:07:00Z
Manual Upload,HUMINT,Field Report 977,Ground report from field asset with directional notes.,28.366372,77.038665,2026-01-14T13:27:00Z
Manual Upload,HUMINT,Field Report 978,Ground report from field asset with directional notes.,28.413857,77.233915,2026-01-14T13:47:00Z
Manual Upload,HUMINT,Field Report 979,Ground report from field asset with directional notes.,28.560924,77.065246,2026-01-14T14:07:00Z
Manual Upload,HUMINT,Field Report 980,Ground report from field asset with directional notes.,28.600053,77.147146,2026-01-14T14:27:00Z
Manual Upload,HUMINT,Field Report 981,Ground report from field asset with directional notes.,28.595642,77.080371,2026-01-14T14:47:00Z
Manual Upload,HUMINT,Field Report 982,Ground report from field asset with directional notes.,28.822375,77.152787,2026-01-14T15:07:00Z
Manual Upload,HUMINT,Field Report 983,Ground report from field asset with directional notes.,28.523078,77.426631,2026-01-14T15:27:00Z
Manual Upload,HUMINT,Field Report 984,Ground report from field asset with directional notes.,28.563842,77.122556,2026-01-14T15:47:00Z
Manual Upload,HUMINT,Field Report 985,Ground report from field asset with directional notes.,28.505497,77.296375,2026-01-14T16:07:00Z
Manual Upload,HUMINT,Field Report 986,Ground report from field asset with directional notes.,28.800242,77.257469,2026-01-14T16:27:00Z
Manual Upload,HUMINT,Field Report 987,Ground report from field asset with directional notes.,28.630958,77.132434,2026-01-14T16:47:00Z
Manual Upload,HUMINT,Field Report 988,Ground report from field asset with directional notes.,28.698838,77.444113,2026-01-14T17:07:00Z
Manual Upload,HUMINT,Field Report 989,Ground report from field asset with directional notes.,28.377348,77.401794,2026-01-14T17:27:00Z
Manual Upload,HUMINT,Field Report 990,Ground report from field asset with directional notes.,28.45298,77.076579,2026-01-14T17:47:00Z
Manual Upload,HUMINT,Field Report 991,Ground report from field asset with directional notes.,28.54504,77.209728,2026-01-14T18:07:00Z
Manual Upload,HUMINT,Field Report 992,Ground report from field asset with directional notes.,28.364696,77.258585,2026-01-14T18:27:00Z
Manual Upload,HUMINT,Field Report 993,Ground report from field asset with directional notes.,28.56299,76.997635,2026-01-14T18:47:00Z
Manual Upload,HUMINT,Field Report 994,Ground report from field asset with directional notes.,28.478937,77.208975,2026-01-14T19:07:00Z
Manual Upload,HUMINT,Field Report 995,Ground report from field asset with directional notes.,28.386024,77.109969,2026-01-14T19:27:00Z
Manual Upload,HUMINT,Field Report 996,Ground report from field asset with directional notes.,28.410325,77.151033,2026-01-14T19:47:00Z
Manual Upload,HUMINT,Field Report 997,Ground report from field asset with directional notes.,28.453838,77.034374,2026-01-14T20:07:00Z
Manual Upload,HUMINT,Field Report 998,Ground report from field asset with directional notes.,28.519446,77.296636,2026-01-14T20:27:00Z
Manual Upload,HUMINT,Field Report 999,Ground report from field asset with directional notes.,28.604226,77.08951,2026-01-14T20:47:00Z
Manual Upload,HUMINT,Field Report 1000,Ground report from field asset with directional notes.,28.841409,77.048759,2026-01-14T21:07:00Z
Manual Upload,HUMINT,Field Report 1001,Ground report from field asset with directional notes.,28.563008,77.217674,2026-01-14T21:27:00Z
Manual Upload,HUMINT,Field Report 1002,Ground report from field asset with directional notes.,28.417115,77.362114,2026-01-14T21:47:00Z
Manual Upload,HUMINT,Field Report 1003,Ground report from field asset with directional notes.,28.537043,77.325335,2026-01-14T22:07:00Z
Manual Upload,HUMINT,Field Report 1004,Ground report from field asset with directional notes.,28.691834,77.161237,2026-01-14T22:27:00Z
Manual Upload,HUMINT,Field Report 1005,Ground report from field asset with directional notes.,28.767358,77.039442,2026-01-14T22:47:00Z
Manual Upload,HUMINT,Field Report 1006,Ground report from field asset with directional notes.,28.42827,77.212485,2026-01-14T23:07:00Z
Manual Upload,HUMINT,Field Report 1007,Ground report from field asset with directional notes.,28.707049,76.964794,2026-01-14T23:27:00Z
Manual Upload,HUMINT,Field Report 1008,Ground report from field asset with directional notes.,28.690809,77.294097,2026-01-14T23:47:00Z
Manual Upload,HUMINT,Field Report 1009,Ground report from field asset with directional notes.,28.575129,76.986256,2026-01-15T00:07:00Z
Manual Upload,HUMINT,Field Report 1010,Ground report from field asset with directional notes.,28.576391,77.330033,2026-01-15T00:27:00Z
Manual Upload,HUMINT,Field Report 1011,Ground report from field asset with directional notes.,28.421879,77.362563,2026-01-15T00:47:00Z
Manual Upload,HUMINT,Field Report 1012,Ground report from field asset with directional notes.,28.818005,77.210031,2026-01-15T01:07:00Z
Manual Upload,HUMINT,Field Report 1013,Ground report from field asset with directional notes.,28.754402,77.315012,2026-01-15T01:27:00Z
Manual Upload,HUMINT,Field Report 1014,Ground report from field asset with directional notes.,28.785984,77.444885,2026-01-15T01:47:00Z
Manual Upload,HUMINT,Field Report 1015,Ground report from field asset with directional notes.,28.419736,77.04842,2026-01-15T02:07:00Z
Manual Upload,HUMINT,Field Report 1016,Ground report from field asset with directional notes.,28.575933,77.338805,2026-01-15T02:27:00Z
Manual Upload,HUMINT,Field Report 1017,Ground report from field asset with directional notes.,28.799057,76.999005,2026-01-15T02:47:00Z
Manual Upload,HUMINT,Field Report 1018,Ground report from field asset with directional notes.,28.367378,77.433101,2026-01-15T03:07:00Z
Manual Upload,HUMINT,Field Report 1019,Ground report from field asset with directional notes.,28.717682,77.087918,2026-01-15T03:27:00Z
Manual Upload,HUMINT,Field Report 1020,Ground report from field asset with directional notes.,28.621348,77.26626,2026-01-15T03:47:00Z
Manual Upload,HUMINT,Field Report 1021,Ground report from field asset with directional notes.,28.800003,77.176444,2026-01-15T04:07:00Z
Manual Upload,HUMINT,Field Report 1022,Ground report from field asset with directional notes.,28.596282,76.978922,2026-01-15T04:27:00Z
Manual Upload,HUMINT,Field Report 1023,Ground report from field asset with directional notes.,28.797848,77.189125,2026-01-15T04:47:00Z
Manual Upload,HUMINT,Field Report 1024,Ground report from field asset with directional notes.,28.388937,77.258664,2026-01-15T05:07:00Z
Manual Upload,HUMINT,Field Report 1025,Ground report from field asset with directional notes.,28.548548,77.171851,2026-01-15T05:27:00Z
Manual Upload,HUMINT,Field Report 1026,Ground report from field asset with directional notes.,28.701398,77.342417,2026-01-15T05:47:00Z
Manual Upload,HUMINT,Field Report 1027,Ground report from field asset with directional notes.,28.375665,77.092618,2026-01-15T06:07:00Z
Manual Upload,HUMINT,Field Report 1028,Ground report from field asset with directional notes.,28.51052,77.16753,2026-01-15T06:27:00Z
Manual Upload,HUMINT,Field Report 1029,Ground report from field asset with directional notes.,28.587285,77.107842,2026-01-15T06:47:00Z
Manual Upload,HUMINT,Field Report 1030,Ground report from field asset with directional notes.,28.381708,77.014842,2026-01-15T07:07:00Z
Manual Upload,HUMINT,Field Report 1031,Ground report from field asset with directional notes.,28.729852,77.224634,2026-01-15T07:27:00Z
Manual Upload,HUMINT,Field Report 1032,Ground report from field asset with directional notes.,28.562007,77.046617,2026-01-15T07:47:00Z
Manual Upload,HUMINT,Field Report 1033,Ground report from field asset with directional notes.,28.631393,77.022027,2026-01-15T08:07:00Z
Manual Upload,HUMINT,Field Report 1034,Ground report from field asset with directional notes.,28.436222,77.205725,2026-01-15T08:27:00Z
Manual Upload,HUMINT,Field Report 1035,Ground report from field asset with directional notes.,28.810258,77.131693,2026-01-15T08:47:00Z
Manual Upload,HUMINT,Field Report 1036,Ground report from field asset with directional notes.,28.592915,77.267621,2026-01-15T09:07:00Z
Manual Upload,HUMINT,Field Report 1037,Ground report from field asset with directional notes.,28.823288,77.41079,2026-01-15T09:27:00Z
Manual Upload,HUMINT,Field Report 1038,Ground report from field asset with directional notes.,28.830033,77.369243,2026-01-15T09:47:00Z
Manual Upload,HUMINT,Field Report 1039,Ground report from field asset with directional notes.,28.648434,76.97932,2026-01-15T10:07:00Z
Manual Upload,HUMINT,Field Report 1040,Ground report from field asset with directional notes.,28.527194,76.978144,2026-01-15T10:27:00Z
Manual Upload,HUMINT,Field Report 1041,Ground report from field asset with directional notes.,28.668577,77.320905,2026-01-15T10:47:00Z
Manual Upload,HUMINT,Field Report 1042,Ground report from field asset with directional notes.,28.770138,77.009561,2026-01-15T11:07:00Z
Manual Upload,HUMINT,Field Report 1043,Ground report from field asset with directional notes.,28.620216,77.3217,2026-01-15T11:27:00Z
Manual Upload,HUMINT,Field Report 1044,Ground report from field asset with directional notes.,28.532786,77.277371,2026-01-15T11:47:00Z
Manual Upload,HUMINT,Field Report 1045,Ground report from field asset with directional notes.,28.514893,77.15937,2026-01-15T12:07:00Z
Manual Upload,HUMINT,Field Report 1046,Ground report from field asset with directional notes.,28.455865,77.332384,2026-01-15T12:27:00Z
Manual Upload,HUMINT,Field Report 1047,Ground report from field asset with directional notes.,28.724697,77.330342,2026-01-15T12:47:00Z
Manual Upload,HUMINT,Field Report 1048,Ground report from field asset with directional notes.,28.403542,77.415173,2026-01-15T13:07:00Z
Manual Upload,HUMINT,Field Report 1049,Ground report from field asset with directional notes.,28.84648,77.355822,2026-01-15T13:27:00Z
Manual Upload,HUMINT,Field Report 1050,Ground report from field asset with directional notes.,28.649348,77.456459,2026-01-15T13:47:00Z
Manual Upload,HUMINT,Field Report 1051,Ground report from field asset with directional notes.,28.671691,77.228579,2026-01-15T14:07:00Z
Manual Upload,HUMINT,Field Report 1052,Ground report from field asset with directional notes.,28.760762,77.306129,2026-01-15T14:27:00Z
Manual Upload,HUMINT,Field Report 1053,Ground report from field asset with directional notes.,28.388316,77.245668,2026-01-15T14:47:00Z
Manual Upload,HUMINT,Field Report 1054,Ground report from field asset with directional notes.,28.471505,77.426739,2026-01-15T15:07:00Z
Manual Upload,HUMINT,Field Report 1055,Ground report from field asset with directional notes.,28.501293,77.303432,2026-01-15T15:27:00Z
Manual Upload,HUMINT,Field Report 1056,Ground report from field asset with directional notes.,28.456757,77.209782,2026-01-15T15:47:00Z
Manual Upload,HUMINT,Field Report 1057,Ground report from field asset with directional notes.,28.386771,77.158335,2026-01-15T16:07:00Z
Manual Upload,HUMINT,Field Report 1058,Ground report from field asset with directional notes.,28.45453,77.101456,2026-01-15T16:27:00Z
Manual Upload,HUMINT,Field Report 1059,Ground report from field asset with directional notes.,28.366426,77.062568,2026-01-15T16:47:00Z
Manual Upload,HUMINT,Field Report 1060,Ground report from field asset with directional notes.,28.754925,77.287606,2026-01-15T17:07:00Z
Manual Upload,HUMINT,Field Report 1061,Ground report from field asset with directional notes.,28.501284,77.190221,2026-01-15T17:27:00Z
Manual Upload,HUMINT,Field Report 1062,Ground report from field asset with directional notes.,28.759029,77.276428,2026-01-15T17:47:00Z
Manual Upload,HUMINT,Field Report 1063,Ground report from field asset with directional notes.,28.412474,77.071412,2026-01-15T18:07:00Z
Manual Upload,HUMINT,Field Report 1064,Ground report from field asset with directional notes.,28.718404,77.069529,2026-01-15T18:27:00Z
Manual Upload,HUMINT,Field Report 1065,Ground report from field asset with directional notes.,28.669593,77.323082,2026-01-15T18:47:00Z
Manual Upload,HUMINT,Field Report 1066,Ground report from field asset with directional notes.,28.668558,77.189322,2026-01-15T19:07:00Z
Manual Upload,HUMINT,Field Report 1067,Ground report from field asset with directional notes.,28.574282,77.256615,2026-01-15T19:27:00Z
Manual Upload,HUMINT,Field Report 1068,Ground report from field asset with directional notes.,28.634629,77.196801,2026-01-15T19:47:00Z
Manual Upload,HUMINT,Field Report 1069,Ground report from field asset with directional notes.,28.642729,77.130475,2026-01-15T20:07:00Z
Manual Upload,HUMINT,Field Report 1070,Ground report from field asset with directional notes.,28.523721,77.370314,2026-01-15T20:27:00Z
Manual Upload,HUMINT,Field Report 1071,Ground report from field asset with directional notes.,28.439789,77.386178,2026-01-15T20:47:00Z
Manual Upload,HUMINT,Field Report 1072,Ground report from field asset with directional notes.,28.613387,77.22512,2026-01-15T21:07:00Z
Manual Upload,HUMINT,Field Report 1073,Ground report from field asset with directional notes.,28.448907,77.154031,2026-01-15T21:27:00Z
Manual Upload,HUMINT,Field Report 1074,Ground report from field asset with directional notes.,28.565369,77.289349,2026-01-15T21:47:00Z
Manual Upload,HUMINT,Field Report 1075,Ground report from field asset with directional notes.,28.649557,76.998304,2026-01-15T22:07:00Z
Manual Upload,HUMINT,Field Report 1076,Ground report from field asset with directional notes.,28.607169,77.451474,2026-01-15T22:27:00Z
Manual Upload,HUMINT,Field Report 1077,Ground report from field asset with directional notes.,28.405446,77.333005,2026-01-15T22:47:00Z
Manual Upload,HUMINT,Field Report 1078,Ground report from field asset with directional notes.,28.628696,77.111016,2026-01-15T23:07:00Z
Manual Upload,HUMINT,Field Report 1079,Ground report from field asset with directional notes.,28.739329,77.18475,2026-01-15T23:27:00Z
Manual Upload,HUMINT,Field Report 1080,Ground report from field asset with directional notes.,28.59759,77.03695,2026-01-15T23:47:00Z
Manual Upload,HUMINT,Field Report 1081,Ground report from field asset with directional notes.,28.656368,77.271133,2026-01-16T00:07:00Z
Manual Upload,HUMINT,Field Report 1082,Ground report from field asset with directional notes.,28.646346,77.166696,2026-01-16T00:27:00Z
Manual Upload,HUMINT,Field Report 1083,Ground report from field asset with directional notes.,28.74637,77.334694,2026-01-16T00:47:00Z
Manual Upload,HUMINT,Field Report 1084,Ground report from field asset with directional notes.,28.505844,77.331026,2026-01-16T01:07:00Z
Manual Upload,HUMINT,Field Report 1085,Ground report from field asset with directional notes.,28.85874,77.146642,2026-01-16T01:27:00Z
Manual Upload,HUMINT,Field Report 1086,Ground report from field asset with directional notes.,28.632696,77.148214,2026-01-16T01:47:00Z
Manual Upload,HUMINT,Field Report 1087,Ground report from field asset with directional notes.,28.83831,77.020747,2026-01-16T02:07:00Z
Manual Upload,HUMINT,Field Report 1088,Ground report from field asset with directional notes.,28.561775,77.064653,2026-01-16T02:27:00Z
Manual Upload,HUMINT,Field Report 1089,Ground report from field asset with directional notes.,28.419216,77.103674,2026-01-16T02:47:00Z
Manual Upload,HUMINT,Field Report 1090,Ground report from field asset with directional notes.,28.796347,77.342437,2026-01-16T03:07:00Z
Manual Upload,HUMINT,Field Report 1091,Ground report from field asset with directional notes.,28.856091,77.448448,2026-01-16T03:27:00Z
Manual Upload,HUMINT,Field Report 1092,Ground report from field asset with directional notes.,28.638935,77.135012,2026-01-16T03:47:00Z
Manual Upload,HUMINT,Field Report 1093,Ground report from field asset with directional notes.,28.472776,77.409229,2026-01-16T04:07:00Z
Manual Upload,HUMINT,Field Report 1094,Ground report from field asset with directional notes.,28.50334,77.34425,2026-01-16T04:27:00Z
Manual Upload,HUMINT,Field Report 1095,Ground report from field asset with directional notes.,28.679038,77.291117,2026-01-16T04:47:00Z
Manual Upload,HUMINT,Field Report 1096,Ground report from field asset with directional notes.,28.707322,77.275561,2026-01-16T05:07:00Z
Manual Upload,HUMINT,Field Report 1097,Ground report from field asset with directional notes.,28.682006,77.210152,2026-01-16T05:27:00Z
Manual Upload,HUMINT,Field Report 1098,Ground report from field asset with directional notes.,28.630154,77.07155,2026-01-16T05:47:00Z
Manual Upload,HUMINT,Field Report 1099,Ground report from field asset with directional notes.,28.565883,77.337414,2026-01-16T06:07:00Z
Manual Upload,HUMINT,Field Report 1100,Ground report from field asset with directional notes.,28.507042,77.421275,2026-01-16T06:27:00Z
Manual Upload,HUMINT,Field Report 1101,Ground report from field asset with directional notes.,28.442384,77.395671,2026-01-16T06:47:00Z
Manual Upload,HUMINT,Field Report 1102,Ground report from field asset with directional notes.,28.563927,76.960669,2026-01-16T07:07:00Z
Manual Upload,HUMINT,Field Report 1103,Ground report from field asset with directional notes.,28.778833,77.340467,2026-01-16T07:27:00Z
Manual Upload,HUMINT,Field Report 1104,Ground report from field asset with directional notes.,28.691995,77.300676,2026-01-16T07:47:00Z
Manual Upload,HUMINT,Field Report 1105,Ground report from field asset with directional notes.,28.413062,77.249079,2026-01-16T08:07:00Z
Manual Upload,HUMINT,Field Report 1106,Ground report from field asset with directional notes.,28.57295,77.168135,2026-01-16T08:27:00Z
Manual Upload,HUMINT,Field Report 1107,Ground report from field asset with directional notes.,28.458337,76.97352,2026-01-16T08:47:00Z
Manual Upload,HUMINT,Field Report 1108,Ground report from field asset with directional notes.,28.475996,77.263853,2026-01-16T09:07:00Z
Manual Upload,HUMINT,Field Report 1109,Ground report from field asset with directional notes.,28.615581,76.999253,2026-01-16T09:27:00Z
Manual Upload,HUMINT,Field Report 1110,Ground report from field asset with directional notes.,28.649192,77.163388,2026-01-16T09:47:00Z
Manual Upload,HUMINT,Field Report 1111,Ground report from field asset with directional notes.,28.375317,77.263906,2026-01-16T10:07:00Z
Manual Upload,HUMINT,Field Report 1112,Ground report from field asset with directional notes.,28.447129,77.271748,2026-01-16T10:27:00Z
Manual Upload,HUMINT,Field Report 1113,Ground report from field asset with directional notes.,28.706082,77.434923,2026-01-16T10:47:00Z
Manual Upload,HUMINT,Field Report 1114,Ground report from field asset with directional notes.,28.37526,77.259671,2026-01-16T11:07:00Z
Manual Upload,HUMINT,Field Report 1115,Ground report from field asset with directional notes.,28.75884,77.15367,2026-01-16T11:27:00Z
Manual Upload,HUMINT,Field Report 1116,Ground report from field asset with directional notes.,28.619568,77.055516,2026-01-16T11:47:00Z
Manual Upload,HUMINT,Field Report 1117,Ground report from field asset with directional notes.,28.820503,77.187884,2026-01-16T12:07:00Z
Manual Upload,HUMINT,Field Report 1118,Ground report from field asset with directional notes.,28.72543,77.078658,2026-01-16T12:27:00Z
Manual Upload,HUMINT,Field Report 1119,Ground report from field asset with directional notes.,28.599984,77.315396,2026-01-16T12:47:00Z
Manual Upload,HUMINT,Field Report 1120,Ground report from field asset with directional notes.,28.463793,77.025325,2026-01-16T13:07:00Z
Manual Upload,HUMINT,Field Report 1121,Ground report from field asset with directional notes.,28.396306,76.974445,2026-01-16T13:27:00Z
Manual Upload,HUMINT,Field Report 1122,Ground report from field asset with directional notes.,28.652701,77.188596,2026-01-16T13:47:00Z
Manual Upload,HUMINT,Field Report 1123,Ground report from field asset with directional notes.,28.705736,77.180827,2026-01-16T14:07:00Z
Manual Upload,HUMINT,Field Report 1124,Ground report from field asset with directional notes.,28.484842,77.047439,2026-01-16T14:27:00Z
Manual Upload,HUMINT,Field Report 1125,Ground report from field asset with directional notes.,28.594603,77.27969,2026-01-16T14:47:00Z
Manual Upload,HUMINT,Field Report 1126,Ground report from field asset with directional notes.,28.765743,77.377938,2026-01-16T15:07:00Z
Manual Upload,HUMINT,Field Report 1127,Ground report from field asset with directional notes.,28.799943,77.413439,2026-01-16T15:27:00Z
Manual Upload,HUMINT,Field Report 1128,Ground report from field asset with directional notes.,28.486332,77.320023,2026-01-16T15:47:00Z
Manual Upload,HUMINT,Field Report 1129,Ground report from field asset with directional notes.,28.398821,77.333304,2026-01-16T16:07:00Z
Manual Upload,HUMINT,Field Report 1130,Ground report from field asset with directional notes.,28.704912,77.162173,2026-01-16T16:27:00Z
Manual Upload,HUMINT,Field Report 1131,Ground report from field asset with directional notes.,28.623784,77.194105,2026-01-16T16:47:00Z
Manual Upload,HUMINT,Field Report 1132,Ground report from field asset with directional notes.,28.556558,77.350521,2026-01-16T17:07:00Z
Manual Upload,HUMINT,Field Report 1133,Ground report from field asset with directional notes.,28.842687,77.400679,2026-01-16T17:27:00Z
Manual Upload,HUMINT,Field Report 1134,Ground report from field asset with directional notes.,28.632571,77.316897,2026-01-16T17:47:00Z
Manual Upload,HUMINT,Field Report 1135,Ground report from field asset with directional notes.,28.667388,77.453604,2026-01-16T18:07:00Z
Manual Upload,HUMINT,Field Report 1136,Ground report from field asset with directional notes.,28.721282,77.178261,2026-01-16T18:27:00Z
Manual Upload,HUMINT,Field Report 1137,Ground report from field asset with directional notes.,28.777777,76.988893,2026-01-16T18:47:00Z
Manual Upload,HUMINT,Field Report 1138,Ground report from field asset with directional notes.,28.769731,77.373154,2026-01-16T19:07:00Z
Manual Upload,HUMINT,Field Report 1139,Ground report from field asset with directional notes.,28.726475,76.978953,2026-01-16T19:27:00Z
Manual Upload,HUMINT,Field Report 1140,Ground report from field asset with directional notes.,28.563615,77.422695,2026-01-16T19:47:00Z
Manual Upload,HUMINT,Field Report 1141,Ground report from field asset with directional notes.,28.678534,77.179023,2026-01-16T20:07:00Z
Manual Upload,HUMINT,Field Report 1142,Ground report from field asset with directional notes.,28.757612,77.010812,2026-01-16T20:27:00Z
Manual Upload,HUMINT,Field Report 1143,Ground report from field asset with directional notes.,28.787435,77.33797,2026-01-16T20:47:00Z
Manual Upload,HUMINT,Field Report 1144,Ground report from field asset with directional notes.,28.653806,77.354809,2026-01-16T21:07:00Z
Manual Upload,HUMINT,Field Report 1145,Ground report from field asset with directional notes.,28.724897,77.142232,2026-01-16T21:27:00Z
Manual Upload,HUMINT,Field Report 1146,Ground report from field asset with directional notes.,28.692168,77.029975,2026-01-16T21:47:00Z
Manual Upload,HUMINT,Field Report 1147,Ground report from field asset with directional notes.,28.485434,77.200296,2026-01-16T22:07:00Z
Manual Upload,HUMINT,Field Report 1148,Ground report from field asset with directional notes.,28.496154,77.124013,2026-01-16T22:27:00Z
Manual Upload,HUMINT,Field Report 1149,Ground report from field asset with directional notes.,28.710758,77.188121,2026-01-16T22:47:00Z
Manual Upload,HUMINT,Field Report 1150,Ground report from field asset with directional notes.,28.718441,77.335251,2026-01-16T23:07:00Z
Manual Upload,HUMINT,Field Report 1151,Ground report from field asset with directional notes.,28.74239,77.130221,2026-01-16T23:27:00Z
Manual Upload,HUMINT,Field Report 1152,Ground report from field asset with directional notes.,28.708497,77.124331,2026-01-16T23:47:00Z
Manual Upload,HUMINT,Field Report 1153,Ground report from field asset with directional notes.,28.589088,77.087961,2026-01-17T00:07:00Z
Manual Upload,HUMINT,Field Report 1154,Ground report from field asset with directional notes.,28.501549,76.976872,2026-01-17T00:27:00Z
Manual Upload,HUMINT,Field Report 1155,Ground report from field asset with directional notes.,28.43391,77.21989,2026-01-17T00:47:00Z
Manual Upload,HUMINT,Field Report 1156,Ground report from field asset with directional notes.,28.37687,77.399085,2026-01-17T01:07:00Z
Manual Upload,HUMINT,Field Report 1157,Ground report from field asset with directional notes.,28.64567,77.315902,2026-01-17T01:27:00Z
Manual Upload,HUMINT,Field Report 1158,Ground report from field asset with directional notes.,28.517231,77.316918,2026-01-17T01:47:00Z
Manual Upload,HUMINT,Field Report 1159,Ground report from field asset with directional notes.,28.64772,77.111371,2026-01-17T02:07:00Z
Manual Upload,HUMINT,Field Report 1160,Ground report from field asset with directional notes.,28.720439,77.295639,2026-01-17T02:27:00Z
Manual Upload,HUMINT,Field Report 1161,Ground report from field asset with directional notes.,28.441121,77.361599,2026-01-17T02:47:00Z
Manual Upload,HUMINT,Field Report 1162,Ground report from field asset with directional notes.,28.428177,77.262725,2026-01-17T03:07:00Z
Manual Upload,HUMINT,Field Report 1163,Ground report from field asset with directional notes.,28.793474,77.087653,2026-01-17T03:27:00Z
Manual Upload,HUMINT,Field Report 1164,Ground report from field asset with directional notes.,28.477859,77.38446,2026-01-17T03:47:00Z
Manual Upload,HUMINT,Field Report 1165,Ground report from field asset with directional notes.,28.655515,77.033182,2026-01-17T04:07:00Z
Manual Upload,HUMINT,Field Report 1166,Ground report from field asset with directional notes.,28.369933,77.141081,2026-01-17T04:27:00Z
Manual Upload,HUMINT,Field Report 1167,Ground report from field asset with directional notes.,28.618196,77.394116,2026-01-17T04:47:00Z
Manual Upload,HUMINT,Field Report 1168,Ground report from field asset with directional notes.,28.622309,77.197487,2026-01-17T05:07:00Z
Manual Upload,HUMINT,Field Report 1169,Ground report from field asset with directional notes.,28.813902,77.445202,2026-01-17T05:27:00Z
Manual Upload,HUMINT,Field Report 1170,Ground report from field asset with directional notes.,28.685826,77.252568,2026-01-17T05:47:00Z
Manual Upload,HUMINT,Field Report 1171,Ground report from field asset with directional notes.,28.614448,77.220669,2026-01-17T06:07:00Z
Manual Upload,HUMINT,Field Report 1172,Ground report from field asset with directional notes.,28.552889,77.422041,2026-01-17T06:27:00Z
Manual Upload,HUMINT,Field Report 1173,Ground report from field asset with directional notes.,28.688088,77.394391,2026-01-17T06:47:00Z
Manual Upload,HUMINT,Field Report 1174,Ground report from field asset with directional notes.,28.604926,77.200999,2026-01-17T07:07:00Z
Manual Upload,HUMINT,Field Report 1175,Ground report from field asset with directional notes.,28.553836,77.293372,2026-01-17T07:27:00Z
Manual Upload,HUMINT,Field Report 1176,Ground report from field asset with directional notes.,28.396276,77.071413,2026-01-17T07:47:00Z
Manual Upload,HUMINT,Field Report 1177,Ground report from field asset with directional notes.,28.467115,77.034044,2026-01-17T08:07:00Z
Manual Upload,HUMINT,Field Report 1178,Ground report from field asset with directional notes.,28.668221,77.323381,2026-01-17T08:27:00Z
Manual Upload,HUMINT,Field Report 1179,Ground report from field asset with directional notes.,28.423696,77.057471,2026-01-17T08:47:00Z
Manual Upload,HUMINT,Field Report 1180,Ground report from field asset with directional notes.,28.613295,77.243704,2026-01-17T09:07:00Z
Manual Upload,HUMINT,Field Report 1181,Ground report from field asset with directional notes.,28.683218,76.9651,2026-01-17T09:27:00Z
Manual Upload,HUMINT,Field Report 1182,Ground report from field asset with directional notes.,28.737028,77.368448,2026-01-17T09:47:00Z
Manual Upload,HUMINT,Field Report 1183,Ground report from field asset with directional notes.,28.757743,77.408067,2026-01-17T10:07:00Z
Manual Upload,HUMINT,Field Report 1184,Ground report from field asset with directional notes.,28.734589,77.14078,2026-01-17T10:27:00Z
Manual Upload,HUMINT,Field Report 1185,Ground report from field asset with directional notes.,28.38032,77.272201,2026-01-17T10:47:00Z
Manual Upload,HUMINT,Field Report 1186,Ground report from field asset with directional notes.,28.839914,77.212708,2026-01-17T11:07:00Z
Manual Upload,HUMINT,Field Report 1187,Ground report from field asset with directional notes.,28.499637,77.439828,2026-01-17T11:27:00Z
Manual Upload,HUMINT,Field Report 1188,Ground report from field asset with directional notes.,28.787203,77.227865,2026-01-17T11:47:00Z
Manual Upload,HUMINT,Field Report 1189,Ground report from field asset with directional notes.,28.403624,77.357959,2026-01-17T12:07:00Z
Manual Upload,HUMINT,Field Report 1190,Ground report from field asset with directional notes.,28.587216,77.220474,2026-01-17T12:27:00Z
Manual Upload,HUMINT,Field Report 1191,Ground report from field asset with directional notes.,28.486246,77.357635,2026-01-17T12:47:00Z
Manual Upload,HUMINT,Field Report 1192,Ground report from field asset with directional notes.,28.455242,77.427167,2026-01-17T13:07:00Z
Manual Upload,HUMINT,Field Report 1193,Ground report from field asset with directional notes.,28.792661,77.07317,2026-01-17T13:27:00Z
Manual Upload,HUMINT,Field Report 1194,Ground report from field asset with directional notes.,28.72259,77.047715,2026-01-17T13:47:00Z
Manual Upload,HUMINT,Field Report 1195,Ground report from field asset with directional notes.,28.853589,77.091882,2026-01-17T14:07:00Z
Manual Upload,HUMINT,Field Report 1196,Ground report from field asset with directional notes.,28.502638,77.330555,2026-01-17T14:27:00Z
Manual Upload,HUMINT,Field Report 1197,Ground report from field asset with directional notes.,28.730569,77.417733,2026-01-17T14:47:00Z
Manual Upload,HUMINT,Field Report 1198,Ground report from field asset with directional notes.,28.81697,77.025274,2026-01-17T15:07:00Z
Manual Upload,HUMINT,Field Report 1199,Ground report from field asset with directional notes.,28.51528,77.062866,2026-01-17T15:27:00Z
Manual Upload,HUMINT,Field Report 1200,Ground report from field asset with directional notes.,28.48587,77.33984,2026-01-17T15:47:00Z
Manual Upload,HUMINT,Field Report 1201,Ground report from field asset with directional notes.,28.602541,77.008135,2026-01-17T16:07:00Z
Manual Upload,HUMINT,Field Report 1202,Ground report from field asset with directional notes.,28.80472,76.984541,2026-01-17T16:27:00Z
Manual Upload,HUMINT,Field Report 1203,Ground report from field asset with directional notes.,28.758908,76.995527,2026-01-17T16:47:00Z
Manual Upload,HUMINT,Field Report 1204,Ground report from field asset with directional notes.,28.60305,77.179949,2026-01-17T17:07:00Z
Manual Upload,HUMINT,Field Report 1205,Ground report from field asset with directional notes.,28.601918,77.008938,2026-01-17T17:27:00Z
Manual Upload,HUMINT,Field Report 1206,Ground report from field asset with directional notes.,28.658588,77.258147,2026-01-17T17:47:00Z
Manual Upload,HUMINT,Field Report 1207,Ground report from field asset with directional notes.,28.51388,76.963801,2026-01-17T18:07:00Z
Manual Upload,HUMINT,Field Report 1208,Ground report from field asset with directional notes.,28.578778,77.411494,2026-01-17T18:27:00Z
Manual Upload,HUMINT,Field Report 1209,Ground report from field asset with directional notes.,28.723891,77.180321,2026-01-17T18:47:00Z
Manual Upload,HUMINT,Field Report 1210,Ground report from field asset with directional notes.,28.685214,77.253469,2026-01-17T19:07:00Z
Manual Upload,HUMINT,Field Report 1211,Ground report from field asset with directional notes.,28.681366,77.336772,2026-01-17T19:27:00Z
Manual Upload,HUMINT,Field Report 1212,Ground report from field asset with directional notes.,28.860019,77.084874,2026-01-17T19:47:00Z
Manual Upload,HUMINT,Field Report 1213,Ground report from field asset with directional notes.,28.567484,77.094372,2026-01-17T20:07:00Z
Manual Upload,HUMINT,Field Report 1214,Ground report from field asset with directional notes.,28.679464,77.12332,2026-01-17T20:27:00Z
Manual Upload,HUMINT,Field Report 1215,Ground report from field asset with directional notes.,28.60554,77.100878,2026-01-17T20:47:00Z
Manual Upload,HUMINT,Field Report 1216,Ground report from field asset with directional notes.,28.68654,77.0911,2026-01-17T21:07:00Z
Manual Upload,HUMINT,Field Report 1217,Ground report from field asset with directional notes.,28.629995,77.129571,2026-01-17T21:27:00Z
Manual Upload,HUMINT,Field Report 1218,Ground report from field asset with directional notes.,28.702821,77.210531,2026-01-17T21:47:00Z
Manual Upload,HUMINT,Field Report 1219,Ground report from field asset with directional notes.,28.676861,77.014735,2026-01-17T22:07:00Z
Manual Upload,HUMINT,Field Report 1220,Ground report from field asset with directional notes.,28.742206,77.05009,2026-01-17T22:27:00Z
Manual Upload,HUMINT,Field Report 1221,Ground report from field asset with directional notes.,28.367159,77.405684,2026-01-17T22:47:00Z
Manual Upload,HUMINT,Field Report 1222,Ground report from field asset with directional notes.,28.618674,77.206894,2026-01-17T23:07:00Z
Manual Upload,HUMINT,Field Report 1223,Ground report from field asset with directional notes.,28.453298,77.339219,2026-01-17T23:27:00Z
Manual Upload,HUMINT,Field Report 1224,Ground report from field asset with directional notes.,28.700388,77.006284,2026-01-17T23:47:00Z
Manual Upload,HUMINT,Field Report 1225,Ground report from field asset with directional notes.,28.794915,77.130216,2026-01-18T00:07:00Z
Manual Upload,HUMINT,Field Report 1226,Ground report from field asset with directional notes.,28.707379,77.370279,2026-01-18T00:27:00Z
Manual Upload,HUMINT,Field Report 1227,Ground report from field asset with directional notes.,28.460698,77.013356,2026-01-18T00:47:00Z
Manual Upload,HUMINT,Field Report 1228,Ground report from field asset with directional notes.,28.479801,77.1126,2026-01-18T01:07:00Z
Manual Upload,HUMINT,Field Report 1229,Ground report from field asset with directional notes.,28.516592,77.34221,2026-01-18T01:27:00Z
Manual Upload,HUMINT,Field Report 1230,Ground report from field asset with directional notes.,28.599838,77.301373,2026-01-18T01:47:00Z
Manual Upload,HUMINT,Field Report 1231,Ground report from field asset with directional notes.,28.827676,77.064146,2026-01-18T02:07:00Z
Manual Upload,HUMINT,Field Report 1232,Ground report from field asset with directional notes.,28.699844,77.120883,2026-01-18T02:27:00Z
Manual Upload,HUMINT,Field Report 1233,Ground report from field asset with directional notes.,28.459852,77.15712,2026-01-18T02:47:00Z
Manual Upload,HUMINT,Field Report 1234,Ground report from field asset with directional notes.,28.449789,77.037972,2026-01-18T03:07:00Z
Manual Upload,HUMINT,Field Report 1235,Ground report from field asset with directional notes.,28.695195,77.121841,2026-01-18T03:27:00Z
Manual Upload,HUMINT,Field Report 1236,Ground report from field asset with directional notes.,28.622133,77.195888,2026-01-18T03:47:00Z
Manual Upload,HUMINT,Field Report 1237,Ground report from field asset with directional notes.,28.661515,77.167455,2026-01-18T04:07:00Z
Manual Upload,HUMINT,Field Report 1238,Ground report from field asset with directional notes.,28.727134,77.073362,2026-01-18T04:27:00Z
Manual Upload,HUMINT,Field Report 1239,Ground report from field asset with directional notes.,28.495328,77.426165,2026-01-18T04:47:00Z
Manual Upload,HUMINT,Field Report 1240,Ground report from field asset with directional notes.,28.78112,77.144396,2026-01-18T05:07:00Z
Manual Upload,HUMINT,Field Report 1241,Ground report from field asset with directional notes.,28.517016,77.322355,2026-01-18T05:27:00Z
Manual Upload,HUMINT,Field Report 1242,Ground report from field asset with directional notes.,28.778516,77.116673,2026-01-18T05:47:00Z
Manual Upload,HUMINT,Field Report 1243,Ground report from field asset with directional notes.,28.517908,77.240643,2026-01-18T06:07:00Z
Manual Upload,HUMINT,Field Report 1244,Ground report from field asset with directional notes.,28.745248,76.961836,2026-01-18T06:27:00Z
Manual Upload,HUMINT,Field Report 1245,Ground report from field asset with directional notes.,28.833894,76.986654,2026-01-18T06:47:00Z
Manual Upload,HUMINT,Field Report 1246,Ground report from field asset with directional notes.,28.568294,77.281896,2026-01-18T07:07:00Z
Manual Upload,HUMINT,Field Report 1247,Ground report from field asset with directional notes.,28.433865,77.187445,2026-01-18T07:27:00Z
Manual Upload,HUMINT,Field Report 1248,Ground report from field asset with directional notes.,28.501004,77.368267,2026-01-18T07:47:00Z
Manual Upload,HUMINT,Field Report 1249,Ground report from field asset with directional notes.,28.465007,77.290027,2026-01-18T08:07:00Z
Manual Upload,HUMINT,Field Report 1250,Ground report from field asset with directional notes.,28.491865,77.375276,2026-01-18T08:27:00Z
Manual Upload,HUMINT,Field Report 1251,Ground report from field asset with directional notes.,28.375739,77.172749,2026-01-18T08:47:00Z
Manual Upload,HUMINT,Field Report 1252,Ground report from field asset with directional notes.,28.555103,77.238034,2026-01-18T09:07:00Z
Manual Upload,HUMINT,Field Report 1253,Ground report from field asset with directional notes.,28.733408,77.357737,2026-01-18T09:27:00Z
Manual Upload,HUMINT,Field Report 1254,Ground report from field asset with directional notes.,28.672678,77.179052,2026-01-18T09:47:00Z
Manual Upload,HUMINT,Field Report 1255,Ground report from field asset with directional notes.,28.500882,76.996213,2026-01-18T10:07:00Z
Manual Upload,HUMINT,Field Report 1256,Ground report from field asset with directional notes.,28.444109,77.320425,2026-01-18T10:27:00Z
Manual Upload,HUMINT,Field Report 1257,Ground report from field asset with directional notes.,28.834647,77.25547,2026-01-18T10:47:00Z
Manual Upload,HUMINT,Field Report 1258,Ground report from field asset with directional notes.,28.839923,77.432354,2026-01-18T11:07:00Z
Manual Upload,HUMINT,Field Report 1259,Ground report from field asset with directional notes.,28.754514,77.154032,2026-01-18T11:27:00Z
Manual Upload,HUMINT,Field Report 1260,Ground report from field asset with directional notes.,28.843766,77.312244,2026-01-18T11:47:00Z
Manual Upload,HUMINT,Field Report 1261,Ground report from field asset with directional notes.,28.488823,77.452465,2026-01-18T12:07:00Z
Manual Upload,HUMINT,Field Report 1262,Ground report from field asset with directional notes.,28.656957,76.988658,2026-01-18T12:27:00Z
Manual Upload,HUMINT,Field Report 1263,Ground report from field asset with directional notes.,28.391957,77.130346,2026-01-18T12:47:00Z
Manual Upload,HUMINT,Field Report 1264,Ground report from field asset with directional notes.,28.632848,77.178062,2026-01-18T13:07:00Z
Manual Upload,HUMINT,Field Report 1265,Ground report from field asset with directional notes.,28.506018,77.19492,2026-01-18T13:27:00Z
Manual Upload,HUMINT,Field Report 1266,Ground report from field asset with directional notes.,28.804325,76.995994,2026-01-18T13:47:00Z
Manual Upload,HUMINT,Field Report 1267,Ground report from field asset with directional notes.,28.852489,77.325225,2026-01-18T14:07:00Z
Manual Upload,HUMINT,Field Report 1268,Ground report from field asset with directional notes.,28.776055,77.395975,2026-01-18T14:27:00Z
Manual Upload,HUMINT,Field Report 1269,Ground report from field asset with directional notes.,28.658804,77.246044,2026-01-18T14:47:00Z
Manual Upload,HUMINT,Field Report 1270,Ground report from field asset with directional notes.,28.644818,77.178131,2026-01-18T15:07:00Z
Manual Upload,HUMINT,Field Report 1271,Ground report from field asset with directional notes.,28.527821,77.232293,2026-01-18T15:27:00Z
Manual Upload,HUMINT,Field Report 1272,Ground report from field asset with directional notes.,28.694245,77.237337,2026-01-18T15:47:00Z
Manual Upload,HUMINT,Field Report 1273,Ground report from field asset with directional notes.,28.772555,77.303785,2026-01-18T16:07:00Z
Manual Upload,HUMINT,Field Report 1274,Ground report from field asset with directional notes.,28.434134,77.343953,2026-01-18T16:27:00Z
Manual Upload,HUMINT,Field Report 1275,Ground report from field asset with directional notes.,28.799263,77.308626,2026-01-18T16:47:00Z
Manual Upload,HUMINT,Field Report 1276,Ground report from field asset with directional notes.,28.733429,77.4376,2026-01-18T17:07:00Z
Manual Upload,HUMINT,Field Report 1277,Ground report from field asset with directional notes.,28.544515,77.345351,2026-01-18T17:27:00Z
Manual Upload,HUMINT,Field Report 1278,Ground report from field asset with directional notes.,28.737537,77.066406,2026-01-18T17:47:00Z
Manual Upload,HUMINT,Field Report 1279,Ground report from field asset with directional notes.,28.524534,77.072841,2026-01-18T18:07:00Z
Manual Upload,HUMINT,Field Report 1280,Ground report from field asset with directional notes.,28.545002,77.058493,2026-01-18T18:27:00Z
Manual Upload,HUMINT,Field Report 1281,Ground report from field asset with directional notes.,28.849619,77.088513,2026-01-18T18:47:00Z
Manual Upload,HUMINT,Field Report 1282,Ground report from field asset with directional notes.,28.665708,77.425341,2026-01-18T19:07:00Z
Manual Upload,HUMINT,Field Report 1283,Ground report from field asset with directional notes.,28.434035,77.28012,2026-01-18T19:27:00Z
Manual Upload,HUMINT,Field Report 1284,Ground report from field asset with directional notes.,28.577565,77.362032,2026-01-18T19:47:00Z
Manual Upload,HUMINT,Field Report 1285,Ground report from field asset with directional notes.,28.762948,77.374837,2026-01-18T20:07:00Z
Manual Upload,HUMINT,Field Report 1286,Ground report from field asset with directional notes.,28.394043,77.453822,2026-01-18T20:27:00Z
Manual Upload,HUMINT,Field Report 1287,Ground report from field asset with directional notes.,28.550637,77.241857,2026-01-18T20:47:00Z
Manual Upload,HUMINT,Field Report 1288,Ground report from field asset with directional notes.,28.861727,77.438894,2026-01-18T21:07:00Z
Manual Upload,HUMINT,Field Report 1289,Ground report from field asset with directional notes.,28.80044,77.122535,2026-01-18T21:27:00Z
Manual Upload,HUMINT,Field Report 1290,Ground report from field asset with directional notes.,28.633305,77.100323,2026-01-18T21:47:00Z
Manual Upload,HUMINT,Field Report 1291,Ground report from field asset with directional notes.,28.530776,76.992555,2026-01-18T22:07:00Z
Manual Upload,HUMINT,Field Report 1292,Ground report from field asset with directional notes.,28.401676,77.005072,2026-01-18T22:27:00Z
Manual Upload,HUMINT,Field Report 1293,Ground report from field asset with directional notes.,28.643045,77.015167,2026-01-18T22:47:00Z
Manual Upload,HUMINT,Field Report 1294,Ground report from field asset with directional notes.,28.443012,77.21575,2026-01-18T23:07:00Z
Manual Upload,HUMINT,Field Report 1295,Ground report from field asset with directional notes.,28.789643,77.245963,2026-01-18T23:27:00Z
Manual Upload,HUMINT,Field Report 1296,Ground report from field asset with directional notes.,28.598123,77.284087,2026-01-18T23:47:00Z
Manual Upload,HUMINT,Field Report 1297,Ground report from field asset with directional notes.,28.459344,76.995542,2026-01-19T00:07:00Z
Manual Upload,HUMINT,Field Report 1298,Ground report from field asset with directional notes.,28.705877,77.367878,2026-01-19T00:27:00Z
Manual Upload,HUMINT,Field Report 1299,Ground report from field asset with directional notes.,28.596758,77.403678,2026-01-19T00:47:00Z
Manual Upload,HUMINT,Field Report 1300,Ground report from field asset with directional notes.,28.861075,77.035103,2026-01-19T01:07:00Z
Manual Upload,HUMINT,Field Report 1301,Ground report from field asset with directional notes.,28.529115,77.049837,2026-01-19T01:27:00Z
Manual Upload,HUMINT,Field Report 1302,Ground report from field asset with directional notes.,28.651512,77.186024,2026-01-19T01:47:00Z
Manual Upload,HUMINT,Field Report 1303,Ground report from field asset with directional notes.,28.754456,77.328729,2026-01-19T02:07:00Z
Manual Upload,HUMINT,Field Report 1304,Ground report from field asset with directional notes.,28.838152,77.403698,2026-01-19T02:27:00Z
Manual Upload,HUMINT,Field Report 1305,Ground report from field asset with directional notes.,28.564633,77.105907,2026-01-19T02:47:00Z
Manual Upload,HUMINT,Field Report 1306,Ground report from field asset with directional notes.,28.675745,77.153974,2026-01-19T03:07:00Z
Manual Upload,HUMINT,Field Report 1307,Ground report from field asset with directional notes.,28.368169,77.120192,2026-01-19T03:27:00Z
Manual Upload,HUMINT,Field Report 1308,Ground report from field asset with directional notes.,28.439147,77.386787,2026-01-19T03:47:00Z
Manual Upload,HUMINT,Field Report 1309,Ground report from field asset with directional notes.,28.656088,77.342889,2026-01-19T04:07:00Z
Manual Upload,HUMINT,Field Report 1310,Ground report from field asset with directional notes.,28.630082,77.285806,2026-01-19T04:27:00Z
Manual Upload,HUMINT,Field Report 1311,Ground report from field asset with directional notes.,28.464066,77.369762,2026-01-19T04:47:00Z
Manual Upload,HUMINT,Field Report 1312,Ground report from field asset with directional notes.,28.826578,77.405622,2026-01-19T05:07:00Z
Manual Upload,HUMINT,Field Report 1313,Ground report from field asset with directional notes.,28.721352,77.247428,2026-01-19T05:27:00Z
Manual Upload,HUMINT,Field Report 1314,Ground report from field asset with directional notes.,28.458324,77.033142,2026-01-19T05:47:00Z
Manual Upload,HUMINT,Field Report 1315,Ground report from field asset with directional notes.,28.518141,77.009448,2026-01-19T06:07:00Z
Manual Upload,HUMINT,Field Report 1316,Ground report from field asset with directional notes.,28.630611,77.431247,2026-01-19T06:27:00Z
Manual Upload,HUMINT,Field Report 1317,Ground report from field asset with directional notes.,28.383626,77.022662,2026-01-19T06:47:00Z
Manual Upload,HUMINT,Field Report 1318,Ground report from field asset with directional notes.,28.53816,76.993633,2026-01-19T07:07:00Z
Manual Upload,HUMINT,Field Report 1319,Ground report from field asset with directional notes.,28.799178,77.423233,2026-01-19T07:27:00Z
Manual Upload,HUMINT,Field Report 1320,Ground report from field asset with directional notes.,28.692984,77.059851,2026-01-19T07:47:00Z
Manual Upload,HUMINT,Field Report 1321,Ground report from field asset with directional notes.,28.445544,77.454502,2026-01-19T08:07:00Z
Manual Upload,HUMINT,Field Report 1322,Ground report from field asset with directional notes.,28.480389,77.418939,2026-01-19T08:27:00Z
Manual Upload,HUMINT,Field Report 1323,Ground report from field asset with directional notes.,28.750073,76.972648,2026-01-19T08:47:00Z
Manual Upload,HUMINT,Field Report 1324,Ground report from field asset with directional notes.,28.802719,77.431193,2026-01-19T09:07:00Z
Manual Upload,HUMINT,Field Report 1325,Ground report from field asset with directional notes.,28.425455,77.433007,2026-01-19T09:27:00Z
Manual Upload,HUMINT,Field Report 1326,Ground report from field asset with directional notes.,28.376612,77.392766,2026-01-19T09:47:00Z
Manual Upload,HUMINT,Field Report 1327,Ground report from field asset with directional notes.,28.790994,77.063292,2026-01-19T10:07:00Z
Manual Upload,HUMINT,Field Report 1328,Ground report from field asset with directional notes.,28.388507,77.178273,2026-01-19T10:27:00Z
Manual Upload,HUMINT,Field Report 1329,Ground report from field asset with directional notes.,28.463219,77.344492,2026-01-19T10:47:00Z
Manual Upload,HUMINT,Field Report 1330,Ground report from field asset with directional notes.,28.659009,77.021325,2026-01-19T11:07:00Z
Manual Upload,HUMINT,Field Report 1331,Ground report from field asset with directional notes.,28.848522,77.212352,2026-01-19T11:27:00Z
Manual Upload,HUMINT,Field Report 1332,Ground report from field asset with directional notes.,28.653052,77.217248,2026-01-19T11:47:00Z
Manual Upload,HUMINT,Field Report 1333,Ground report from field asset with directional notes.,28.445341,77.063819,2026-01-19T12:07:00Z
Manual Upload,HUMINT,Field Report 1334,Ground report from field asset with directional notes.,28.834248,77.329321,2026-01-19T12:27:00Z
Manual Upload,HUMINT,Field Report 1335,Ground report from field asset with directional notes.,28.543095,77.456679,2026-01-19T12:47:00Z
Manual Upload,HUMINT,Field Report 1336,Ground report from field asset with directional notes.,28.571464,77.064164,2026-01-19T13:07:00Z
Manual Upload,HUMINT,Field Report 1337,Ground report from field asset with directional notes.,28.409295,77.212455,2026-01-19T13:27:00Z
Manual Upload,HUMINT,Field Report 1338,Ground report from field asset with directional notes.,28.602889,77.213368,2026-01-19T13:47:00Z
Manual Upload,HUMINT,Field Report 1339,Ground report from field asset with directional notes.,28.836348,76.967073,2026-01-19T14:07:00Z
Manual Upload,HUMINT,Field Report 1340,Ground report from field asset with directional notes.,28.553915,77.169007,2026-01-19T14:27:00Z
Manual Upload,HUMINT,Field Report 1341,Ground report from field asset with directional notes.,28.844684,77.009033,2026-01-19T14:47:00Z
Manual Upload,HUMINT,Field Report 1342,Ground report from field asset with directional notes.,28.544096,77.113991,2026-01-19T15:07:00Z
Manual Upload,HUMINT,Field Report 1343,Ground report from field asset with directional notes.,28.396553,77.43197,2026-01-19T15:27:00Z
Manual Upload,HUMINT,Field Report 1344,Ground report from field asset with directional notes.,28.689901,77.073679,2026-01-19T15:47:00Z
Manual Upload,HUMINT,Field Report 1345,Ground report from field asset with directional notes.,28.714507,77.284216,2026-01-19T16:07:00Z
Manual Upload,HUMINT,Field Report 1346,Ground report from field asset with directional notes.,28.768985,77.396971,2026-01-19T16:27:00Z
Manual Upload,HUMINT,Field Report 1347,Ground report from field asset with directional notes.,28.371825,77.441117,2026-01-19T16:47:00Z
Manual Upload,HUMINT,Field Report 1348,Ground report from field asset with directional notes.,28.728715,77.407666,2026-01-19T17:07:00Z
Manual Upload,HUMINT,Field Report 1349,Ground report from field asset with directional notes.,28.386585,77.382707,2026-01-19T17:27:00Z
Manual Upload,HUMINT,Field Report 1350,Ground report from field asset with directional notes.,28.452579,76.963637,2026-01-19T17:47:00Z
Manual Upload,HUMINT,Field Report 1351,Ground report from field asset with directional notes.,28.623211,77.02911,2026-01-19T18:07:00Z
Manual Upload,HUMINT,Field Report 1352,Ground report from field asset with directional notes.,28.598806,76.978495,2026-01-19T18:27:00Z
Manual Upload,HUMINT,Field Report 1353,Ground report from field asset with directional notes.,28.662002,77.063913,2026-01-19T18:47:00Z
Manual Upload,HUMINT,Field Report 1354,Ground report from field asset with directional notes.,28.733825,77.105542,2026-01-19T19:07:00Z
Manual Upload,HUMINT,Field Report 1355,Ground report from field asset with directional notes.,28.672678,77.370625,2026-01-19T19:27:00Z
Manual Upload,HUMINT,Field Report 1356,Ground report from field asset with directional notes.,28.57352,77.046319,2026-01-19T19:47:00Z
Manual Upload,HUMINT,Field Report 1357,Ground report from field asset with directional notes.,28.6232,77.03469,2026-01-19T20:07:00Z
Manual Upload,HUMINT,Field Report 1358,Ground report from field asset with directional notes.,28.768609,77.293334,2026-01-19T20:27:00Z
Manual Upload,HUMINT,Field Report 1359,Ground report from field asset with directional notes.,28.546434,77.421477,2026-01-19T20:47:00Z
Manual Upload,HUMINT,Field Report 1360,Ground report from field asset with directional notes.,28.757178,76.97399,2026-01-19T21:07:00Z
Manual Upload,HUMINT,Field Report 1361,Ground report from field asset with directional notes.,28.465938,77.160827,2026-01-19T21:27:00Z
Manual Upload,HUMINT,Field Report 1362,Ground report from field asset with directional notes.,28.550492,77.379712,2026-01-19T21:47:00Z
Manual Upload,HUMINT,Field Report 1363,Ground report from field asset with directional notes.,28.674857,76.973239,2026-01-19T22:07:00Z
Manual Upload,HUMINT,Field Report 1364,Ground report from field asset with directional notes.,28.376815,76.973248,2026-01-19T22:27:00Z
Manual Upload,HUMINT,Field Report 1365,Ground report from field asset with directional notes.,28.599151,77.326475,2026-01-19T22:47:00Z
Manual Upload,HUMINT,Field Report 1366,Ground report from field asset with directional notes.,28.43607,77.162827,2026-01-19T23:07:00Z
Manual Upload,HUMINT,Field Report 1367,Ground report from field asset with directional notes.,28.633637,77.340251,2026-01-19T23:27:00Z
Manual Upload,HUMINT,Field Report 1368,Ground report from field asset with directional notes.,28.725161,77.04387,2026-01-19T23:47:00Z
Manual Upload,HUMINT,Field Report 1369,Ground report from field asset with directional notes.,28.413958,77.133333,2026-01-20T00:07:00Z
Manual Upload,HUMINT,Field Report 1370,Ground report from field asset with directional notes.,28.47525,77.168941,2026-01-20T00:27:00Z
Manual Upload,HUMINT,Field Report 1371,Ground report from field asset with directional notes.,28.397063,77.443365,2026-01-20T00:47:00Z
Manual Upload,HUMINT,Field Report 1372,Ground report from field asset with directional notes.,28.596117,77.166538,2026-01-20T01:07:00Z
Manual Upload,HUMINT,Field Report 1373,Ground report from field asset with directional notes.,28.812972,77.179208,2026-01-20T01:27:00Z
Manual Upload,HUMINT,Field Report 1374,Ground report from field asset with directional notes.,28.792358,77.363713,2026-01-20T01:47:00Z
Manual Upload,HUMINT,Field Report 1375,Ground report from field asset with directional notes.,28.364261,77.197122,2026-01-20T02:07:00Z
Manual Upload,HUMINT,Field Report 1376,Ground report from field asset with directional notes.,28.813674,77.087431,2026-01-20T02:27:00Z
Manual Upload,HUMINT,Field Report 1377,Ground report from field asset with directional notes.,28.525338,77.228993,2026-01-20T02:47:00Z
Manual Upload,HUMINT,Field Report 1378,Ground report from field asset with directional notes.,28.842353,77.293216,2026-01-20T03:07:00Z
Manual Upload,HUMINT,Field Report 1379,Ground report from field asset with directional notes.,28.412099,77.205401,2026-01-20T03:27:00Z
Manual Upload,HUMINT,Field Report 1380,Ground report from field asset with directional notes.,28.779445,77.24462,2026-01-20T03:47:00Z
Manual Upload,HUMINT,Field Report 1381,Ground report from field asset with directional notes.,28.426816,77.216367,2026-01-20T04:07:00Z
Manual Upload,HUMINT,Field Report 1382,Ground report from field asset with directional notes.,28.766624,77.030298,2026-01-20T04:27:00Z
Manual Upload,HUMINT,Field Report 1383,Ground report from field asset with directional notes.,28.693505,77.330593,2026-01-20T04:47:00Z
Manual Upload,HUMINT,Field Report 1384,Ground report from field asset with directional notes.,28.722534,77.10015,2026-01-20T05:07:00Z
Manual Upload,HUMINT,Field Report 1385,Ground report from field asset with directional notes.,28.671407,77.083889,2026-01-20T05:27:00Z
Manual Upload,HUMINT,Field Report 1386,Ground report from field asset with directional notes.,28.489235,77.324015,2026-01-20T05:47:00Z
Manual Upload,HUMINT,Field Report 1387,Ground report from field asset with directional notes.,28.514454,77.31423,2026-01-20T06:07:00Z
Manual Upload,HUMINT,Field Report 1388,Ground report from field asset with directional notes.,28.594975,77.254392,2026-01-20T06:27:00Z
Manual Upload,HUMINT,Field Report 1389,Ground report from field asset with directional notes.,28.622352,77.452821,2026-01-20T06:47:00Z
Manual Upload,HUMINT,Field Report 1390,Ground report from field asset with directional notes.,28.497263,77.408766,2026-01-20T07:07:00Z
Manual Upload,HUMINT,Field Report 1391,Ground report from field asset with directional notes.,28.527872,77.146385,2026-01-20T07:27:00Z
Manual Upload,HUMINT,Field Report 1392,Ground report from field asset with directional notes.,28.43651,77.327205,2026-01-20T07:47:00Z
Manual Upload,HUMINT,Field Report 1393,Ground report from field asset with directional notes.,28.789274,77.332968,2026-01-20T08:07:00Z
Manual Upload,HUMINT,Field Report 1394,Ground report from field asset with directional notes.,28.763786,77.27494,2026-01-20T08:27:00Z
Manual Upload,HUMINT,Field Report 1395,Ground report from field asset with directional notes.,28.760997,77.448765,2026-01-20T08:47:00Z
Manual Upload,HUMINT,Field Report 1396,Ground report from field asset with directional notes.,28.371061,77.276315,2026-01-20T09:07:00Z
Manual Upload,HUMINT,Field Report 1397,Ground report from field asset with directional notes.,28.78159,77.077915,2026-01-20T09:27:00Z
Manual Upload,HUMINT,Field Report 1398,Ground report from field asset with directional notes.,28.562282,76.964856,2026-01-20T09:47:00Z
Manual Upload,HUMINT,Field Report 1399,Ground report from field asset with directional notes.,28.604288,77.38784,2026-01-20T10:07:00Z
Manual Upload,HUMINT,Field Report 1400,Ground report from field asset with directional notes.,28.457774,77.393763,2026-01-20T10:27:00Z
Manual Upload,HUMINT,Field Report 1401,Ground report from field asset with directional notes.,28.84929,77.161828,2026-01-20T10:47:00Z
Manual Upload,HUMINT,Field Report 1402,Ground report from field asset with directional notes.,28.860249,77.185597,2026-01-20T11:07:00Z
Manual Upload,HUMINT,Field Report 1403,Ground report from field asset with directional notes.,28.495302,77.178931,2026-01-20T11:27:00Z
Manual Upload,HUMINT,Field Report 1404,Ground report from field asset with directional notes.,28.73638,77.28673,2026-01-20T11:47:00Z
Manual Upload,HUMINT,Field Report 1405,Ground report from field asset with directional notes.,28.621145,77.127675,2026-01-20T12:07:00Z
Manual Upload,HUMINT,Field Report 1406,Ground report from field asset with directional notes.,28.862243,77.05216,2026-01-20T12:27:00Z
Manual Upload,HUMINT,Field Report 1407,Ground report from field asset with directional notes.,28.534391,77.394986,2026-01-20T12:47:00Z
Manual Upload,HUMINT,Field Report 1408,Ground report from field asset with directional notes.,28.749904,77.187158,2026-01-20T13:07:00Z
Manual Upload,HUMINT,Field Report 1409,Ground report from field asset with directional notes.,28.412152,77.387107,2026-01-20T13:27:00Z
Manual Upload,HUMINT,Field Report 1410,Ground report from field asset with directional notes.,28.745535,77.090432,2026-01-20T13:47:00Z
Manual Upload,HUMINT,Field Report 1411,Ground report from field asset with directional notes.,28.754877,77.172257,2026-01-20T14:07:00Z
Manual Upload,HUMINT,Field Report 1412,Ground report from field asset with directional notes.,28.376607,77.230659,2026-01-20T14:27:00Z
Manual Upload,HUMINT,Field Report 1413,Ground report from field asset with directional notes.,28.411192,77.446544,2026-01-20T14:47:00Z
Manual Upload,HUMINT,Field Report 1414,Ground report from field asset with directional notes.,28.778939,77.019139,2026-01-20T15:07:00Z
Manual Upload,HUMINT,Field Report 1415,Ground report from field asset with directional notes.,28.720248,77.02215,2026-01-20T15:27:00Z
Manual Upload,HUMINT,Field Report 1416,Ground report from field asset with directional notes.,28.537712,77.185282,2026-01-20T15:47:00Z
Manual Upload,HUMINT,Field Report 1417,Ground report from field asset with directional notes.,28.640549,77.428774,2026-01-20T16:07:00Z
Manual Upload,HUMINT,Field Report 1418,Ground report from field asset with directional notes.,28.847046,77.44484,2026-01-20T16:27:00Z
Manual Upload,HUMINT,Field Report 1419,Ground report from field asset with directional notes.,28.455206,77.369013,2026-01-20T16:47:00Z
Manual Upload,HUMINT,Field Report 1420,Ground report from field asset with directional notes.,28.806712,77.214452,2026-01-20T17:07:00Z
Manual Upload,HUMINT,Field Report 1421,Ground report from field asset with directional notes.,28.434754,77.299287,2026-01-20T17:27:00Z
Manual Upload,HUMINT,Field Report 1422,Ground report from field asset with directional notes.,28.751856,77.058339,2026-01-20T17:47:00Z
Manual Upload,HUMINT,Field Report 1423,Ground report from field asset with directional notes.,28.736198,77.221787,2026-01-20T18:07:00Z
Manual Upload,HUMINT,Field Report 1424,Ground report from field asset with directional notes.,28.753869,77.240442,2026-01-20T18:27:00Z
Manual Upload,HUMINT,Field Report 1425,Ground report from field asset with directional notes.,28.629181,76.982498,2026-01-20T18:47:00Z
Manual Upload,HUMINT,Field Report 1426,Ground report from field asset with directional notes.,28.630478,77.228729,2026-01-20T19:07:00Z
Manual Upload,HUMINT,Field Report 1427,Ground report from field asset with directional notes.,28.710747,77.457587,2026-01-20T19:27:00Z
Manual Upload,HUMINT,Field Report 1428,Ground report from field asset with directional notes.,28.447277,77.038375,2026-01-20T19:47:00Z
Manual Upload,HUMINT,Field Report 1429,Ground report from field asset with directional notes.,28.704098,77.276454,2026-01-20T20:07:00Z
Manual Upload,HUMINT,Field Report 1430,Ground report from field asset with directional notes.,28.79337,77.072129,2026-01-20T20:27:00Z
Manual Upload,HUMINT,Field Report 1431,Ground report from field asset with directional notes.,28.829224,77.317043,2026-01-20T20:47:00Z
Manual Upload,HUMINT,Field Report 1432,Ground report from field asset with directional notes.,28.634311,77.436565,2026-01-20T21:07:00Z
Manual Upload,HUMINT,Field Report 1433,Ground report from field asset with directional notes.,28.575908,77.060098,2026-01-20T21:27:00Z
Manual Upload,HUMINT,Field Report 1434,Ground report from field asset with directional notes.,28.388356,77.443573,2026-01-20T21:47:00Z
Manual Upload,HUMINT,Field Report 1435,Ground report from field asset with directional notes.,28.564336,77.153886,2026-01-20T22:07:00Z
Manual Upload,HUMINT,Field Report 1436,Ground report from field asset with directional notes.,28.624774,77.169632,2026-01-20T22:27:00Z
Manual Upload,HUMINT,Field Report 1437,Ground report from field asset with directional notes.,28.602173,77.119961,2026-01-20T22:47:00Z
Manual Upload,HUMINT,Field Report 1438,Ground report from field asset with directional notes.,28.724674,77.108997,2026-01-20T23:07:00Z
Manual Upload,HUMINT,Field Report 1439,Ground report from field asset with directional notes.,28.401335,77.313171,2026-01-20T23:27:00Z
Manual Upload,HUMINT,Field Report 1440,Ground report from field asset with directional notes.,28.69796,77.063377,2026-01-20T23:47:00Z
Manual Upload,HUMINT,Field Report 1441,Ground report from field asset with directional notes.,28.73063,77.255992,2026-01-21T00:07:00Z
Manual Upload,HUMINT,Field Report 1442,Ground report from field asset with directional notes.,28.397307,77.336585,2026-01-21T00:27:00Z
Manual Upload,HUMINT,Field Report 1443,Ground report from field asset with directional notes.,28.434052,77.199466,2026-01-21T00:47:00Z
Manual Upload,HUMINT,Field Report 1444,Ground report from field asset with directional notes.,28.444026,77.445048,2026-01-21T01:07:00Z
Manual Upload,HUMINT,Field Report 1445,Ground report from field asset with directional notes.,28.852128,77.448173,2026-01-21T01:27:00Z
Manual Upload,HUMINT,Field Report 1446,Ground report from field asset with directional notes.,28.559519,77.038722,2026-01-21T01:47:00Z
Manual Upload,HUMINT,Field Report 1447,Ground report from field asset with directional notes.,28.573405,77.254708,2026-01-21T02:07:00Z
Manual Upload,HUMINT,Field Report 1448,Ground report from field asset with directional notes.,28.488187,77.134204,2026-01-21T02:27:00Z
Manual Upload,HUMINT,Field Report 1449,Ground report from field asset with directional notes.,28.477053,77.433525,2026-01-21T02:47:00Z
Manual Upload,HUMINT,Field Report 1450,Ground report from field asset with directional notes.,28.43412,77.15972,2026-01-21T03:07:00Z
Manual Upload,HUMINT,Field Report 1451,Ground report from field asset with directional notes.,28.726889,77.251965,2026-01-21T03:27:00Z
Manual Upload,HUMINT,Field Report 1452,Ground report from field asset with directional notes.,28.700059,77.061916,2026-01-21T03:47:00Z
Manual Upload,HUMINT,Field Report 1453,Ground report from field asset with directional notes.,28.435104,77.096735,2026-01-21T04:07:00Z
Manual Upload,HUMINT,Field Report 1454,Ground report from field asset with directional notes.,28.527635,77.277378,2026-01-21T04:27:00Z
Manual Upload,HUMINT,Field Report 1455,Ground report from field asset with directional notes.,28.62421,77.22112,2026-01-21T04:47:00Z
Manual Upload,HUMINT,Field Report 1456,Ground report from field asset with directional notes.,28.749729,77.258223,2026-01-21T05:07:00Z
Manual Upload,HUMINT,Field Report 1457,Ground report from field asset with directional notes.,28.479991,77.178136,2026-01-21T05:27:00Z
Manual Upload,HUMINT,Field Report 1458,Ground report from field asset with directional notes.,28.77502,77.22963,2026-01-21T05:47:00Z
Manual Upload,HUMINT,Field Report 1459,Ground report from field asset with directional notes.,28.668918,77.035838,2026-01-21T06:07:00Z
Manual Upload,HUMINT,Field Report 1460,Ground report from field asset with directional notes.,28.804013,77.336125,2026-01-21T06:27:00Z
Manual Upload,HUMINT,Field Report 1461,Ground report from field asset with directional notes.,28.723903,77.396618,2026-01-21T06:47:00Z
Manual Upload,HUMINT,Field Report 1462,Ground report from field asset with directional notes.,28.838644,76.979486,2026-01-21T07:07:00Z
Manual Upload,HUMINT,Field Report 1463,Ground report from field asset with directional notes.,28.782889,77.086726,2026-01-21T07:27:00Z
Manual Upload,HUMINT,Field Report 1464,Ground report from field asset with directional notes.,28.677349,77.171955,2026-01-21T07:47:00Z
Manual Upload,HUMINT,Field Report 1465,Ground report from field asset with directional notes.,28.448128,77.31388,2026-01-21T08:07:00Z
Manual Upload,HUMINT,Field Report 1466,Ground report from field asset with directional notes.,28.796653,77.202652,2026-01-21T08:27:00Z
Manual Upload,HUMINT,Field Report 1467,Ground report from field asset with directional notes.,28.509453,77.22042,2026-01-21T08:47:00Z
Manual Upload,HUMINT,Field Report 1468,Ground report from field asset with directional notes.,28.408186,77.32488,2026-01-21T09:07:00Z
Manual Upload,HUMINT,Field Report 1469,Ground report from field asset with directional notes.,28.843767,77.391543,2026-01-21T09:27:00Z
Manual Upload,HUMINT,Field Report 1470,Ground report from field asset with directional notes.,28.484546,77.383983,2026-01-21T09:47:00Z
Manual Upload,HUMINT,Field Report 1471,Ground report from field asset with directional notes.,28.611166,77.3098,2026-01-21T10:07:00Z
Manual Upload,HUMINT,Field Report 1472,Ground report from field asset with directional notes.,28.580139,76.987326,2026-01-21T10:27:00Z
Manual Upload,HUMINT,Field Report 1473,Ground report from field asset with directional notes.,28.416495,77.343973,2026-01-21T10:47:00Z
Manual Upload,HUMINT,Field Report 1474,Ground report from field asset with directional notes.,28.785062,77.325221,2026-01-21T11:07:00Z
Manual Upload,HUMINT,Field Report 1475,Ground report from field asset with directional notes.,28.816266,77.279133,2026-01-21T11:27:00Z
Manual Upload,HUMINT,Field Report 1476,Ground report from field asset with directional notes.,28.528315,77.292489,2026-01-21T11:47:00Z
Manual Upload,HUMINT,Field Report 1477,Ground report from field asset with directional notes.,28.489525,77.137331,2026-01-21T12:07:00Z
Manual Upload,HUMINT,Field Report 1478,Ground report from field asset with directional notes.,28.370363,77.315548,2026-01-21T12:27:00Z
Manual Upload,HUMINT,Field Report 1479,Ground report from field asset with directional notes.,28.606674,77.251892,2026-01-21T12:47:00Z
Manual Upload,HUMINT,Field Report 1480,Ground report from field asset with directional notes.,28.474594,77.175884,2026-01-21T13:07:00Z
Manual Upload,HUMINT,Field Report 1481,Ground report from field asset with directional notes.,28.496777,77.457651,2026-01-21T13:27:00Z
Manual Upload,HUMINT,Field Report 1482,Ground report from field asset with directional notes.,28.77703,77.202931,2026-01-21T13:47:00Z
Manual Upload,HUMINT,Field Report 1483,Ground report from field asset with directional notes.,28.66722,77.24181,2026-01-21T14:07:00Z
Manual Upload,HUMINT,Field Report 1484,Ground report from field asset with directional notes.,28.667214,77.394197,2026-01-21T14:27:00Z
Manual Upload,HUMINT,Field Report 1485,Ground report from field asset with directional notes.,28.697679,76.980051,2026-01-21T14:47:00Z
Manual Upload,HUMINT,Field Report 1486,Ground report from field asset with directional notes.,28.417799,77.378103,2026-01-21T15:07:00Z
Manual Upload,HUMINT,Field Report 1487,Ground report from field asset with directional notes.,28.685239,77.008288,2026-01-21T15:27:00Z
Manual Upload,HUMINT,Field Report 1488,Ground report from field asset with directional notes.,28.411357,77.442365,2026-01-21T15:47:00Z
Manual Upload,HUMINT,Field Report 1489,Ground report from field asset with directional notes.,28.483207,77.249061,2026-01-21T16:07:00Z
Manual Upload,HUMINT,Field Report 1490,Ground report from field asset with directional notes.,28.718553,77.260903,2026-01-21T16:27:00Z
Manual Upload,HUMINT,Field Report 1491,Ground report from field asset with directional notes.,28.771542,77.318145,2026-01-21T16:47:00Z
Manual Upload,HUMINT,Field Report 1492,Ground report from field asset with directional notes.,28.383832,77.282544,2026-01-21T17:07:00Z
Manual Upload,HUMINT,Field Report 1493,Ground report from field asset with directional notes.,28.584023,77.189371,2026-01-21T17:27:00Z
Manual Upload,HUMINT,Field Report 1494,Ground report from field asset with directional notes.,28.795606,76.977638,2026-01-21T17:47:00Z
Manual Upload,HUMINT,Field Report 1495,Ground report from field asset with directional notes.,28.563246,77.36161,2026-01-21T18:07:00Z
Manual Upload,HUMINT,Field Report 1496,Ground report from field asset with directional notes.,28.736093,77.174899,2026-01-21T18:27:00Z
Manual Upload,HUMINT,Field Report 1497,Ground report from field asset with directional notes.,28.817941,77.06702,2026-01-21T18:47:00Z
Manual Upload,HUMINT,Field Report 1498,Ground report from field asset with directional notes.,28.454269,77.274261,2026-01-21T19:07:00Z
Manual Upload,HUMINT,Field Report 1499,Ground report from field asset with directional notes.,28.528381,77.105138,2026-01-21T19:27:00Z
Manual Upload,HUMINT,Field Report 1500,Ground report from field asset with directional notes.,28.569972,76.973187,2026-01-21T19:47:00Z
Manual Upload,HUMINT,Field Report 1501,Ground report from field asset with directional notes.,28.592212,77.404472,2026-01-21T20:07:00Z
Manual Upload,HUMINT,Field Report 1502,Ground report from field asset with directional notes.,28.543194,77.300506,2026-01-21T20:27:00Z
Manual Upload,HUMINT,Field Report 1503,Ground report from field asset with directional notes.,28.540089,77.441794,2026-01-21T20:47:00Z
Manual Upload,HUMINT,Field Report 1504,Ground report from field asset with directional notes.,28.502216,77.350855,2026-01-21T21:07:00Z
Manual Upload,HUMINT,Field Report 1505,Ground report from field asset with directional notes.,28.526156,77.308552,2026-01-21T21:27:00Z
Manual Upload,HUMINT,Field Report 1506,Ground report from field asset with directional notes.,28.681304,77.343306,2026-01-21T21:47:00Z
Manual Upload,HUMINT,Field Report 1507,Ground report from field asset with directional notes.,28.444196,77.238239,2026-01-21T22:07:00Z
Manual Upload,HUMINT,Field Report 1508,Ground report from field asset with directional notes.,28.795641,77.283143,2026-01-21T22:27:00Z
Manual Upload,HUMINT,Field Report 1509,Ground report from field asset with directional notes.,28.734252,77.33566,2026-01-21T22:47:00Z
Manual Upload,HUMINT,Field Report 1510,Ground report from field asset with directional notes.,28.754384,77.045029,2026-01-21T23:07:00Z
Manual Upload,HUMINT,Field Report 1511,Ground report from field asset with directional notes.,28.613818,77.003435,2026-01-21T23:27:00Z
Manual Upload,HUMINT,Field Report 1512,Ground report from field asset with directional notes.,28.539802,77.228117,2026-01-21T23:47:00Z
Manual Upload,HUMINT,Field Report 1513,Ground report from field asset with directional notes.,28.766478,77.441952,2026-01-22T00:07:00Z
Manual Upload,HUMINT,Field Report 1514,Ground report from field asset with directional notes.,28.522167,77.111918,2026-01-22T00:27:00Z
Manual Upload,HUMINT,Field Report 1515,Ground report from field asset with directional notes.,28.820986,77.004216,2026-01-22T00:47:00Z
Manual Upload,HUMINT,Field Report 1516,Ground report from field asset with directional notes.,28.566933,77.2699,2026-01-22T01:07:00Z
Manual Upload,HUMINT,Field Report 1517,Ground report from field asset with directional notes.,28.683638,77.337282,2026-01-22T01:27:00Z
Manual Upload,HUMINT,Field Report 1518,Ground report from field asset with directional notes.,28.464975,77.386988,2026-01-22T01:47:00Z
Manual Upload,HUMINT,Field Report 1519,Ground report from field asset with directional notes.,28.60662,77.127501,2026-01-22T02:07:00Z
Manual Upload,HUMINT,Field Report 1520,Ground report from field asset with directional notes.,28.582785,77.139732,2026-01-22T02:27:00Z
Manual Upload,HUMINT,Field Report 1521,Ground report from field asset with directional notes.,28.443509,77.043272,2026-01-22T02:47:00Z
Manual Upload,HUMINT,Field Report 1522,Ground report from field asset with directional notes.,28.371864,77.053895,2026-01-22T03:07:00Z
Manual Upload,HUMINT,Field Report 1523,Ground report from field asset with directional notes.,28.519164,77.21206,2026-01-22T03:27:00Z
Manual Upload,HUMINT,Field Report 1524,Ground report from field asset with directional notes.,28.685054,77.107102,2026-01-22T03:47:00Z
Manual Upload,HUMINT,Field Report 1525,Ground report from field asset with directional notes.,28.643861,77.047954,2026-01-22T04:07:00Z
Manual Upload,HUMINT,Field Report 1526,Ground report from field asset with directional notes.,28.673135,76.996968,2026-01-22T04:27:00Z
Manual Upload,HUMINT,Field Report 1527,Ground report from field asset with directional notes.,28.410582,77.314833,2026-01-22T04:47:00Z
Manual Upload,HUMINT,Field Report 1528,Ground report from field asset with directional notes.,28.821249,77.290595,2026-01-22T05:07:00Z
Manual Upload,HUMINT,Field Report 1529,Ground report from field asset with directional notes.,28.790004,77.031883,2026-01-22T05:27:00Z
Manual Upload,HUMINT,Field Report 1530,Ground report from field asset with directional notes.,28.533982,77.1359,2026-01-22T05:47:00Z
Manual Upload,HUMINT,Field Report 1531,Ground report from field asset with directional notes.,28.430416,77.15162,2026-01-22T06:07:00Z
Manual Upload,HUMINT,Field Report 1532,Ground report from field asset with directional notes.,28.786405,77.327141,2026-01-22T06:27:00Z
Manual Upload,HUMINT,Field Report 1533,Ground report from field asset with directional notes.,28.802132,77.358244,2026-01-22T06:47:00Z
Manual Upload,HUMINT,Field Report 1534,Ground report from field asset with directional notes.,28.67061,77.444373,2026-01-22T07:07:00Z
Manual Upload,HUMINT,Field Report 1535,Ground report from field asset with directional notes.,28.525818,77.071412,2026-01-22T07:27:00Z
Manual Upload,HUMINT,Field Report 1536,Ground report from field asset with directional notes.,28.776967,77.081952,2026-01-22T07:47:00Z
Manual Upload,HUMINT,Field Report 1537,Ground report from field asset with directional notes.,28.441406,77.455339,2026-01-22T08:07:00Z
Manual Upload,HUMINT,Field Report 1538,Ground report from field asset with directional notes.,28.37708,77.071234,2026-01-22T08:27:00Z
Manual Upload,HUMINT,Field Report 1539,Ground report from field asset with directional notes.,28.71144,77.068488,2026-01-22T08:47:00Z
Manual Upload,HUMINT,Field Report 1540,Ground report from field asset with directional notes.,28.801468,77.179178,2026-01-22T09:07:00Z
Manual Upload,HUMINT,Field Report 1541,Ground report from field asset with directional notes.,28.769663,77.031688,2026-01-22T09:27:00Z
Manual Upload,HUMINT,Field Report 1542,Ground report from field asset with directional notes.,28.512297,77.441295,2026-01-22T09:47:00Z
Manual Upload,HUMINT,Field Report 1543,Ground report from field asset with directional notes.,28.792666,77.200637,2026-01-22T10:07:00Z
Manual Upload,HUMINT,Field Report 1544,Ground report from field asset with directional notes.,28.583375,77.237161,2026-01-22T10:27:00Z
Manual Upload,HUMINT,Field Report 1545,Ground report from field asset with directional notes.,28.863086,77.05512,2026-01-22T10:47:00Z
Manual Upload,HUMINT,Field Report 1546,Ground report from field asset with directional notes.,28.456929,77.218286,2026-01-22T11:07:00Z
Manual Upload,HUMINT,Field Report 1547,Ground report from field asset with directional notes.,28.563708,77.246728,2026-01-22T11:27:00Z
Manual Upload,HUMINT,Field Report 1548,Ground report from field asset with directional notes.,28.815071,77.152552,2026-01-22T11:47:00Z
Manual Upload,HUMINT,Field Report 1549,Ground report from field asset with directional notes.,28.494646,77.357399,2026-01-22T12:07:00Z
Manual Upload,HUMINT,Field Report 1550,Ground report from field asset with directional notes.,28.545884,77.359863,2026-01-22T12:27:00Z
Manual Upload,HUMINT,Field Report 1551,Ground report from field asset with directional notes.,28.579557,77.141257,2026-01-22T12:47:00Z
Manual Upload,HUMINT,Field Report 1552,Ground report from field asset with directional notes.,28.826653,77.076353,2026-01-22T13:07:00Z
Manual Upload,HUMINT,Field Report 1553,Ground report from field asset with directional notes.,28.634085,76.99752,2026-01-22T13:27:00Z
Manual Upload,HUMINT,Field Report 1554,Ground report from field asset with directional notes.,28.7105,77.119831,2026-01-22T13:47:00Z
Manual Upload,HUMINT,Field Report 1555,Ground report from field asset with directional notes.,28.777624,77.310217,2026-01-22T14:07:00Z
Manual Upload,HUMINT,Field Report 1556,Ground report from field asset with directional notes.,28.761679,77.248479,2026-01-22T14:27:00Z
Manual Upload,HUMINT,Field Report 1557,Ground report from field asset with directional notes.,28.412211,77.41774,2026-01-22T14:47:00Z
Manual Upload,HUMINT,Field Report 1558,Ground report from field asset with directional notes.,28.856652,77.313177,2026-01-22T15:07:00Z
Manual Upload,HUMINT,Field Report 1559,Ground report from field asset with directional notes.,28.63158,77.011404,2026-01-22T15:27:00Z
Manual Upload,HUMINT,Field Report 1560,Ground report from field asset with directional notes.,28.777047,77.072912,2026-01-22T15:47:00Z
Manual Upload,HUMINT,Field Report 1561,Ground report from field asset with directional notes.,28.538071,77.310072,2026-01-22T16:07:00Z
Manual Upload,HUMINT,Field Report 1562,Ground report from field asset with directional notes.,28.852147,77.369539,2026-01-22T16:27:00Z
Manual Upload,HUMINT,Field Report 1563,Ground report from field asset with directional notes.,28.475882,77.093567,2026-01-22T16:47:00Z
Manual Upload,HUMINT,Field Report 1564,Ground report from field asset with directional notes.,28.782207,77.189119,2026-01-22T17:07:00Z
Manual Upload,HUMINT,Field Report 1565,Ground report from field asset with directional notes.,28.582835,77.254531,2026-01-22T17:27:00Z
Manual Upload,HUMINT,Field Report 1566,Ground report from field asset with directional notes.,28.396229,77.456894,2026-01-22T17:47:00Z
Manual Upload,HUMINT,Field Report 1567,Ground report from field asset with directional notes.,28.374958,77.183234,2026-01-22T18:07:00Z
Manual Upload,HUMINT,Field Report 1568,Ground report from field asset with directional notes.,28.689039,77.406921,2026-01-22T18:27:00Z
Manual Upload,HUMINT,Field Report 1569,Ground report from field asset with directional notes.,28.602213,77.312155,2026-01-22T18:47:00Z
Manual Upload,HUMINT,Field Report 1570,Ground report from field asset with directional notes.,28.395788,77.136206,2026-01-22T19:07:00Z
Manual Upload,HUMINT,Field Report 1571,Ground report from field asset with directional notes.,28.841267,77.097045,2026-01-22T19:27:00Z
Manual Upload,HUMINT,Field Report 1572,Ground report from field asset with directional notes.,28.489906,77.407264,2026-01-22T19:47:00Z
Manual Upload,HUMINT,Field Report 1573,Ground report from field asset with directional notes.,28.377688,77.257869,2026-01-22T20:07:00Z
Manual Upload,HUMINT,Field Report 1574,Ground report from field asset with directional notes.,28.579315,77.341183,2026-01-22T20:27:00Z
Manual Upload,HUMINT,Field Report 1575,Ground report from field asset with directional notes.,28.430578,77.157123,2026-01-22T20:47:00Z
Manual Upload,HUMINT,Field Report 1576,Ground report from field asset with directional notes.,28.6948,77.113913,2026-01-22T21:07:00Z
Manual Upload,HUMINT,Field Report 1577,Ground report from field asset with directional notes.,28.712503,77.111331,2026-01-22T21:27:00Z
Manual Upload,HUMINT,Field Report 1578,Ground report from field asset with directional notes.,28.480182,77.358208,2026-01-22T21:47:00Z
Manual Upload,HUMINT,Field Report 1579,Ground report from field asset with directional notes.,28.617877,77.162571,2026-01-22T22:07:00Z
Manual Upload,HUMINT,Field Report 1580,Ground report from field asset with directional notes.,28.74705,77.449089,2026-01-22T22:27:00Z
Manual Upload,HUMINT,Field Report 1581,Ground report from field asset with directional notes.,28.657336,77.390367,2026-01-22T22:47:00Z
Manual Upload,HUMINT,Field Report 1582,Ground report from field asset with directional notes.,28.849344,76.985485,2026-01-22T23:07:00Z
Manual Upload,HUMINT,Field Report 1583,Ground report from field asset with directional notes.,28.741133,77.252724,2026-01-22T23:27:00Z
Manual Upload,HUMINT,Field Report 1584,Ground report from field asset with directional notes.,28.75121,76.994507,2026-01-22T23:47:00Z
Manual Upload,HUMINT,Field Report 1585,Ground report from field asset with directional notes.,28.395714,77.165856,2026-01-23T00:07:00Z
Manual Upload,HUMINT,Field Report 1586,Ground report from field asset with directional notes.,28.444504,77.056309,2026-01-23T00:27:00Z
Manual Upload,HUMINT,Field Report 1587,Ground report from field asset with directional notes.,28.853791,77.345867,2026-01-23T00:47:00Z
Manual Upload,HUMINT,Field Report 1588,Ground report from field asset with directional notes.,28.858695,77.37687,2026-01-23T01:07:00Z
Manual Upload,HUMINT,Field Report 1589,Ground report from field asset with directional notes.,28.378644,77.423413,2026-01-23T01:27:00Z
Manual Upload,HUMINT,Field Report 1590,Ground report from field asset with directional notes.,28.728234,77.124895,2026-01-23T01:47:00Z
Manual Upload,HUMINT,Field Report 1591,Ground report from field asset with directional notes.,28.410981,77.160778,2026-01-23T02:07:00Z
Manual Upload,HUMINT,Field Report 1592,Ground report from field asset with directional notes.,28.714364,77.301677,2026-01-23T02:27:00Z
Manual Upload,HUMINT,Field Report 1593,Ground report from field asset with directional notes.,28.766357,77.149645,2026-01-23T02:47:00Z
Manual Upload,HUMINT,Field Report 1594,Ground report from field asset with directional notes.,28.601104,77.382633,2026-01-23T03:07:00Z
Manual Upload,HUMINT,Field Report 1595,Ground report from field asset with directional notes.,28.455395,77.114598,2026-01-23T03:27:00Z
Manual Upload,HUMINT,Field Report 1596,Ground report from field asset with directional notes.,28.452605,77.17418,2026-01-23T03:47:00Z
Manual Upload,HUMINT,Field Report 1597,Ground report from field asset with directional notes.,28.489907,77.004367,2026-01-23T04:07:00Z
Manual Upload,HUMINT,Field Report 1598,Ground report from field asset with directional notes.,28.494153,77.059304,2026-01-23T04:27:00Z
Manual Upload,HUMINT,Field Report 1599,Ground report from field asset with directional notes.,28.5395,77.282613,2026-01-23T04:47:00Z
Manual Upload,HUMINT,Field Report 1600,Ground report from field asset with directional notes.,28.404684,77.184864,2026-01-23T05:07:00Z
Manual Upload,HUMINT,Field Report 1601,Ground report from field asset with directional notes.,28.410914,77.087884,2026-01-23T05:27:00Z
Manual Upload,HUMINT,Field Report 1602,Ground report from field asset with directional notes.,28.803551,76.98945,2026-01-23T05:47:00Z
Manual Upload,HUMINT,Field Report 1603,Ground report from field asset with directional notes.,28.642464,77.300355,2026-01-23T06:07:00Z
Manual Upload,HUMINT,Field Report 1604,Ground report from field asset with directional notes.,28.411645,76.959864,2026-01-23T06:27:00Z
Manual Upload,HUMINT,Field Report 1605,Ground report from field asset with directional notes.,28.856464,76.965289,2026-01-23T06:47:00Z
Manual Upload,HUMINT,Field Report 1606,Ground report from field asset with directional notes.,28.52733,77.112132,2026-01-23T07:07:00Z
Manual Upload,HUMINT,Field Report 1607,Ground report from field asset with directional notes.,28.763919,77.243039,2026-01-23T07:27:00Z
Manual Upload,HUMINT,Field Report 1608,Ground report from field asset with directional notes.,28.551318,76.993695,2026-01-23T07:47:00Z
Manual Upload,HUMINT,Field Report 1609,Ground report from field asset with directional notes.,28.450096,77.277241,2026-01-23T08:07:00Z
Manual Upload,HUMINT,Field Report 1610,Ground report from field asset with directional notes.,28.613001,77.226607,2026-01-23T08:27:00Z
Manual Upload,HUMINT,Field Report 1611,Ground report from field asset with directional notes.,28.851787,77.007483,2026-01-23T08:47:00Z
Manual Upload,HUMINT,Field Report 1612,Ground report from field asset with directional notes.,28.705491,77.036336,2026-01-23T09:07:00Z
Manual Upload,HUMINT,Field Report 1613,Ground report from field asset with directional notes.,28.550984,77.047464,2026-01-23T09:27:00Z
Manual Upload,HUMINT,Field Report 1614,Ground report from field asset with directional notes.,28.584249,77.381987,2026-01-23T09:47:00Z
Manual Upload,HUMINT,Field Report 1615,Ground report from field asset with directional notes.,28.749892,77.212664,2026-01-23T10:07:00Z
Manual Upload,HUMINT,Field Report 1616,Ground report from field asset with directional notes.,28.771081,77.181553,2026-01-23T10:27:00Z
Manual Upload,HUMINT,Field Report 1617,Ground report from field asset with directional notes.,28.674941,77.426647,2026-01-23T10:47:00Z
Manual Upload,HUMINT,Field Report 1618,Ground report from field asset with directional notes.,28.808017,77.355824,2026-01-23T11:07:00Z
Manual Upload,HUMINT,Field Report 1619,Ground report from field asset with directional notes.,28.424042,77.426124,2026-01-23T11:27:00Z
Manual Upload,HUMINT,Field Report 1620,Ground report from field asset with directional notes.,28.831416,77.012887,2026-01-23T11:47:00Z
Manual Upload,HUMINT,Field Report 1621,Ground report from field asset with directional notes.,28.705416,77.254053,2026-01-23T12:07:00Z
Manual Upload,HUMINT,Field Report 1622,Ground report from field asset with directional notes.,28.447593,77.008861,2026-01-23T12:27:00Z
Manual Upload,HUMINT,Field Report 1623,Ground report from field asset with directional notes.,28.46048,77.036626,2026-01-23T12:47:00Z
Manual Upload,HUMINT,Field Report 1624,Ground report from field asset with directional notes.,28.670496,77.127698,2026-01-23T13:07:00Z
Manual Upload,HUMINT,Field Report 1625,Ground report from field asset with directional notes.,28.591234,77.288244,2026-01-23T13:27:00Z
Manual Upload,HUMINT,Field Report 1626,Ground report from field asset with directional notes.,28.779785,77.351031,2026-01-23T13:47:00Z
Manual Upload,HUMINT,Field Report 1627,Ground report from field asset with directional notes.,28.835906,77.293353,2026-01-23T14:07:00Z
Manual Upload,HUMINT,Field Report 1628,Ground report from field asset with directional notes.,28.396632,77.082111,2026-01-23T14:27:00Z
Manual Upload,HUMINT,Field Report 1629,Ground report from field asset with directional notes.,28.434591,77.439194,2026-01-23T14:47:00Z
Manual Upload,HUMINT,Field Report 1630,Ground report from field asset with directional notes.,28.609284,77.356027,2026-01-23T15:07:00Z
Manual Upload,HUMINT,Field Report 1631,Ground report from field asset with directional notes.,28.384695,76.988312,2026-01-23T15:27:00Z
Manual Upload,HUMINT,Field Report 1632,Ground report from field asset with directional notes.,28.855073,77.199212,2026-01-23T15:47:00Z
Manual Upload,HUMINT,Field Report 1633,Ground report from field asset with directional notes.,28.785701,77.28883,2026-01-23T16:07:00Z
Manual Upload,HUMINT,Field Report 1634,Ground report from field asset with directional notes.,28.741206,77.254567,2026-01-23T16:27:00Z
Manual Upload,HUMINT,Field Report 1635,Ground report from field asset with directional notes.,28.787787,77.004477,2026-01-23T16:47:00Z
Manual Upload,HUMINT,Field Report 1636,Ground report from field asset with directional notes.,28.691302,77.414934,2026-01-23T17:07:00Z
Manual Upload,HUMINT,Field Report 1637,Ground report from field asset with directional notes.,28.645398,77.310103,2026-01-23T17:27:00Z
Manual Upload,HUMINT,Field Report 1638,Ground report from field asset with directional notes.,28.624736,77.337462,2026-01-23T17:47:00Z
Manual Upload,HUMINT,Field Report 1639,Ground report from field asset with directional notes.,28.685499,77.100281,2026-01-23T18:07:00Z
Manual Upload,HUMINT,Field Report 1640,Ground report from field asset with directional notes.,28.431638,77.340761,2026-01-23T18:27:00Z
Manual Upload,HUMINT,Field Report 1641,Ground report from field asset with directional notes.,28.51038,77.27217,2026-01-23T18:47:00Z
Manual Upload,HUMINT,Field Report 1642,Ground report from field asset with directional notes.,28.566019,77.147533,2026-01-23T19:07:00Z
Manual Upload,HUMINT,Field Report 1643,Ground report from field asset with directional notes.,28.609133,77.20462,2026-01-23T19:27:00Z
Manual Upload,HUMINT,Field Report 1644,Ground report from field asset with directional notes.,28.524657,77.201052,2026-01-23T19:47:00Z
Manual Upload,HUMINT,Field Report 1645,Ground report from field asset with directional notes.,28.558304,77.207807,2026-01-23T20:07:00Z
Manual Upload,HUMINT,Field Report 1646,Ground report from field asset with directional notes.,28.75708,77.102597,2026-01-23T20:27:00Z
Manual Upload,HUMINT,Field Report 1647,Ground report from field asset with directional notes.,28.705926,76.986558,2026-01-23T20:47:00Z
Manual Upload,HUMINT,Field Report 1648,Ground report from field asset with directional notes.,28.779529,77.053039,2026-01-23T21:07:00Z
Manual Upload,HUMINT,Field Report 1649,Ground report from field asset with directional notes.,28.408494,77.405046,2026-01-23T21:27:00Z
Manual Upload,HUMINT,Field Report 1650,Ground report from field asset with directional notes.,28.737826,77.244637,2026-01-23T21:47:00Z
Manual Upload,HUMINT,Field Report 1651,Ground report from field asset with directional notes.,28.450579,77.115827,2026-01-23T22:07:00Z
Manual Upload,HUMINT,Field Report 1652,Ground report from field asset with directional notes.,28.387878,76.972982,2026-01-23T22:27:00Z
Manual Upload,HUMINT,Field Report 1653,Ground report from field asset with directional notes.,28.847284,77.151451,2026-01-23T22:47:00Z
Manual Upload,HUMINT,Field Report 1654,Ground report from field asset with directional notes.,28.539783,77.227882,2026-01-23T23:07:00Z
Manual Upload,HUMINT,Field Report 1655,Ground report from field asset with directional notes.,28.775773,77.301083,2026-01-23T23:27:00Z
Manual Upload,HUMINT,Field Report 1656,Ground report from field asset with directional notes.,28.580802,77.213187,2026-01-23T23:47:00Z
Manual Upload,HUMINT,Field Report 1657,Ground report from field asset with directional notes.,28.78851,77.213373,2026-01-24T00:07:00Z
Manual Upload,HUMINT,Field Report 1658,Ground report from field asset with directional notes.,28.704467,76.98136,2026-01-24T00:27:00Z
Manual Upload,HUMINT,Field Report 1659,Ground report from field asset with directional notes.,28.471147,77.187617,2026-01-24T00:47:00Z
Manual Upload,HUMINT,Field Report 1660,Ground report from field asset with directional notes.,28.456753,77.069784,2026-01-24T01:07:00Z
Manual Upload,HUMINT,Field Report 1661,Ground report from field asset with directional notes.,28.524055,77.316017,2026-01-24T01:27:00Z
Manual Upload,HUMINT,Field Report 1662,Ground report from field asset with directional notes.,28.611538,77.244573,2026-01-24T01:47:00Z
Manual Upload,HUMINT,Field Report 1663,Ground report from field asset with directional notes.,28.670409,76.981617,2026-01-24T02:07:00Z
Manual Upload,HUMINT,Field Report 1664,Ground report from field asset with directional notes.,28.554644,77.40916,2026-01-24T02:27:00Z
Manual Upload,HUMINT,Field Report 1665,Ground report from field asset with directional notes.,28.422066,77.104221,2026-01-24T02:47:00Z
Manual Upload,HUMINT,Field Report 1666,Ground report from field asset with directional notes.,28.816098,77.288797,2026-01-24T03:07:00Z
Manual Upload,HUMINT,Field Report 1667,Ground report from field asset with directional notes.,28.821522,77.124375,2026-01-24T03:27:00Z
Manual Upload,HUMINT,Field Report 1668,Ground report from field asset with directional notes.,28.452429,77.153958,2026-01-24T03:47:00Z
Manual Upload,HUMINT,Field Report 1669,Ground report from field asset with directional notes.,28.478086,77.417792,2026-01-24T04:07:00Z
Manual Upload,HUMINT,Field Report 1670,Ground report from field asset with directional notes.,28.564879,77.036964,2026-01-24T04:27:00Z
Manual Upload,HUMINT,Field Report 1671,Ground report from field asset with directional notes.,28.663276,77.269882,2026-01-24T04:47:00Z
Manual Upload,HUMINT,Field Report 1672,Ground report from field asset with directional notes.,28.492993,77.420089,2026-01-24T05:07:00Z
Manual Upload,HUMINT,Field Report 1673,Ground report from field asset with directional notes.,28.704098,77.314086,2026-01-24T05:27:00Z
Manual Upload,HUMINT,Field Report 1674,Ground report from field asset with directional notes.,28.814944,77.11387,2026-01-24T05:47:00Z
Manual Upload,HUMINT,Field Report 1675,Ground report from field asset with directional notes.,28.834036,77.285668,2026-01-24T06:07:00Z
Manual Upload,HUMINT,Field Report 1676,Ground report from field asset with directional notes.,28.820768,77.163602,2026-01-24T06:27:00Z
Manual Upload,HUMINT,Field Report 1677,Ground report from field asset with directional notes.,28.369014,77.370777,2026-01-24T06:47:00Z
Manual Upload,HUMINT,Field Report 1678,Ground report from field asset with directional notes.,28.552466,77.380317,2026-01-24T07:07:00Z
Manual Upload,HUMINT,Field Report 1679,Ground report from field asset with directional notes.,28.458648,77.348613,2026-01-24T07:27:00Z
Manual Upload,HUMINT,Field Report 1680,Ground report from field asset with directional notes.,28.490613,76.964215,2026-01-24T07:47:00Z
Manual Upload,HUMINT,Field Report 1681,Ground report from field asset with directional notes.,28.710162,76.9799,2026-01-24T08:07:00Z
Manual Upload,HUMINT,Field Report 1682,Ground report from field asset with directional notes.,28.747463,77.023444,2026-01-24T08:27:00Z
Manual Upload,HUMINT,Field Report 1683,Ground report from field asset with directional notes.,28.70865,76.994262,2026-01-24T08:47:00Z
Manual Upload,HUMINT,Field Report 1684,Ground report from field asset with directional notes.,28.42109,77.038462,2026-01-24T09:07:00Z
Manual Upload,HUMINT,Field Report 1685,Ground report from field asset with directional notes.,28.759495,76.99225,2026-01-24T09:27:00Z
Manual Upload,HUMINT,Field Report 1686,Ground report from field asset with directional notes.,28.63237,77.042683,2026-01-24T09:47:00Z
Manual Upload,HUMINT,Field Report 1687,Ground report from field asset with directional notes.,28.733946,77.436659,2026-01-24T10:07:00Z
Manual Upload,HUMINT,Field Report 1688,Ground report from field asset with directional notes.,28.721412,77.30651,2026-01-24T10:27:00Z
Manual Upload,HUMINT,Field Report 1689,Ground report from field asset with directional notes.,28.506303,77.102219,2026-01-24T10:47:00Z
Manual Upload,HUMINT,Field Report 1690,Ground report from field asset with directional notes.,28.791654,77.08975,2026-01-24T11:07:00Z
Manual Upload,HUMINT,Field Report 1691,Ground report from field asset with directional notes.,28.744395,77.156453,2026-01-24T11:27:00Z
Manual Upload,HUMINT,Field Report 1692,Ground report from field asset with directional notes.,28.8067,77.060063,2026-01-24T11:47:00Z
Manual Upload,HUMINT,Field Report 1693,Ground report from field asset with directional notes.,28.407152,77.382227,2026-01-24T12:07:00Z
Manual Upload,HUMINT,Field Report 1694,Ground report from field asset with directional notes.,28.464294,77.218113,2026-01-24T12:27:00Z
Manual Upload,HUMINT,Field Report 1695,Ground report from field asset with directional notes.,28.381748,77.19841,2026-01-24T12:47:00Z
Manual Upload,HUMINT,Field Report 1696,Ground report from field asset with directional notes.,28.419603,76.978016,2026-01-24T13:07:00Z
Manual Upload,HUMINT,Field Report 1697,Ground report from field asset with directional notes.,28.557932,77.000804,2026-01-24T13:27:00Z
Manual Upload,HUMINT,Field Report 1698,Ground report from field asset with directional notes.,28.710708,76.9927,2026-01-24T13:47:00Z
Manual Upload,HUMINT,Field Report 1699,Ground report from field asset with directional notes.,28.581874,77.144451,2026-01-24T14:07:00Z
Manual Upload,HUMINT,Field Report 1700,Ground report from field asset with directional notes.,28.733073,77.180012,2026-01-24T14:27:00Z
Manual Upload,HUMINT,Field Report 1701,Ground report from field asset with directional notes.,28.748463,77.290438,2026-01-24T14:47:00Z
Manual Upload,HUMINT,Field Report 1702,Ground report from field asset with directional notes.,28.61571,77.446254,2026-01-24T15:07:00Z
Manual Upload,HUMINT,Field Report 1703,Ground report from field asset with directional notes.,28.748175,77.321455,2026-01-24T15:27:00Z
Manual Upload,HUMINT,Field Report 1704,Ground report from field asset with directional notes.,28.385779,76.966106,2026-01-24T15:47:00Z
Manual Upload,HUMINT,Field Report 1705,Ground report from field asset with directional notes.,28.440255,77.388744,2026-01-24T16:07:00Z
Manual Upload,HUMINT,Field Report 1706,Ground report from field asset with directional notes.,28.489301,77.046765,2026-01-24T16:27:00Z
Manual Upload,HUMINT,Field Report 1707,Ground report from field asset with directional notes.,28.594918,77.409781,2026-01-24T16:47:00Z
Manual Upload,HUMINT,Field Report 1708,Ground report from field asset with directional notes.,28.392114,77.149017,2026-01-24T17:07:00Z
Manual Upload,HUMINT,Field Report 1709,Ground report from field asset with directional notes.,28.837311,77.211797,2026-01-24T17:27:00Z
Manual Upload,HUMINT,Field Report 1710,Ground report from field asset with directional notes.,28.476518,77.272607,2026-01-24T17:47:00Z
Manual Upload,HUMINT,Field Report 1711,Ground report from field asset with directional notes.,28.531844,77.319591,2026-01-24T18:07:00Z
Manual Upload,HUMINT,Field Report 1712,Ground report from field asset with directional notes.,28.376555,77.179265,2026-01-24T18:27:00Z
Manual Upload,HUMINT,Field Report 1713,Ground report from field asset with directional notes.,28.785611,77.25983,2026-01-24T18:47:00Z
Manual Upload,HUMINT,Field Report 1714,Ground report from field asset with directional notes.,28.507803,77.039549,2026-01-24T19:07:00Z
Manual Upload,HUMINT,Field Report 1715,Ground report from field asset with directional notes.,28.637462,77.117777,2026-01-24T19:27:00Z
Manual Upload,HUMINT,Field Report 1716,Ground report from field asset with directional notes.,28.419583,76.991566,2026-01-24T19:47:00Z
Manual Upload,HUMINT,Field Report 1717,Ground report from field asset with directional notes.,28.622924,76.967731,2026-01-24T20:07:00Z
Manual Upload,HUMINT,Field Report 1718,Ground report from field asset with directional notes.,28.724141,77.32104,2026-01-24T20:27:00Z
Manual Upload,HUMINT,Field Report 1719,Ground report from field asset with directional notes.,28.524728,76.978215,2026-01-24T20:47:00Z
Manual Upload,HUMINT,Field Report 1720,Ground report from field asset with directional notes.,28.81466,77.301158,2026-01-24T21:07:00Z
Manual Upload,HUMINT,Field Report 1721,Ground report from field asset with directional notes.,28.366851,76.96071,2026-01-24T21:27:00Z
Manual Upload,HUMINT,Field Report 1722,Ground report from field asset with directional notes.,28.393109,77.152764,2026-01-24T21:47:00Z
Manual Upload,HUMINT,Field Report 1723,Ground report from field asset with directional notes.,28.647377,77.387502,2026-01-24T22:07:00Z
Manual Upload,HUMINT,Field Report 1724,Ground report from field asset with directional notes.,28.744988,76.976598,2026-01-24T22:27:00Z
Manual Upload,HUMINT,Field Report 1725,Ground report from field asset with directional notes.,28.636691,76.968897,2026-01-24T22:47:00Z
Manual Upload,HUMINT,Field Report 1726,Ground report from field asset with directional notes.,28.775899,77.197214,2026-01-24T23:07:00Z
Manual Upload,HUMINT,Field Report 1727,Ground report from field asset with directional notes.,28.649646,77.152027,2026-01-24T23:27:00Z
Manual Upload,HUMINT,Field Report 1728,Ground report from field asset with directional notes.,28.706705,77.152384,2026-01-24T23:47:00Z
Manual Upload,HUMINT,Field Report 1729,Ground report from field asset with directional notes.,28.819021,77.077835,2026-01-25T00:07:00Z
Manual Upload,HUMINT,Field Report 1730,Ground report from field asset with directional notes.,28.609181,77.084021,2026-01-25T00:27:00Z
Manual Upload,HUMINT,Field Report 1731,Ground report from field asset with directional notes.,28.853966,77.277349,2026-01-25T00:47:00Z
Manual Upload,HUMINT,Field Report 1732,Ground report from field asset with directional notes.,28.603465,77.408288,2026-01-25T01:07:00Z
Manual Upload,HUMINT,Field Report 1733,Ground report from field asset with directional notes.,28.591012,77.398722,2026-01-25T01:27:00Z
Manual Upload,HUMINT,Field Report 1734,Ground report from field asset with directional notes.,28.47582,77.102432,2026-01-25T01:47:00Z
Manual Upload,HUMINT,Field Report 1735,Ground report from field asset with directional notes.,28.729389,77.44052,2026-01-25T02:07:00Z
Manual Upload,HUMINT,Field Report 1736,Ground report from field asset with directional notes.,28.558126,77.087605,2026-01-25T02:27:00Z
Manual Upload,HUMINT,Field Report 1737,Ground report from field asset with directional notes.,28.444058,77.329003,2026-01-25T02:47:00Z
Manual Upload,HUMINT,Field Report 1738,Ground report from field asset with directional notes.,28.579768,77.108929,2026-01-25T03:07:00Z
Manual Upload,HUMINT,Field Report 1739,Ground report from field asset with directional notes.,28.385177,77.164186,2026-01-25T03:27:00Z
Manual Upload,HUMINT,Field Report 1740,Ground report from field asset with directional notes.,28.803803,77.384842,2026-01-25T03:47:00Z
Manual Upload,HUMINT,Field Report 1741,Ground report from field asset with directional notes.,28.857645,77.021512,2026-01-25T04:07:00Z
Manual Upload,HUMINT,Field Report 1742,Ground report from field asset with directional notes.,28.67715,77.06305,2026-01-25T04:27:00Z
Manual Upload,HUMINT,Field Report 1743,Ground report from field asset with directional notes.,28.566796,77.400811,2026-01-25T04:47:00Z
Manual Upload,HUMINT,Field Report 1744,Ground report from field asset with directional notes.,28.594191,77.185156,2026-01-25T05:07:00Z
Manual Upload,HUMINT,Field Report 1745,Ground report from field asset with directional notes.,28.840087,77.190759,2026-01-25T05:27:00Z
Manual Upload,HUMINT,Field Report 1746,Ground report from field asset with directional notes.,28.532801,77.291687,2026-01-25T05:47:00Z
Manual Upload,HUMINT,Field Report 1747,Ground report from field asset with directional notes.,28.430457,77.223968,2026-01-25T06:07:00Z
Manual Upload,HUMINT,Field Report 1748,Ground report from field asset with directional notes.,28.486904,77.315295,2026-01-25T06:27:00Z
Manual Upload,HUMINT,Field Report 1749,Ground report from field asset with directional notes.,28.648093,77.433003,2026-01-25T06:47:00Z
Manual Upload,HUMINT,Field Report 1750,Ground report from field asset with directional notes.,28.728553,77.351063,2026-01-25T07:07:00Z
Manual Upload,HUMINT,Field Report 1751,Ground report from field asset with directional notes.,28.545607,77.190688,2026-01-25T07:27:00Z
Manual Upload,HUMINT,Field Report 1752,Ground report from field asset with directional notes.,28.795119,77.355039,2026-01-25T07:47:00Z
Manual Upload,HUMINT,Field Report 1753,Ground report from field asset with directional notes.,28.551308,77.112449,2026-01-25T08:07:00Z
Manual Upload,HUMINT,Field Report 1754,Ground report from field asset with directional notes.,28.560315,77.194116,2026-01-25T08:27:00Z
Manual Upload,HUMINT,Field Report 1755,Ground report from field asset with directional notes.,28.635314,77.18516,2026-01-25T08:47:00Z
Manual Upload,HUMINT,Field Report 1756,Ground report from field asset with directional notes.,28.816238,77.436866,2026-01-25T09:07:00Z
Manual Upload,HUMINT,Field Report 1757,Ground report from field asset with directional notes.,28.798955,77.165059,2026-01-25T09:27:00Z
Manual Upload,HUMINT,Field Report 1758,Ground report from field asset with directional notes.,28.463605,77.127842,2026-01-25T09:47:00Z
Manual Upload,HUMINT,Field Report 1759,Ground report from field asset with directional notes.,28.808862,77.288826,2026-01-25T10:07:00Z
Manual Upload,HUMINT,Field Report 1760,Ground report from field asset with directional notes.,28.832461,77.174892,2026-01-25T10:27:00Z
Manual Upload,HUMINT,Field Report 1761,Ground report from field asset with directional notes.,28.8355,76.970918,2026-01-25T10:47:00Z
Manual Upload,HUMINT,Field Report 1762,Ground report from field asset with directional notes.,28.467127,77.242696,2026-01-25T11:07:00Z
Manual Upload,HUMINT,Field Report 1763,Ground report from field asset with directional notes.,28.45007,77.450816,2026-01-25T11:27:00Z
Manual Upload,HUMINT,Field Report 1764,Ground report from field asset with directional notes.,28.704215,77.34362,2026-01-25T11:47:00Z
Manual Upload,HUMINT,Field Report 1765,Ground report from field asset with directional notes.,28.684519,77.246535,2026-01-25T12:07:00Z
Manual Upload,HUMINT,Field Report 1766,Ground report from field asset with directional notes.,28.764318,77.034342,2026-01-25T12:27:00Z
Manual Upload,HUMINT,Field Report 1767,Ground report from field asset with directional notes.,28.522145,77.081849,2026-01-25T12:47:00Z
Manual Upload,HUMINT,Field Report 1768,Ground report from field asset with directional notes.,28.733133,77.34031,2026-01-25T13:07:00Z
Manual Upload,HUMINT,Field Report 1769,Ground report from field asset with directional notes.,28.607242,77.264179,2026-01-25T13:27:00Z
Manual Upload,HUMINT,Field Report 1770,Ground report from field asset with directional notes.,28.745596,77.224294,2026-01-25T13:47:00Z
Manual Upload,HUMINT,Field Report 1771,Ground report from field asset with directional notes.,28.677943,76.976651,2026-01-25T14:07:00Z
Manual Upload,HUMINT,Field Report 1772,Ground report from field asset with directional notes.,28.412432,76.99168,2026-01-25T14:27:00Z
Manual Upload,HUMINT,Field Report 1773,Ground report from field asset with directional notes.,28.374633,77.419086,2026-01-25T14:47:00Z
Manual Upload,HUMINT,Field Report 1774,Ground report from field asset with directional notes.,28.798632,77.124754,2026-01-25T15:07:00Z
Manual Upload,HUMINT,Field Report 1775,Ground report from field asset with directional notes.,28.408873,77.424781,2026-01-25T15:27:00Z
Manual Upload,HUMINT,Field Report 1776,Ground report from field asset with directional notes.,28.542248,77.330792,2026-01-25T15:47:00Z
Manual Upload,HUMINT,Field Report 1777,Ground report from field asset with directional notes.,28.842878,77.112781,2026-01-25T16:07:00Z
Manual Upload,HUMINT,Field Report 1778,Ground report from field asset with directional notes.,28.396912,77.270616,2026-01-25T16:27:00Z
Manual Upload,HUMINT,Field Report 1779,Ground report from field asset with directional notes.,28.52165,77.411258,2026-01-25T16:47:00Z
Manual Upload,HUMINT,Field Report 1780,Ground report from field asset with directional notes.,28.587209,77.12831,2026-01-25T17:07:00Z
Manual Upload,HUMINT,Field Report 1781,Ground report from field asset with directional notes.,28.451509,77.11062,2026-01-25T17:27:00Z
Manual Upload,HUMINT,Field Report 1782,Ground report from field asset with directional notes.,28.765068,77.038906,2026-01-25T17:47:00Z
Manual Upload,HUMINT,Field Report 1783,Ground report from field asset with directional notes.,28.804181,77.040628,2026-01-25T18:07:00Z
Manual Upload,HUMINT,Field Report 1784,Ground report from field asset with directional notes.,28.42312,77.414116,2026-01-25T18:27:00Z
Manual Upload,HUMINT,Field Report 1785,Ground report from field asset with directional notes.,28.56874,77.239832,2026-01-25T18:47:00Z
Manual Upload,HUMINT,Field Report 1786,Ground report from field asset with directional notes.,28.678241,77.308931,2026-01-25T19:07:00Z
Manual Upload,HUMINT,Field Report 1787,Ground report from field asset with directional notes.,28.504517,77.382997,2026-01-25T19:27:00Z
Manual Upload,HUMINT,Field Report 1788,Ground report from field asset with directional notes.,28.488595,77.01568,2026-01-25T19:47:00Z
Manual Upload,HUMINT,Field Report 1789,Ground report from field asset with directional notes.,28.836601,77.413592,2026-01-25T20:07:00Z
Manual Upload,HUMINT,Field Report 1790,Ground report from field asset with directional notes.,28.412434,76.978689,2026-01-25T20:27:00Z
Manual Upload,HUMINT,Field Report 1791,Ground report from field asset with directional notes.,28.804016,77.195407,2026-01-25T20:47:00Z
Manual Upload,HUMINT,Field Report 1792,Ground report from field asset with directional notes.,28.60234,77.342569,2026-01-25T21:07:00Z
Manual Upload,HUMINT,Field Report 1793,Ground report from field asset with directional notes.,28.656988,77.452887,2026-01-25T21:27:00Z
Manual Upload,HUMINT,Field Report 1794,Ground report from field asset with directional notes.,28.545092,77.179468,2026-01-25T21:47:00Z
Manual Upload,HUMINT,Field Report 1795,Ground report from field asset with directional notes.,28.649855,77.182667,2026-01-25T22:07:00Z
Manual Upload,HUMINT,Field Report 1796,Ground report from field asset with directional notes.,28.373828,77.204884,2026-01-25T22:27:00Z
Manual Upload,HUMINT,Field Report 1797,Ground report from field asset with directional notes.,28.699781,77.130914,2026-01-25T22:47:00Z
Manual Upload,HUMINT,Field Report 1798,Ground report from field asset with directional notes.,28.533788,77.001505,2026-01-25T23:07:00Z
Manual Upload,HUMINT,Field Report 1799,Ground report from field asset with directional notes.,28.548884,77.047618,2026-01-25T23:27:00Z
Manual Upload,HUMINT,Field Report 1800,Ground report from field asset with directional notes.,28.675916,77.297687,2026-01-25T23:47:00Z
Manual Upload,HUMINT,Field Report 1801,Ground report from field asset with directional notes.,28.822282,77.014486,2026-01-26T00:07:00Z
Manual Upload,HUMINT,Field Report 1802,Ground report from field asset with directional notes.,28.831414,77.439207,2026-01-26T00:27:00Z
Manual Upload,HUMINT,Field Report 1803,Ground report from field asset with directional notes.,28.462466,77.276111,2026-01-26T00:47:00Z
Manual Upload,HUMINT,Field Report 1804,Ground report from field asset with directional notes.,28.510075,77.355391,2026-01-26T01:07:00Z
Manual Upload,HUMINT,Field Report 1805,Ground report from field asset with directional notes.,28.757189,77.136356,2026-01-26T01:27:00Z
Manual Upload,HUMINT,Field Report 1806,Ground report from field asset with directional notes.,28.855685,77.206375,2026-01-26T01:47:00Z
Manual Upload,HUMINT,Field Report 1807,Ground report from field asset with directional notes.,28.674831,77.254161,2026-01-26T02:07:00Z
Manual Upload,HUMINT,Field Report 1808,Ground report from field asset with directional notes.,28.859751,77.141608,2026-01-26T02:27:00Z
Manual Upload,HUMINT,Field Report 1809,Ground report from field asset with directional notes.,28.490258,77.215711,2026-01-26T02:47:00Z
Manual Upload,HUMINT,Field Report 1810,Ground report from field asset with directional notes.,28.854918,77.41114,2026-01-26T03:07:00Z
Manual Upload,HUMINT,Field Report 1811,Ground report from field asset with directional notes.,28.375622,77.118284,2026-01-26T03:27:00Z
Manual Upload,HUMINT,Field Report 1812,Ground report from field asset with directional notes.,28.447341,77.283703,2026-01-26T03:47:00Z
Manual Upload,HUMINT,Field Report 1813,Ground report from field asset with directional notes.,28.714157,77.090557,2026-01-26T04:07:00Z
Manual Upload,HUMINT,Field Report 1814,Ground report from field asset with directional notes.,28.861977,77.127759,2026-01-26T04:27:00Z
Manual Upload,HUMINT,Field Report 1815,Ground report from field asset with directional notes.,28.500318,77.456548,2026-01-26T04:47:00Z
Manual Upload,HUMINT,Field Report 1816,Ground report from field asset with directional notes.,28.692247,77.288705,2026-01-26T05:07:00Z
Manual Upload,HUMINT,Field Report 1817,Ground report from field asset with directional notes.,28.530359,76.974687,2026-01-26T05:27:00Z
Manual Upload,HUMINT,Field Report 1818,Ground report from field asset with directional notes.,28.79992,77.422273,2026-01-26T05:47:00Z
Manual Upload,HUMINT,Field Report 1819,Ground report from field asset with directional notes.,28.369239,77.245826,2026-01-26T06:07:00Z
Manual Upload,HUMINT,Field Report 1820,Ground report from field asset with directional notes.,28.515255,77.058821,2026-01-26T06:27:00Z
Manual Upload,HUMINT,Field Report 1821,Ground report from field asset with directional notes.,28.59896,77.153199,2026-01-26T06:47:00Z
Manual Upload,HUMINT,Field Report 1822,Ground report from field asset with directional notes.,28.711544,77.094142,2026-01-26T07:07:00Z
Manual Upload,HUMINT,Field Report 1823,Ground report from field asset with directional notes.,28.551471,77.142397,2026-01-26T07:27:00Z
Manual Upload,HUMINT,Field Report 1824,Ground report from field asset with directional notes.,28.620192,77.455827,2026-01-26T07:47:00Z
Manual Upload,HUMINT,Field Report 1825,Ground report from field asset with directional notes.,28.576157,77.31264,2026-01-26T08:07:00Z
Manual Upload,HUMINT,Field Report 1826,Ground report from field asset with directional notes.,28.43007,77.13212,2026-01-26T08:27:00Z
Manual Upload,HUMINT,Field Report 1827,Ground report from field asset with directional notes.,28.494694,77.055452,2026-01-26T08:47:00Z
Manual Upload,HUMINT,Field Report 1828,Ground report from field asset with directional notes.,28.504721,77.000653,2026-01-26T09:07:00Z
Manual Upload,HUMINT,Field Report 1829,Ground report from field asset with directional notes.,28.588837,77.294904,2026-01-26T09:27:00Z
Manual Upload,HUMINT,Field Report 1830,Ground report from field asset with directional notes.,28.766638,77.415671,2026-01-26T09:47:00Z
Manual Upload,HUMINT,Field Report 1831,Ground report from field asset with directional notes.,28.79464,77.40691,2026-01-26T10:07:00Z
Manual Upload,HUMINT,Field Report 1832,Ground report from field asset with directional notes.,28.375404,77.023263,2026-01-26T10:27:00Z
Manual Upload,HUMINT,Field Report 1833,Ground report from field asset with directional notes.,28.744932,77.080481,2026-01-26T10:47:00Z
Manual Upload,HUMINT,Field Report 1834,Ground report from field asset with directional notes.,28.452454,76.99148,2026-01-26T11:07:00Z
Manual Upload,HUMINT,Field Report 1835,Ground report from field asset with directional notes.,28.649854,77.077473,2026-01-26T11:27:00Z
Manual Upload,HUMINT,Field Report 1836,Ground report from field asset with directional notes.,28.407594,76.996706,2026-01-26T11:47:00Z
Manual Upload,HUMINT,Field Report 1837,Ground report from field asset with directional notes.,28.725454,77.327252,2026-01-26T12:07:00Z
Manual Upload,HUMINT,Field Report 1838,Ground report from field asset with directional notes.,28.534467,77.413456,2026-01-26T12:27:00Z
Manual Upload,HUMINT,Field Report 1839,Ground report from field asset with directional notes.,28.399091,77.250377,2026-01-26T12:47:00Z
Manual Upload,HUMINT,Field Report 1840,Ground report from field asset with directional notes.,28.846722,77.443555,2026-01-26T13:07:00Z
Manual Upload,HUMINT,Field Report 1841,Ground report from field asset with directional notes.,28.679401,77.12445,2026-01-26T13:27:00Z
Manual Upload,HUMINT,Field Report 1842,Ground report from field asset with directional notes.,28.696369,77.265283,2026-01-26T13:47:00Z
Manual Upload,HUMINT,Field Report 1843,Ground report from field asset with directional notes.,28.391983,77.028357,2026-01-26T14:07:00Z
Manual Upload,HUMINT,Field Report 1844,Ground report from field asset with directional notes.,28.822901,77.422281,2026-01-26T14:27:00Z
Manual Upload,HUMINT,Field Report 1845,Ground report from field asset with directional notes.,28.456687,77.318127,2026-01-26T14:47:00Z
Manual Upload,HUMINT,Field Report 1846,Ground report from field asset with directional notes.,28.409693,77.175485,2026-01-26T15:07:00Z
Manual Upload,HUMINT,Field Report 1847,Ground report from field asset with directional notes.,28.7067,77.06411,2026-01-26T15:27:00Z
Manual Upload,HUMINT,Field Report 1848,Ground report from field asset with directional notes.,28.72239,77.15245,2026-01-26T15:47:00Z
Manual Upload,HUMINT,Field Report 1849,Ground report from field asset with directional notes.,28.676626,77.055319,2026-01-26T16:07:00Z
Manual Upload,HUMINT,Field Report 1850,Ground report from field asset with directional notes.,28.772675,77.313119,2026-01-26T16:27:00Z
Manual Upload,HUMINT,Field Report 1851,Ground report from field asset with directional notes.,28.61155,77.312137,2026-01-26T16:47:00Z
Manual Upload,HUMINT,Field Report 1852,Ground report from field asset with directional notes.,28.598505,77.324782,2026-01-26T17:07:00Z
Manual Upload,HUMINT,Field Report 1853,Ground report from field asset with directional notes.,28.659806,77.389449,2026-01-26T17:27:00Z
Manual Upload,HUMINT,Field Report 1854,Ground report from field asset with directional notes.,28.585158,77.212792,2026-01-26T17:47:00Z
Manual Upload,HUMINT,Field Report 1855,Ground report from field asset with directional notes.,28.403679,77.446095,2026-01-26T18:07:00Z
Manual Upload,HUMINT,Field Report 1856,Ground report from field asset with directional notes.,28.495531,77.398088,2026-01-26T18:27:00Z
Manual Upload,HUMINT,Field Report 1857,Ground report from field asset with directional notes.,28.651617,77.053673,2026-01-26T18:47:00Z
Manual Upload,HUMINT,Field Report 1858,Ground report from field asset with directional notes.,28.425905,77.339833,2026-01-26T19:07:00Z
Manual Upload,HUMINT,Field Report 1859,Ground report from field asset with directional notes.,28.457999,77.383308,2026-01-26T19:27:00Z
Manual Upload,HUMINT,Field Report 1860,Ground report from field asset with directional notes.,28.742043,77.072858,2026-01-26T19:47:00Z
Manual Upload,HUMINT,Field Report 1861,Ground report from field asset with directional notes.,28.561234,77.37702,2026-01-26T20:07:00Z
Manual Upload,HUMINT,Field Report 1862,Ground report from field asset with directional notes.,28.51226,77.165141,2026-01-26T20:27:00Z
Manual Upload,HUMINT,Field Report 1863,Ground report from field asset with directional notes.,28.684197,77.068129,2026-01-26T20:47:00Z
Manual Upload,HUMINT,Field Report 1864,Ground report from field asset with directional notes.,28.489375,77.13138,2026-01-26T21:07:00Z
Manual Upload,HUMINT,Field Report 1865,Ground report from field asset with directional notes.,28.484285,76.962492,2026-01-26T21:27:00Z
Manual Upload,HUMINT,Field Report 1866,Ground report from field asset with directional notes.,28.809178,77.300766,2026-01-26T21:47:00Z
Manual Upload,HUMINT,Field Report 1867,Ground report from field asset with directional notes.,28.504625,77.039632,2026-01-26T22:07:00Z
Manual Upload,HUMINT,Field Report 1868,Ground report from field asset with directional notes.,28.39471,77.205962,2026-01-26T22:27:00Z
Manual Upload,HUMINT,Field Report 1869,Ground report from field asset with directional notes.,28.815247,76.989202,2026-01-26T22:47:00Z
Manual Upload,HUMINT,Field Report 1870,Ground report from field asset with directional notes.,28.741725,77.174047,2026-01-26T23:07:00Z
Manual Upload,HUMINT,Field Report 1871,Ground report from field asset with directional notes.,28.700918,77.40832,2026-01-26T23:27:00Z
Manual Upload,HUMINT,Field Report 1872,Ground report from field asset with directional notes.,28.586866,77.447584,2026-01-26T23:47:00Z
Manual Upload,HUMINT,Field Report 1873,Ground report from field asset with directional notes.,28.701151,77.118199,2026-01-27T00:07:00Z
Manual Upload,HUMINT,Field Report 1874,Ground report from field asset with directional notes.,28.749593,77.416238,2026-01-27T00:27:00Z
Manual Upload,HUMINT,Field Report 1875,Ground report from field asset with directional notes.,28.712938,77.261753,2026-01-27T00:47:00Z
Manual Upload,HUMINT,Field Report 1876,Ground report from field asset with directional notes.,28.843548,77.243601,2026-01-27T01:07:00Z
Manual Upload,HUMINT,Field Report 1877,Ground report from field asset with directional notes.,28.727474,77.118532,2026-01-27T01:27:00Z
Manual Upload,HUMINT,Field Report 1878,Ground report from field asset with directional notes.,28.542956,77.364483,2026-01-27T01:47:00Z
Manual Upload,HUMINT,Field Report 1879,Ground report from field asset with directional notes.,28.549122,77.109124,2026-01-27T02:07:00Z
Manual Upload,HUMINT,Field Report 1880,Ground report from field asset with directional notes.,28.608444,77.231958,2026-01-27T02:27:00Z
Manual Upload,HUMINT,Field Report 1881,Ground report from field asset with directional notes.,28.736385,77.073056,2026-01-27T02:47:00Z
Manual Upload,HUMINT,Field Report 1882,Ground report from field asset with directional notes.,28.449176,77.304432,2026-01-27T03:07:00Z
Manual Upload,HUMINT,Field Report 1883,Ground report from field asset with directional notes.,28.568766,77.398987,2026-01-27T03:27:00Z
Manual Upload,HUMINT,Field Report 1884,Ground report from field asset with directional notes.,28.526084,77.357126,2026-01-27T03:47:00Z
Manual Upload,HUMINT,Field Report 1885,Ground report from field asset with directional notes.,28.836507,77.160621,2026-01-27T04:07:00Z
Manual Upload,HUMINT,Field Report 1886,Ground report from field asset with directional notes.,28.798241,77.191196,2026-01-27T04:27:00Z
Manual Upload,HUMINT,Field Report 1887,Ground report from field asset with directional notes.,28.440242,77.32793,2026-01-27T04:47:00Z
Manual Upload,HUMINT,Field Report 1888,Ground report from field asset with directional notes.,28.556682,77.433817,2026-01-27T05:07:00Z
Manual Upload,HUMINT,Field Report 1889,Ground report from field asset with directional notes.,28.800581,77.353133,2026-01-27T05:27:00Z
Manual Upload,HUMINT,Field Report 1890,Ground report from field asset with directional notes.,28.554629,77.394125,2026-01-27T05:47:00Z
Manual Upload,HUMINT,Field Report 1891,Ground report from field asset with directional notes.,28.438592,77.141855,2026-01-27T06:07:00Z
Manual Upload,HUMINT,Field Report 1892,Ground report from field asset with directional notes.,28.581091,77.367702,2026-01-27T06:27:00Z
Manual Upload,HUMINT,Field Report 1893,Ground report from field asset with directional notes.,28.816581,77.034519,2026-01-27T06:47:00Z
Manual Upload,HUMINT,Field Report 1894,Ground report from field asset with directional notes.,28.836921,77.067497,2026-01-27T07:07:00Z
Manual Upload,HUMINT,Field Report 1895,Ground report from field asset with directional notes.,28.372095,77.195144,2026-01-27T07:27:00Z
Manual Upload,HUMINT,Field Report 1896,Ground report from field asset with directional notes.,28.499345,77.057878,2026-01-27T07:47:00Z
Manual Upload,HUMINT,Field Report 1897,Ground report from field asset with directional notes.,28.612561,77.038158,2026-01-27T08:07:00Z
Manual Upload,HUMINT,Field Report 1898,Ground report from field asset with directional notes.,28.778789,77.385907,2026-01-27T08:27:00Z
Manual Upload,HUMINT,Field Report 1899,Ground report from field asset with directional notes.,28.502735,77.053973,2026-01-27T08:47:00Z
Manual Upload,HUMINT,Field Report 1900,Ground report from field asset with directional notes.,28.667312,77.208568,2026-01-27T09:07:00Z
Manual Upload,HUMINT,Field Report 1901,Ground report from field asset with directional notes.,28.581454,77.384799,2026-01-27T09:27:00Z
Manual Upload,HUMINT,Field Report 1902,Ground report from field asset with directional notes.,28.607571,77.291895,2026-01-27T09:47:00Z
Manual Upload,HUMINT,Field Report 1903,Ground report from field asset with directional notes.,28.540585,77.012006,2026-01-27T10:07:00Z
Manual Upload,HUMINT,Field Report 1904,Ground report from field asset with directional notes.,28.840375,77.312012,2026-01-27T10:27:00Z
Manual Upload,HUMINT,Field Report 1905,Ground report from field asset with directional notes.,28.667809,77.029739,2026-01-27T10:47:00Z
Manual Upload,HUMINT,Field Report 1906,Ground report from field asset with directional notes.,28.623281,77.206116,2026-01-27T11:07:00Z
Manual Upload,HUMINT,Field Report 1907,Ground report from field asset with directional notes.,28.472102,77.204253,2026-01-27T11:27:00Z
Manual Upload,HUMINT,Field Report 1908,Ground report from field asset with directional notes.,28.842328,77.274754,2026-01-27T11:47:00Z
Manual Upload,HUMINT,Field Report 1909,Ground report from field asset with directional notes.,28.53319,77.114306,2026-01-27T12:07:00Z
Manual Upload,HUMINT,Field Report 1910,Ground report from field asset with directional notes.,28.67314,77.264813,2026-01-27T12:27:00Z
Manual Upload,HUMINT,Field Report 1911,Ground report from field asset with directional notes.,28.663458,77.223818,2026-01-27T12:47:00Z
Manual Upload,HUMINT,Field Report 1912,Ground report from field asset with directional notes.,28.534449,77.145677,2026-01-27T13:07:00Z
Manual Upload,HUMINT,Field Report 1913,Ground report from field asset with directional notes.,28.708157,77.023067,2026-01-27T13:27:00Z
Manual Upload,HUMINT,Field Report 1914,Ground report from field asset with directional notes.,28.646564,77.195762,2026-01-27T13:47:00Z
Manual Upload,HUMINT,Field Report 1915,Ground report from field asset with directional notes.,28.372755,77.144004,2026-01-27T14:07:00Z
Manual Upload,HUMINT,Field Report 1916,Ground report from field asset with directional notes.,28.486955,77.431288,2026-01-27T14:27:00Z
Manual Upload,HUMINT,Field Report 1917,Ground report from field asset with directional notes.,28.708041,77.414073,2026-01-27T14:47:00Z
Manual Upload,HUMINT,Field Report 1918,Ground report from field asset with directional notes.,28.815177,77.275936,2026-01-27T15:07:00Z
Manual Upload,HUMINT,Field Report 1919,Ground report from field asset with directional notes.,28.81482,77.197094,2026-01-27T15:27:00Z
Manual Upload,HUMINT,Field Report 1920,Ground report from field asset with directional notes.,28.504166,77.129379,2026-01-27T15:47:00Z
Manual Upload,HUMINT,Field Report 1921,Ground report from field asset with directional notes.,28.760809,77.308165,2026-01-27T16:07:00Z
Manual Upload,HUMINT,Field Report 1922,Ground report from field asset with directional notes.,28.814828,77.441737,2026-01-27T16:27:00Z
Manual Upload,HUMINT,Field Report 1923,Ground report from field asset with directional notes.,28.754698,77.245137,2026-01-27T16:47:00Z
Manual Upload,HUMINT,Field Report 1924,Ground report from field asset with directional notes.,28.81959,77.313052,2026-01-27T17:07:00Z
Manual Upload,HUMINT,Field Report 1925,Ground report from field asset with directional notes.,28.668594,77.365661,2026-01-27T17:27:00Z
Manual Upload,HUMINT,Field Report 1926,Ground report from field asset with directional notes.,28.48845,77.240649,2026-01-27T17:47:00Z
Manual Upload,HUMINT,Field Report 1927,Ground report from field asset with directional notes.,28.809179,77.11573,2026-01-27T18:07:00Z
Manual Upload,HUMINT,Field Report 1928,Ground report from field asset with directional notes.,28.804264,77.151072,2026-01-27T18:27:00Z
Manual Upload,HUMINT,Field Report 1929,Ground report from field asset with directional notes.,28.438078,77.119827,2026-01-27T18:47:00Z
Manual Upload,HUMINT,Field Report 1930,Ground report from field asset with directional notes.,28.628518,77.190345,2026-01-27T19:07:00Z
Manual Upload,HUMINT,Field Report 1931,Ground report from field asset with directional notes.,28.814115,77.432572,2026-01-27T19:27:00Z
Manual Upload,HUMINT,Field Report 1932,Ground report from field asset with directional notes.,28.727813,76.992463,2026-01-27T19:47:00Z
Manual Upload,HUMINT,Field Report 1933,Ground report from field asset with directional notes.,28.558688,77.055591,2026-01-27T20:07:00Z
Manual Upload,HUMINT,Field Report 1934,Ground report from field asset with directional notes.,28.748873,77.314954,2026-01-27T20:27:00Z
Manual Upload,HUMINT,Field Report 1935,Ground report from field asset with directional notes.,28.545791,77.34788,2026-01-27T20:47:00Z
Manual Upload,HUMINT,Field Report 1936,Ground report from field asset with directional notes.,28.600773,77.070667,2026-01-27T21:07:00Z
Manual Upload,HUMINT,Field Report 1937,Ground report from field asset with directional notes.,28.365427,77.137084,2026-01-27T21:27:00Z
Manual Upload,HUMINT,Field Report 1938,Ground report from field asset with directional notes.,28.674226,77.239939,2026-01-27T21:47:00Z
Manual Upload,HUMINT,Field Report 1939,Ground report from field asset with directional notes.,28.755742,77.437334,2026-01-27T22:07:00Z
Manual Upload,HUMINT,Field Report 1940,Ground report from field asset with directional notes.,28.606249,77.116084,2026-01-27T22:27:00Z
Manual Upload,HUMINT,Field Report 1941,Ground report from field asset with directional notes.,28.805507,77.059029,2026-01-27T22:47:00Z
Manual Upload,HUMINT,Field Report 1942,Ground report from field asset with directional notes.,28.769264,77.053098,2026-01-27T23:07:00Z
Manual Upload,HUMINT,Field Report 1943,Ground report from field asset with directional notes.,28.825755,77.261541,2026-01-27T23:27:00Z
Manual Upload,HUMINT,Field Report 1944,Ground report from field asset with directional notes.,28.51171,76.989281,2026-01-27T23:47:00Z
Manual Upload,HUMINT,Field Report 1945,Ground report from field asset with directional notes.,28.806286,77.220751,2026-01-28T00:07:00Z
Manual Upload,HUMINT,Field Report 1946,Ground report from field asset with directional notes.,28.615965,77.083113,2026-01-28T00:27:00Z
Manual Upload,HUMINT,Field Report 1947,Ground report from field asset with directional notes.,28.551904,77.309323,2026-01-28T00:47:00Z
Manual Upload,HUMINT,Field Report 1948,Ground report from field asset with directional notes.,28.790251,77.108089,2026-01-28T01:07:00Z
Manual Upload,HUMINT,Field Report 1949,Ground report from field asset with directional notes.,28.46602,77.107052,2026-01-28T01:27:00Z
Manual Upload,HUMINT,Field Report 1950,Ground report from field asset with directional notes.,28.378311,77.280994,2026-01-28T01:47:00Z
Manual Upload,HUMINT,Field Report 1951,Ground report from field asset with directional notes.,28.574612,77.143316,2026-01-28T02:07:00Z
Manual Upload,HUMINT,Field Report 1952,Ground report from field asset with directional notes.,28.751798,77.45549,2026-01-28T02:27:00Z
Manual Upload,HUMINT,Field Report 1953,Ground report from field asset with directional notes.,28.587243,77.15001,2026-01-28T02:47:00Z
Manual Upload,HUMINT,Field Report 1954,Ground report from field asset with directional notes.,28.442389,77.18107,2026-01-28T03:07:00Z
Manual Upload,HUMINT,Field Report 1955,Ground report from field asset with directional notes.,28.520944,77.427451,2026-01-28T03:27:00Z
Manual Upload,HUMINT,Field Report 1956,Ground report from field asset with directional notes.,28.591872,77.05789,2026-01-28T03:47:00Z
Manual Upload,HUMINT,Field Report 1957,Ground report from field asset with directional notes.,28.667171,77.101381,2026-01-28T04:07:00Z
Manual Upload,HUMINT,Field Report 1958,Ground report from field asset with directional notes.,28.65714,77.120402,2026-01-28T04:27:00Z
Manual Upload,HUMINT,Field Report 1959,Ground report from field asset with directional notes.,28.372378,76.985212,2026-01-28T04:47:00Z
Manual Upload,HUMINT,Field Report 1960,Ground report from field asset with directional notes.,28.527169,77.197551,2026-01-28T05:07:00Z
Manual Upload,HUMINT,Field Report 1961,Ground report from field asset with directional notes.,28.434776,77.374902,2026-01-28T05:27:00Z
Manual Upload,HUMINT,Field Report 1962,Ground report from field asset with directional notes.,28.551415,76.971733,2026-01-28T05:47:00Z
Manual Upload,HUMINT,Field Report 1963,Ground report from field asset with directional notes.,28.58103,77.120942,2026-01-28T06:07:00Z
Manual Upload,HUMINT,Field Report 1964,Ground report from field asset with directional notes.,28.452899,77.265541,2026-01-28T06:27:00Z
Manual Upload,HUMINT,Field Report 1965,Ground report from field asset with directional notes.,28.744166,77.28081,2026-01-28T06:47:00Z
Manual Upload,HUMINT,Field Report 1966,Ground report from field asset with directional notes.,28.525907,77.337246,2026-01-28T07:07:00Z
Manual Upload,HUMINT,Field Report 1967,Ground report from field asset with directional notes.,28.383591,77.214854,2026-01-28T07:27:00Z
Manual Upload,HUMINT,Field Report 1968,Ground report from field asset with directional notes.,28.725288,77.315832,2026-01-28T07:47:00Z
Manual Upload,HUMINT,Field Report 1969,Ground report from field asset with directional notes.,28.612238,77.422474,2026-01-28T08:07:00Z
Manual Upload,HUMINT,Field Report 1970,Ground report from field asset with directional notes.,28.433856,77.010127,2026-01-28T08:27:00Z
Manual Upload,HUMINT,Field Report 1971,Ground report from field asset with directional notes.,28.445591,77.315927,2026-01-28T08:47:00Z
Manual Upload,HUMINT,Field Report 1972,Ground report from field asset with directional notes.,28.40983,77.139158,2026-01-28T09:07:00Z
Manual Upload,HUMINT,Field Report 1973,Ground report from field asset with directional notes.,28.542441,76.999579,2026-01-28T09:27:00Z
Manual Upload,HUMINT,Field Report 1974,Ground report from field asset with directional notes.,28.535687,76.993788,2026-01-28T09:47:00Z
Manual Upload,HUMINT,Field Report 1975,Ground report from field asset with directional notes.,28.56418,76.990075,2026-01-28T10:07:00Z
Manual Upload,HUMINT,Field Report 1976,Ground report from field asset with directional notes.,28.572076,77.353864,2026-01-28T10:27:00Z
Manual Upload,HUMINT,Field Report 1977,Ground report from field asset with directional notes.,28.711193,77.233049,2026-01-28T10:47:00Z
Manual Upload,HUMINT,Field Report 1978,Ground report from field asset with directional notes.,28.408637,77.062627,2026-01-28T11:07:00Z
Manual Upload,HUMINT,Field Report 1979,Ground report from field asset with directional notes.,28.44343,77.340382,2026-01-28T11:27:00Z
Manual Upload,HUMINT,Field Report 1980,Ground report from field asset with directional notes.,28.798233,77.072698,2026-01-28T11:47:00Z
Manual Upload,HUMINT,Field Report 1981,Ground report from field asset with directional notes.,28.392157,77.300761,2026-01-28T12:07:00Z
Manual Upload,HUMINT,Field Report 1982,Ground report from field asset with directional notes.,28.376013,77.280451,2026-01-28T12:27:00Z
Manual Upload,HUMINT,Field Report 1983,Ground report from field asset with directional notes.,28.712544,77.198347,2026-01-28T12:47:00Z
Manual Upload,HUMINT,Field Report 1984,Ground report from field asset with directional notes.,28.384988,77.338264,2026-01-28T13:07:00Z
Manual Upload,HUMINT,Field Report 1985,Ground report from field asset with directional notes.,28.838883,77.436211,2026-01-28T13:27:00Z
Manual Upload,HUMINT,Field Report 1986,Ground report from field asset with directional notes.,28.432737,77.11873,2026-01-28T13:47:00Z
Manual Upload,HUMINT,Field Report 1987,Ground report from field asset with directional notes.,28.557663,77.276165,2026-01-28T14:07:00Z
Manual Upload,HUMINT,Field Report 1988,Ground report from field asset with directional notes.,28.561804,77.214123,2026-01-28T14:27:00Z
Manual Upload,HUMINT,Field Report 1989,Ground report from field asset with directional notes.,28.50872,76.970757,2026-01-28T14:47:00Z
Manual Upload,HUMINT,Field Report 1990,Ground report from field asset with directional notes.,28.721271,77.166469,2026-01-28T15:07:00Z
Manual Upload,HUMINT,Field Report 1991,Ground report from field asset with directional notes.,28.397881,77.059062,2026-01-28T15:27:00Z
Manual Upload,HUMINT,Field Report 1992,Ground report from field asset with directional notes.,28.381903,77.073753,2026-01-28T15:47:00Z
Manual Upload,HUMINT,Field Report 1993,Ground report from field asset with directional notes.,28.609633,77.133691,2026-01-28T16:07:00Z
Manual Upload,HUMINT,Field Report 1994,Ground report from field asset with directional notes.,28.404214,77.399823,2026-01-28T16:27:00Z
Manual Upload,HUMINT,Field Report 1995,Ground report from field asset with directional notes.,28.618474,77.373518,2026-01-28T16:47:00Z
Manual Upload,HUMINT,Field Report 1996,Ground report from field asset with directional notes.,28.562491,77.035128,2026-01-28T17:07:00Z
Manual Upload,HUMINT,Field Report 1997,Ground report from field asset with directional notes.,28.367575,77.27284,2026-01-28T17:27:00Z
Manual Upload,HUMINT,Field Report 1998,Ground report from field asset with directional notes.,28.675296,77.091823,2026-01-28T17:47:00Z
Manual Upload,HUMINT,Field Report 1999,Ground report from field asset with directional notes.,28.55105,77.15321,2026-01-28T18:07:00Z
Manual Upload,HUMINT,Field Report 2000,Ground report from field asset with directional notes.,28.781311,77.336086,2026-01-28T18:27:00Z
Manual Upload,HUMINT,Field Report 2001,Ground report from field asset with directional notes.,28.492039,77.056886,2026-01-28T18:47:00Z
Manual Upload,HUMINT,Field Report 2002,Ground report from field asset with directional notes.,28.812864,77.155316,2026-01-28T19:07:00Z
Manual Upload,HUMINT,Field Report 2003,Ground report from field asset with directional notes.,28.689131,77.184825,2026-01-28T19:27:00Z
Manual Upload,HUMINT,Field Report 2004,Ground report from field asset with directional notes.,28.586672,77.442867,2026-01-28T19:47:00Z
Manual Upload,HUMINT,Field Report 2005,Ground report from field asset with directional notes.,28.699823,77.344008,2026-01-28T20:07:00Z
Manual Upload,HUMINT,Field Report 2006,Ground report from field asset with directional notes.,28.466195,77.015347,2026-01-28T20:27:00Z
Manual Upload,HUMINT,Field Report 2007,Ground report from field asset with directional notes.,28.557626,77.012365,2026-01-28T20:47:00Z
Manual Upload,HUMINT,Field Report 2008,Ground report from field asset with directional notes.,28.830442,77.061792,2026-01-28T21:07:00Z
Manual Upload,HUMINT,Field Report 2009,Ground report from field asset with directional notes.,28.74378,77.326851,2026-01-28T21:27:00Z
Manual Upload,HUMINT,Field Report 2010,Ground report from field asset with directional notes.,28.513205,77.303875,2026-01-28T21:47:00Z
Manual Upload,HUMINT,Field Report 2011,Ground report from field asset with directional notes.,28.471071,77.255629,2026-01-28T22:07:00Z
Manual Upload,HUMINT,Field Report 2012,Ground report from field asset with directional notes.,28.515585,77.19089,2026-01-28T22:27:00Z
Manual Upload,HUMINT,Field Report 2013,Ground report from field asset with directional notes.,28.687815,77.073905,2026-01-28T22:47:00Z
Manual Upload,HUMINT,Field Report 2014,Ground report from field asset with directional notes.,28.809003,77.380781,2026-01-28T23:07:00Z
Manual Upload,HUMINT,Field Report 2015,Ground report from field asset with directional notes.,28.472303,76.970906,2026-01-28T23:27:00Z
Manual Upload,HUMINT,Field Report 2016,Ground report from field asset with directional notes.,28.37008,77.373794,2026-01-28T23:47:00Z
Manual Upload,HUMINT,Field Report 2017,Ground report from field asset with directional notes.,28.794079,77.062176,2026-01-29T00:07:00Z
Manual Upload,HUMINT,Field Report 2018,Ground report from field asset with directional notes.,28.837298,77.153286,2026-01-29T00:27:00Z
Manual Upload,HUMINT,Field Report 2019,Ground report from field asset with directional notes.,28.527579,77.451115,2026-01-29T00:47:00Z
Manual Upload,HUMINT,Field Report 2020,Ground report from field asset with directional notes.,28.664806,77.041629,2026-01-29T01:07:00Z
Manual Upload,HUMINT,Field Report 2021,Ground report from field asset with directional notes.,28.609741,77.239415,2026-01-29T01:27:00Z
Manual Upload,HUMINT,Field Report 2022,Ground report from field asset with directional notes.,28.506571,77.452391,2026-01-29T01:47:00Z
Manual Upload,HUMINT,Field Report 2023,Ground report from field asset with directional notes.,28.79258,77.083259,2026-01-29T02:07:00Z
Manual Upload,HUMINT,Field Report 2024,Ground report from field asset with directional notes.,28.672085,77.401206,2026-01-29T02:27:00Z
Manual Upload,HUMINT,Field Report 2025,Ground report from field asset with directional notes.,28.790241,77.268638,2026-01-29T02:47:00Z
Manual Upload,HUMINT,Field Report 2026,Ground report from field asset with directional notes.,28.792483,77.432394,2026-01-29T03:07:00Z
Manual Upload,HUMINT,Field Report 2027,Ground report from field asset with directional notes.,28.82898,77.110723,2026-01-29T03:27:00Z
Manual Upload,HUMINT,Field Report 2028,Ground report from field asset with directional notes.,28.55461,77.243055,2026-01-29T03:47:00Z
Manual Upload,HUMINT,Field Report 2029,Ground report from field asset with directional notes.,28.443644,76.985769,2026-01-29T04:07:00Z
Manual Upload,HUMINT,Field Report 2030,Ground report from field asset with directional notes.,28.471554,77.054393,2026-01-29T04:27:00Z
Manual Upload,HUMINT,Field Report 2031,Ground report from field asset with directional notes.,28.575483,77.397222,2026-01-29T04:47:00Z
Manual Upload,HUMINT,Field Report 2032,Ground report from field asset with directional notes.,28.40195,77.167744,2026-01-29T05:07:00Z
Manual Upload,HUMINT,Field Report 2033,Ground report from field asset with directional notes.,28.375097,77.344222,2026-01-29T05:27:00Z
Manual Upload,HUMINT,Field Report 2034,Ground report from field asset with directional notes.,28.813161,77.110025,2026-01-29T05:47:00Z
Manual Upload,HUMINT,Field Report 2035,Ground report from field asset with directional notes.,28.495263,77.424063,2026-01-29T06:07:00Z
Manual Upload,HUMINT,Field Report 2036,Ground report from field asset with directional notes.,28.807581,77.359278,2026-01-29T06:27:00Z
Manual Upload,HUMINT,Field Report 2037,Ground report from field asset with directional notes.,28.466233,77.418703,2026-01-29T06:47:00Z
Manual Upload,HUMINT,Field Report 2038,Ground report from field asset with directional notes.,28.73603,77.299914,2026-01-29T07:07:00Z
Manual Upload,HUMINT,Field Report 2039,Ground report from field asset with directional notes.,28.379084,77.424522,2026-01-29T07:27:00Z
Manual Upload,HUMINT,Field Report 2040,Ground report from field asset with directional notes.,28.602152,76.966172,2026-01-29T07:47:00Z
Manual Upload,HUMINT,Field Report 2041,Ground report from field asset with directional notes.,28.406948,77.076401,2026-01-29T08:07:00Z
Manual Upload,HUMINT,Field Report 2042,Ground report from field asset with directional notes.,28.798796,77.248889,2026-01-29T08:27:00Z
Manual Upload,HUMINT,Field Report 2043,Ground report from field asset with directional notes.,28.642622,77.094033,2026-01-29T08:47:00Z
Manual Upload,HUMINT,Field Report 2044,Ground report from field asset with directional notes.,28.715338,77.198862,2026-01-29T09:07:00Z
Manual Upload,HUMINT,Field Report 2045,Ground report from field asset with directional notes.,28.729617,77.035647,2026-01-29T09:27:00Z
Manual Upload,HUMINT,Field Report 2046,Ground report from field asset with directional notes.,28.396479,77.29801,2026-01-29T09:47:00Z
Manual Upload,HUMINT,Field Report 2047,Ground report from field asset with directional notes.,28.378849,77.207712,2026-01-29T10:07:00Z
Manual Upload,HUMINT,Field Report 2048,Ground report from field asset with directional notes.,28.779126,77.165212,2026-01-29T10:27:00Z
Manual Upload,HUMINT,Field Report 2049,Ground report from field asset with directional notes.,28.850354,77.24738,2026-01-29T10:47:00Z
Manual Upload,HUMINT,Field Report 2050,Ground report from field asset with directional notes.,28.385917,76.990505,2026-01-29T11:07:00Z
Manual Upload,HUMINT,Field Report 2051,Ground report from field asset with directional notes.,28.748667,77.099411,2026-01-29T11:27:00Z
Manual Upload,HUMINT,Field Report 2052,Ground report from field asset with directional notes.,28.504684,77.198586,2026-01-29T11:47:00Z
Manual Upload,HUMINT,Field Report 2053,Ground report from field asset with directional notes.,28.764871,76.971206,2026-01-29T12:07:00Z
Manual Upload,HUMINT,Field Report 2054,Ground report from field asset with directional notes.,28.499881,77.394996,2026-01-29T12:27:00Z
Manual Upload,HUMINT,Field Report 2055,Ground report from field asset with directional notes.,28.481309,77.182995,2026-01-29T12:47:00Z
Manual Upload,HUMINT,Field Report 2056,Ground report from field asset with directional notes.,28.364874,77.284091,2026-01-29T13:07:00Z
Manual Upload,HUMINT,Field Report 2057,Ground report from field asset with directional notes.,28.80066,77.376696,2026-01-29T13:27:00Z
Manual Upload,HUMINT,Field Report 2058,Ground report from field asset with directional notes.,28.581572,77.435073,2026-01-29T13:47:00Z
Manual Upload,HUMINT,Field Report 2059,Ground report from field asset with directional notes.,28.608164,77.07476,2026-01-29T14:07:00Z
Manual Upload,HUMINT,Field Report 2060,Ground report from field asset with directional notes.,28.788128,76.982647,2026-01-29T14:27:00Z
Manual Upload,HUMINT,Field Report 2061,Ground report from field asset with directional notes.,28.545917,77.258025,2026-01-29T14:47:00Z
Manual Upload,HUMINT,Field Report 2062,Ground report from field asset with directional notes.,28.592029,77.195238,2026-01-29T15:07:00Z
Manual Upload,HUMINT,Field Report 2063,Ground report from field asset with directional notes.,28.445847,77.288301,2026-01-29T15:27:00Z
Manual Upload,HUMINT,Field Report 2064,Ground report from field asset with directional notes.,28.549536,77.234512,2026-01-29T15:47:00Z
Manual Upload,HUMINT,Field Report 2065,Ground report from field asset with directional notes.,28.436748,77.326597,2026-01-29T16:07:00Z
Manual Upload,HUMINT,Field Report 2066,Ground report from field asset with directional notes.,28.537294,77.045981,2026-01-29T16:27:00Z
Manual Upload,HUMINT,Field Report 2067,Ground report from field asset with directional notes.,28.56479,77.192742,2026-01-29T16:47:00Z
Manual Upload,HUMINT,Field Report 2068,Ground report from field asset with directional notes.,28.537619,77.105225,2026-01-29T17:07:00Z
Manual Upload,HUMINT,Field Report 2069,Ground report from field asset with directional notes.,28.771014,77.33483,2026-01-29T17:27:00Z
Manual Upload,HUMINT,Field Report 2070,Ground report from field asset with directional notes.,28.611155,77.230134,2026-01-29T17:47:00Z
Manual Upload,HUMINT,Field Report 2071,Ground report from field asset with directional notes.,28.544064,77.174856,2026-01-29T18:07:00Z
Manual Upload,HUMINT,Field Report 2072,Ground report from field asset with directional notes.,28.664976,77.401386,2026-01-29T18:27:00Z
Manual Upload,HUMINT,Field Report 2073,Ground report from field asset with directional notes.,28.530302,77.138334,2026-01-29T18:47:00Z
Manual Upload,HUMINT,Field Report 2074,Ground report from field asset with directional notes.,28.597178,77.335852,2026-01-29T19:07:00Z
Manual Upload,HUMINT,Field Report 2075,Ground report from field asset with directional notes.,28.7948,77.041138,2026-01-29T19:27:00Z
Manual Upload,HUMINT,Field Report 2076,Ground report from field asset with directional notes.,28.385278,77.212176,2026-01-29T19:47:00Z
Manual Upload,HUMINT,Field Report 2077,Ground report from field asset with directional notes.,28.793756,77.271531,2026-01-29T20:07:00Z
Manual Upload,HUMINT,Field Report 2078,Ground report from field asset with directional notes.,28.663296,77.229106,2026-01-29T20:27:00Z
Manual Upload,HUMINT,Field Report 2079,Ground report from field asset with directional notes.,28.779907,77.038714,2026-01-29T20:47:00Z
Manual Upload,HUMINT,Field Report 2080,Ground report from field asset with directional notes.,28.763268,77.028761,2026-01-29T21:07:00Z
Manual Upload,HUMINT,Field Report 2081,Ground report from field asset with directional notes.,28.772029,77.061906,2026-01-29T21:27:00Z
Manual Upload,HUMINT,Field Report 2082,Ground report from field asset with directional notes.,28.710507,76.999872,2026-01-29T21:47:00Z
Manual Upload,HUMINT,Field Report 2083,Ground report from field asset with directional notes.,28.573388,77.01494,2026-01-29T22:07:00Z
Manual Upload,HUMINT,Field Report 2084,Ground report from field asset with directional notes.,28.614592,76.979989,2026-01-29T22:27:00Z
Manual Upload,HUMINT,Field Report 2085,Ground report from field asset with directional notes.,28.415808,76.96102,2026-01-29T22:47:00Z
Manual Upload,HUMINT,Field Report 2086,Ground report from field asset with directional notes.,28.831153,77.291318,2026-01-29T23:07:00Z
Manual Upload,HUMINT,Field Report 2087,Ground report from field asset with directional notes.,28.446251,77.072391,2026-01-29T23:27:00Z
Manual Upload,HUMINT,Field Report 2088,Ground report from field asset with directional notes.,28.718776,77.12645,2026-01-29T23:47:00Z
Manual Upload,HUMINT,Field Report 2089,Ground report from field asset with directional notes.,28.422361,77.324927,2026-01-30T00:07:00Z
Manual Upload,HUMINT,Field Report 2090,Ground report from field asset with directional notes.,28.762356,77.233225,2026-01-30T00:27:00Z
Manual Upload,HUMINT,Field Report 2091,Ground report from field asset with directional notes.,28.56138,77.287446,2026-01-30T00:47:00Z
Manual Upload,HUMINT,Field Report 2092,Ground report from field asset with directional notes.,28.5603,77.24751,2026-01-30T01:07:00Z
Manual Upload,HUMINT,Field Report 2093,Ground report from field asset with directional notes.,28.738813,77.3029,2026-01-30T01:27:00Z
Manual Upload,HUMINT,Field Report 2094,Ground report from field asset with directional notes.,28.857875,77.071907,2026-01-30T01:47:00Z
Manual Upload,HUMINT,Field Report 2095,Ground report from field asset with directional notes.,28.685851,77.036851,2026-01-30T02:07:00Z
Manual Upload,HUMINT,Field Report 2096,Ground report from field asset with directional notes.,28.710871,77.335659,2026-01-30T02:27:00Z
Manual Upload,HUMINT,Field Report 2097,Ground report from field asset with directional notes.,28.722001,77.405592,2026-01-30T02:47:00Z
Manual Upload,HUMINT,Field Report 2098,Ground report from field asset with directional notes.,28.84854,77.358968,2026-01-30T03:07:00Z
Manual Upload,HUMINT,Field Report 2099,Ground report from field asset with directional notes.,28.611501,77.416922,2026-01-30T03:27:00Z
Manual Upload,HUMINT,Field Report 2100,Ground report from field asset with directional notes.,28.711369,77.112278,2026-01-30T03:47:00Z
Manual Upload,HUMINT,Field Report 2101,Ground report from field asset with directional notes.,28.7418,77.110429,2026-01-30T04:07:00Z
Manual Upload,HUMINT,Field Report 2102,Ground report from field asset with directional notes.,28.468522,77.278124,2026-01-30T04:27:00Z
Manual Upload,HUMINT,Field Report 2103,Ground report from field asset with directional notes.,28.839675,77.054503,2026-01-30T04:47:00Z
Manual Upload,HUMINT,Field Report 2104,Ground report from field asset with directional notes.,28.37201,77.106892,2026-01-30T05:07:00Z
Manual Upload,HUMINT,Field Report 2105,Ground report from field asset with directional notes.,28.467444,77.372828,2026-01-30T05:27:00Z
Manual Upload,HUMINT,Field Report 2106,Ground report from field asset with directional notes.,28.704141,76.992511,2026-01-30T05:47:00Z
Manual Upload,HUMINT,Field Report 2107,Ground report from field asset with directional notes.,28.5902,77.018476,2026-01-30T06:07:00Z
Manual Upload,HUMINT,Field Report 2108,Ground report from field asset with directional notes.,28.836337,77.289793,2026-01-30T06:27:00Z
Manual Upload,HUMINT,Field Report 2109,Ground report from field asset with directional notes.,28.369184,77.25778,2026-01-30T06:47:00Z
Manual Upload,HUMINT,Field Report 2110,Ground report from field asset with directional notes.,28.535485,77.146458,2026-01-30T07:07:00Z
Manual Upload,HUMINT,Field Report 2111,Ground report from field asset with directional notes.,28.515793,77.268629,2026-01-30T07:27:00Z
Manual Upload,HUMINT,Field Report 2112,Ground report from field asset with directional notes.,28.823678,77.27661,2026-01-30T07:47:00Z
Manual Upload,HUMINT,Field Report 2113,Ground report from field asset with directional notes.,28.660568,77.298559,2026-01-30T08:07:00Z
Manual Upload,HUMINT,Field Report 2114,Ground report from field asset with directional notes.,28.852407,77.208997,2026-01-30T08:27:00Z
Manual Upload,HUMINT,Field Report 2115,Ground report from field asset with directional notes.,28.539648,77.086891,2026-01-30T08:47:00Z
Manual Upload,HUMINT,Field Report 2116,Ground report from field asset with directional notes.,28.600699,77.357916,2026-01-30T09:07:00Z
Manual Upload,HUMINT,Field Report 2117,Ground report from field asset with directional notes.,28.740359,77.343894,2026-01-30T09:27:00Z
Manual Upload,HUMINT,Field Report 2118,Ground report from field asset with directional notes.,28.575251,77.252562,2026-01-30T09:47:00Z
Manual Upload,HUMINT,Field Report 2119,Ground report from field asset with directional notes.,28.804218,77.433561,2026-01-30T10:07:00Z
Manual Upload,HUMINT,Field Report 2120,Ground report from field asset with directional notes.,28.706324,77.456319,2026-01-30T10:27:00Z
Manual Upload,HUMINT,Field Report 2121,Ground report from field asset with directional notes.,28.553884,77.440384,2026-01-30T10:47:00Z
Manual Upload,HUMINT,Field Report 2122,Ground report from field asset with directional notes.,28.743425,77.002414,2026-01-30T11:07:00Z
Manual Upload,HUMINT,Field Report 2123,Ground report from field asset with directional notes.,28.489978,77.005024,2026-01-30T11:27:00Z
Manual Upload,HUMINT,Field Report 2124,Ground report from field asset with directional notes.,28.486595,77.374315,2026-01-30T11:47:00Z
Manual Upload,HUMINT,Field Report 2125,Ground report from field asset with directional notes.,28.679549,77.006003,2026-01-30T12:07:00Z
Manual Upload,HUMINT,Field Report 2126,Ground report from field asset with directional notes.,28.553826,77.127691,2026-01-30T12:27:00Z
Manual Upload,HUMINT,Field Report 2127,Ground report from field asset with directional notes.,28.665704,77.19364,2026-01-30T12:47:00Z
Manual Upload,HUMINT,Field Report 2128,Ground report from field asset with directional notes.,28.525336,77.235313,2026-01-30T13:07:00Z
Manual Upload,HUMINT,Field Report 2129,Ground report from field asset with directional notes.,28.71592,77.184599,2026-01-30T13:27:00Z
Manual Upload,HUMINT,Field Report 2130,Ground report from field asset with directional notes.,28.670759,77.006477,2026-01-30T13:47:00Z
Manual Upload,HUMINT,Field Report 2131,Ground report from field asset with directional notes.,28.705812,77.255715,2026-01-30T14:07:00Z
Manual Upload,HUMINT,Field Report 2132,Ground report from field asset with directional notes.,28.701521,76.973118,2026-01-30T14:27:00Z
Manual Upload,HUMINT,Field Report 2133,Ground report from field asset with directional notes.,28.617047,76.99355,2026-01-30T14:47:00Z
Manual Upload,HUMINT,Field Report 2134,Ground report from field asset with directional notes.,28.454517,77.096371,2026-01-30T15:07:00Z
Manual Upload,HUMINT,Field Report 2135,Ground report from field asset with directional notes.,28.646425,77.359654,2026-01-30T15:27:00Z
Manual Upload,HUMINT,Field Report 2136,Ground report from field asset with directional notes.,28.631731,77.321165,2026-01-30T15:47:00Z
Manual Upload,HUMINT,Field Report 2137,Ground report from field asset with directional notes.,28.490502,77.017834,2026-01-30T16:07:00Z
Manual Upload,HUMINT,Field Report 2138,Ground report from field asset with directional notes.,28.622268,77.045959,2026-01-30T16:27:00Z
Manual Upload,HUMINT,Field Report 2139,Ground report from field asset with directional notes.,28.589763,77.385778,2026-01-30T16:47:00Z
Manual Upload,HUMINT,Field Report 2140,Ground report from field asset with directional notes.,28.383808,77.25956,2026-01-30T17:07:00Z
Manual Upload,HUMINT,Field Report 2141,Ground report from field asset with directional notes.,28.577266,77.302404,2026-01-30T17:27:00Z
Manual Upload,HUMINT,Field Report 2142,Ground report from field asset with directional notes.,28.848182,76.99741,2026-01-30T17:47:00Z
Manual Upload,HUMINT,Field Report 2143,Ground report from field asset with directional notes.,28.604973,77.083521,2026-01-30T18:07:00Z
Manual Upload,HUMINT,Field Report 2144,Ground report from field asset with directional notes.,28.557552,77.331265,2026-01-30T18:27:00Z
Manual Upload,HUMINT,Field Report 2145,Ground report from field asset with directional notes.,28.690836,77.047316,2026-01-30T18:47:00Z
Manual Upload,HUMINT,Field Report 2146,Ground report from field asset with directional notes.,28.55226,77.110138,2026-01-30T19:07:00Z
Manual Upload,HUMINT,Field Report 2147,Ground report from field asset with directional notes.,28.475611,77.391783,2026-01-30T19:27:00Z
Manual Upload,HUMINT,Field Report 2148,Ground report from field asset with directional notes.,28.655685,77.205676,2026-01-30T19:47:00Z
Manual Upload,HUMINT,Field Report 2149,Ground report from field asset with directional notes.,28.720814,77.363209,2026-01-30T20:07:00Z
Manual Upload,HUMINT,Field Report 2150,Ground report from field asset with directional notes.,28.837921,77.017045,2026-01-30T20:27:00Z
Manual Upload,HUMINT,Field Report 2151,Ground report from field asset with directional notes.,28.446117,77.025,2026-01-30T20:47:00Z
Manual Upload,HUMINT,Field Report 2152,Ground report from field asset with directional notes.,28.853298,77.261603,2026-01-30T21:07:00Z
Manual Upload,HUMINT,Field Report 2153,Ground report from field asset with directional notes.,28.375739,77.207073,2026-01-30T21:27:00Z
Manual Upload,HUMINT,Field Report 2154,Ground report from field asset with directional notes.,28.761069,77.173987,2026-01-30T21:47:00Z
Manual Upload,HUMINT,Field Report 2155,Ground report from field asset with directional notes.,28.718104,77.407845,2026-01-30T22:07:00Z
Manual Upload,HUMINT,Field Report 2156,Ground report from field asset with directional notes.,28.548044,77.230742,2026-01-30T22:27:00Z
Manual Upload,HUMINT,Field Report 2157,Ground report from field asset with directional notes.,28.573212,76.975768,2026-01-30T22:47:00Z
Manual Upload,HUMINT,Field Report 2158,Ground report from field asset with directional notes.,28.582046,77.310024,2026-01-30T23:07:00Z
Manual Upload,HUMINT,Field Report 2159,Ground report from field asset with directional notes.,28.397369,77.002621,2026-01-30T23:27:00Z
Manual Upload,HUMINT,Field Report 2160,Ground report from field asset with directional notes.,28.802791,77.291351,2026-01-30T23:47:00Z
Manual Upload,HUMINT,Field Report 2161,Ground report from field asset with directional notes.,28.601213,77.212557,2026-01-31T00:07:00Z
Manual Upload,HUMINT,Field Report 2162,Ground report from field asset with directional notes.,28.485516,77.422934,2026-01-31T00:27:00Z
Manual Upload,HUMINT,Field Report 2163,Ground report from field asset with directional notes.,28.432664,76.971055,2026-01-31T00:47:00Z
Manual Upload,HUMINT,Field Report 2164,Ground report from field asset with directional notes.,28.407089,77.052395,2026-01-31T01:07:00Z
Manual Upload,HUMINT,Field Report 2165,Ground report from field asset with directional notes.,28.462159,77.288931,2026-01-31T01:27:00Z
Manual Upload,HUMINT,Field Report 2166,Ground report from field asset with directional notes.,28.636859,77.237684,2026-01-31T01:47:00Z
Manual Upload,HUMINT,Field Report 2167,Ground report from field asset with directional notes.,28.60284,77.444433,2026-01-31T02:07:00Z
Manual Upload,HUMINT,Field Report 2168,Ground report from field asset with directional notes.,28.692031,77.25006,2026-01-31T02:27:00Z
Manual Upload,HUMINT,Field Report 2169,Ground report from field asset with directional notes.,28.421825,76.978878,2026-01-31T02:47:00Z
Manual Upload,HUMINT,Field Report 2170,Ground report from field asset with directional notes.,28.465124,77.109172,2026-01-31T03:07:00Z
Manual Upload,HUMINT,Field Report 2171,Ground report from field asset with directional notes.,28.737221,77.154355,2026-01-31T03:27:00Z
Manual Upload,HUMINT,Field Report 2172,Ground report from field asset with directional notes.,28.549829,77.214098,2026-01-31T03:47:00Z
Manual Upload,HUMINT,Field Report 2173,Ground report from field asset with directional notes.,28.369983,77.221282,2026-01-31T04:07:00Z
Manual Upload,HUMINT,Field Report 2174,Ground report from field asset with directional notes.,28.496844,77.22426,2026-01-31T04:27:00Z
Manual Upload,HUMINT,Field Report 2175,Ground report from field asset with directional notes.,28.515572,77.364731,2026-01-31T04:47:00Z
Manual Upload,HUMINT,Field Report 2176,Ground report from field asset with directional notes.,28.523665,77.080838,2026-01-31T05:07:00Z
Manual Upload,HUMINT,Field Report 2177,Ground report from field asset with directional notes.,28.604095,77.065781,2026-01-31T05:27:00Z
Manual Upload,HUMINT,Field Report 2178,Ground report from field asset with directional notes.,28.695918,77.198138,2026-01-31T05:47:00Z
Manual Upload,HUMINT,Field Report 2179,Ground report from field asset with directional notes.,28.470961,77.045209,2026-01-31T06:07:00Z
Manual Upload,HUMINT,Field Report 2180,Ground report from field asset with directional notes.,28.640416,77.272515,2026-01-31T06:27:00Z
Manual Upload,HUMINT,Field Report 2181,Ground report from field asset with directional notes.,28.793246,76.994459,2026-01-31T06:47:00Z
Manual Upload,HUMINT,Field Report 2182,Ground report from field asset with directional notes.,28.697441,77.387923,2026-01-31T07:07:00Z
Manual Upload,HUMINT,Field Report 2183,Ground report from field asset with directional notes.,28.436601,77.339259,2026-01-31T07:27:00Z
Manual Upload,HUMINT,Field Report 2184,Ground report from field asset with directional notes.,28.602744,77.453933,2026-01-31T07:47:00Z
Manual Upload,HUMINT,Field Report 2185,Ground report from field asset with directional notes.,28.400195,77.041366,2026-01-31T08:07:00Z
Manual Upload,HUMINT,Field Report 2186,Ground report from field asset with directional notes.,28.67737,77.165754,2026-01-31T08:27:00Z
Manual Upload,HUMINT,Field Report 2187,Ground report from field asset with directional notes.,28.676712,77.427804,2026-01-31T08:47:00Z
Manual Upload,HUMINT,Field Report 2188,Ground report from field asset with directional notes.,28.777888,77.162196,2026-01-31T09:07:00Z
Manual Upload,HUMINT,Field Report 2189,Ground report from field asset with directional notes.,28.740085,76.980454,2026-01-31T09:27:00Z
Manual Upload,HUMINT,Field Report 2190,Ground report from field asset with directional notes.,28.524144,77.156314,2026-01-31T09:47:00Z
Manual Upload,HUMINT,Field Report 2191,Ground report from field asset with directional notes.,28.460203,77.322248,2026-01-31T10:07:00Z
Manual Upload,HUMINT,Field Report 2192,Ground report from field asset with directional notes.,28.550741,77.183914,2026-01-31T10:27:00Z
Manual Upload,HUMINT,Field Report 2193,Ground report from field asset with directional notes.,28.782086,77.071361,2026-01-31T10:47:00Z
Manual Upload,HUMINT,Field Report 2194,Ground report from field asset with directional notes.,28.817654,77.198683,2026-01-31T11:07:00Z
Manual Upload,HUMINT,Field Report 2195,Ground report from field asset with directional notes.,28.838594,77.213774,2026-01-31T11:27:00Z
Manual Upload,HUMINT,Field Report 2196,Ground report from field asset with directional notes.,28.567166,77.394936,2026-01-31T11:47:00Z
Manual Upload,HUMINT,Field Report 2197,Ground report from field asset with directional notes.,28.681572,77.07967,2026-01-31T12:07:00Z
Manual Upload,HUMINT,Field Report 2198,Ground report from field asset with directional notes.,28.624529,77.207567,2026-01-31T12:27:00Z
Manual Upload,HUMINT,Field Report 2199,Ground report from field asset with directional notes.,28.401428,77.258911,2026-01-31T12:47:00Z
Manual Upload,HUMINT,Field Report 2200,Ground report from field asset with directional notes.,28.572558,77.239843,2026-01-31T13:07:00Z
Manual Upload,HUMINT,Field Report 2201,Ground report from field asset with directional notes.,28.716137,77.347524,2026-01-31T13:27:00Z
Manual Upload,HUMINT,Field Report 2202,Ground report from field asset with directional notes.,28.750359,76.978974,2026-01-31T13:47:00Z
Manual Upload,HUMINT,Field Report 2203,Ground report from field asset with directional notes.,28.502595,77.099417,2026-01-31T14:07:00Z
Manual Upload,HUMINT,Field Report 2204,Ground report from field asset with directional notes.,28.688983,77.452339,2026-01-31T14:27:00Z
Manual Upload,HUMINT,Field Report 2205,Ground report from field asset with directional notes.,28.534641,77.377162,2026-01-31T14:47:00Z
Manual Upload,HUMINT,Field Report 2206,Ground report from field asset with directional notes.,28.666548,77.418663,2026-01-31T15:07:00Z
Manual Upload,HUMINT,Field Report 2207,Ground report from field asset with directional notes.,28.791589,77.193956,2026-01-31T15:27:00Z
Manual Upload,HUMINT,Field Report 2208,Ground report from field asset with directional notes.,28.607794,77.337709,2026-01-31T15:47:00Z
Manual Upload,HUMINT,Field Report 2209,Ground report from field asset with directional notes.,28.783654,77.253781,2026-01-31T16:07:00Z
Manual Upload,HUMINT,Field Report 2210,Ground report from field asset with directional notes.,28.643994,77.300092,2026-01-31T16:27:00Z
Manual Upload,HUMINT,Field Report 2211,Ground report from field asset with directional notes.,28.663571,77.351908,2026-01-31T16:47:00Z
Manual Upload,HUMINT,Field Report 2212,Ground report from field asset with directional notes.,28.432534,77.127538,2026-01-31T17:07:00Z
Manual Upload,HUMINT,Field Report 2213,Ground report from field asset with directional notes.,28.709612,77.446613,2026-01-31T17:27:00Z
Manual Upload,HUMINT,Field Report 2214,Ground report from field asset with directional notes.,28.63027,77.267183,2026-01-31T17:47:00Z
Manual Upload,HUMINT,Field Report 2215,Ground report from field asset with directional notes.,28.395367,77.273561,2026-01-31T18:07:00Z
Manual Upload,HUMINT,Field Report 2216,Ground report from field asset with directional notes.,28.83098,77.396376,2026-01-31T18:27:00Z
Manual Upload,HUMINT,Field Report 2217,Ground report from field asset with directional notes.,28.661117,77.072921,2026-01-31T18:47:00Z
Manual Upload,HUMINT,Field Report 2218,Ground report from field asset with directional notes.,28.82731,77.121082,2026-01-31T19:07:00Z
Manual Upload,HUMINT,Field Report 2219,Ground report from field asset with directional notes.,28.483607,77.054633,2026-01-31T19:27:00Z
Manual Upload,HUMINT,Field Report 2220,Ground report from field asset with directional notes.,28.85007,77.054923,2026-01-31T19:47:00Z
Manual Upload,HUMINT,Field Report 2221,Ground report from field asset with directional notes.,28.531399,77.29705,2026-01-31T20:07:00Z
Manual Upload,HUMINT,Field Report 2222,Ground report from field asset with directional notes.,28.503161,77.25788,2026-01-31T20:27:00Z
Manual Upload,HUMINT,Field Report 2223,Ground report from field asset with directional notes.,28.698742,77.053176,2026-01-31T20:47:00Z
Manual Upload,HUMINT,Field Report 2224,Ground report from field asset with directional notes.,28.670427,77.352447,2026-01-31T21:07:00Z
Manual Upload,HUMINT,Field Report 2225,Ground report from field asset with directional notes.,28.765022,77.303166,2026-01-31T21:27:00Z
Manual Upload,HUMINT,Field Report 2226,Ground report from field asset with directional notes.,28.458883,77.30199,2026-01-31T21:47:00Z
Manual Upload,HUMINT,Field Report 2227,Ground report from field asset with directional notes.,28.720211,77.235452,2026-01-31T22:07:00Z
Manual Upload,HUMINT,Field Report 2228,Ground report from field asset with directional notes.,28.466132,77.190345,2026-01-31T22:27:00Z
Manual Upload,HUMINT,Field Report 2229,Ground report from field asset with directional notes.,28.623956,77.017605,2026-01-31T22:47:00Z
Manual Upload,HUMINT,Field Report 2230,Ground report from field asset with directional notes.,28.725271,77.104731,2026-01-31T23:07:00Z
Manual Upload,HUMINT,Field Report 2231,Ground report from field asset with directional notes.,28.487414,77.258066,2026-01-31T23:27:00Z
Manual Upload,HUMINT,Field Report 2232,Ground report from field asset with directional notes.,28.680622,77.127686,2026-01-31T23:47:00Z
Manual Upload,HUMINT,Field Report 2233,Ground report from field asset with directional notes.,28.807537,77.363789,2026-02-01T00:07:00Z
Manual Upload,HUMINT,Field Report 2234,Ground report from field asset with directional notes.,28.551399,77.154815,2026-02-01T00:27:00Z
Manual Upload,HUMINT,Field Report 2235,Ground report from field asset with directional notes.,28.722421,77.425242,2026-02-01T00:47:00Z
Manual Upload,HUMINT,Field Report 2236,Ground report from field asset with directional notes.,28.59344,77.1297,2026-02-01T01:07:00Z
Manual Upload,HUMINT,Field Report 2237,Ground report from field asset with directional notes.,28.491263,76.995025,2026-02-01T01:27:00Z
Manual Upload,HUMINT,Field Report 2238,Ground report from field asset with directional notes.,28.426115,77.147281,2026-02-01T01:47:00Z
Manual Upload,HUMINT,Field Report 2239,Ground report from field asset with directional notes.,28.639242,77.15554,2026-02-01T02:07:00Z
Manual Upload,HUMINT,Field Report 2240,Ground report from field asset with directional notes.,28.397173,77.364996,2026-02-01T02:27:00Z
Manual Upload,HUMINT,Field Report 2241,Ground report from field asset with directional notes.,28.491305,77.206528,2026-02-01T02:47:00Z
Manual Upload,HUMINT,Field Report 2242,Ground report from field asset with directional notes.,28.831276,77.234322,2026-02-01T03:07:00Z
Manual Upload,HUMINT,Field Report 2243,Ground report from field asset with directional notes.,28.774479,77.214559,2026-02-01T03:27:00Z
Manual Upload,HUMINT,Field Report 2244,Ground report from field asset with directional notes.,28.574147,77.091851,2026-02-01T03:47:00Z
Manual Upload,HUMINT,Field Report 2245,Ground report from field asset with directional notes.,28.854689,77.273056,2026-02-01T04:07:00Z
Manual Upload,HUMINT,Field Report 2246,Ground report from field asset with directional notes.,28.60868,77.01304,2026-02-01T04:27:00Z
Manual Upload,HUMINT,Field Report 2247,Ground report from field asset with directional notes.,28.582486,77.115571,2026-02-01T04:47:00Z
Manual Upload,HUMINT,Field Report 2248,Ground report from field asset with directional notes.,28.433764,77.020458,2026-02-01T05:07:00Z
Manual Upload,HUMINT,Field Report 2249,Ground report from field asset with directional notes.,28.743962,77.456095,2026-02-01T05:27:00Z
Manual Upload,HUMINT,Field Report 2250,Ground report from field asset with directional notes.,28.384417,76.99414,2026-02-01T05:47:00Z
Manual Upload,HUMINT,Field Report 2251,Ground report from field asset with directional notes.,28.417631,77.226611,2026-02-01T06:07:00Z
Manual Upload,HUMINT,Field Report 2252,Ground report from field asset with directional notes.,28.427611,77.006945,2026-02-01T06:27:00Z
Manual Upload,HUMINT,Field Report 2253,Ground report from field asset with directional notes.,28.735412,77.170632,2026-02-01T06:47:00Z
Manual Upload,HUMINT,Field Report 2254,Ground report from field asset with directional notes.,28.383869,77.289148,2026-02-01T07:07:00Z
Manual Upload,HUMINT,Field Report 2255,Ground report from field asset with directional notes.,28.39384,77.014716,2026-02-01T07:27:00Z
Manual Upload,HUMINT,Field Report 2256,Ground report from field asset with directional notes.,28.852318,77.318786,2026-02-01T07:47:00Z
Manual Upload,HUMINT,Field Report 2257,Ground report from field asset with directional notes.,28.505994,77.07934,2026-02-01T08:07:00Z
Manual Upload,HUMINT,Field Report 2258,Ground report from field asset with directional notes.,28.474119,77.260831,2026-02-01T08:27:00Z
Manual Upload,HUMINT,Field Report 2259,Ground report from field asset with directional notes.,28.739763,77.422926,2026-02-01T08:47:00Z
Manual Upload,HUMINT,Field Report 2260,Ground report from field asset with directional notes.,28.540676,77.077181,2026-02-01T09:07:00Z
Manual Upload,HUMINT,Field Report 2261,Ground report from field asset with directional notes.,28.375377,77.25106,2026-02-01T09:27:00Z
Manual Upload,HUMINT,Field Report 2262,Ground report from field asset with directional notes.,28.745076,77.044921,2026-02-01T09:47:00Z
Manual Upload,HUMINT,Field Report 2263,Ground report from field asset with directional notes.,28.8471,77.150636,2026-02-01T10:07:00Z
Manual Upload,HUMINT,Field Report 2264,Ground report from field asset with directional notes.,28.634756,76.96772,2026-02-01T10:27:00Z
Manual Upload,HUMINT,Field Report 2265,Ground report from field asset with directional notes.,28.444098,77.24462,2026-02-01T10:47:00Z
Manual Upload,HUMINT,Field Report 2266,Ground report from field asset with directional notes.,28.670966,77.446043,2026-02-01T11:07:00Z
Manual Upload,HUMINT,Field Report 2267,Ground report from field asset with directional notes.,28.768675,77.021282,2026-02-01T11:27:00Z
Manual Upload,HUMINT,Field Report 2268,Ground report from field asset with directional notes.,28.486996,77.162201,2026-02-01T11:47:00Z
Manual Upload,HUMINT,Field Report 2269,Ground report from field asset with directional notes.,28.484912,77.263804,2026-02-01T12:07:00Z
Manual Upload,HUMINT,Field Report 2270,Ground report from field asset with directional notes.,28.809843,77.417813,2026-02-01T12:27:00Z
Manual Upload,HUMINT,Field Report 2271,Ground report from field asset with directional notes.,28.503635,76.960584,2026-02-01T12:47:00Z
Manual Upload,HUMINT,Field Report 2272,Ground report from field asset with directional notes.,28.699481,77.176597,2026-02-01T13:07:00Z
Manual Upload,HUMINT,Field Report 2273,Ground report from field asset with directional notes.,28.794348,77.383795,2026-02-01T13:27:00Z
Manual Upload,HUMINT,Field Report 2274,Ground report from field asset with directional notes.,28.586983,77.07509,2026-02-01T13:47:00Z
Manual Upload,HUMINT,Field Report 2275,Ground report from field asset with directional notes.,28.787541,77.163267,2026-02-01T14:07:00Z
Manual Upload,HUMINT,Field Report 2276,Ground report from field asset with directional notes.,28.585967,77.034193,2026-02-01T14:27:00Z
Manual Upload,HUMINT,Field Report 2277,Ground report from field asset with directional notes.,28.807959,77.384293,2026-02-01T14:47:00Z
Manual Upload,HUMINT,Field Report 2278,Ground report from field asset with directional notes.,28.739247,76.970513,2026-02-01T15:07:00Z
Manual Upload,HUMINT,Field Report 2279,Ground report from field asset with directional notes.,28.746428,77.061564,2026-02-01T15:27:00Z
Manual Upload,HUMINT,Field Report 2280,Ground report from field asset with directional notes.,28.700556,77.177325,2026-02-01T15:47:00Z
Manual Upload,HUMINT,Field Report 2281,Ground report from field asset with directional notes.,28.801473,77.130144,2026-02-01T16:07:00Z
Manual Upload,HUMINT,Field Report 2282,Ground report from field asset with directional notes.,28.374258,77.21278,2026-02-01T16:27:00Z
Manual Upload,HUMINT,Field Report 2283,Ground report from field asset with directional notes.,28.55785,77.180095,2026-02-01T16:47:00Z
Manual Upload,HUMINT,Field Report 2284,Ground report from field asset with directional notes.,28.466635,77.031258,2026-02-01T17:07:00Z
Manual Upload,HUMINT,Field Report 2285,Ground report from field asset with directional notes.,28.402578,77.37747,2026-02-01T17:27:00Z
Manual Upload,HUMINT,Field Report 2286,Ground report from field asset with directional notes.,28.705539,77.043191,2026-02-01T17:47:00Z
Manual Upload,HUMINT,Field Report 2287,Ground report from field asset with directional notes.,28.565903,77.067964,2026-02-01T18:07:00Z
Manual Upload,HUMINT,Field Report 2288,Ground report from field asset with directional notes.,28.540533,77.096071,2026-02-01T18:27:00Z
Manual Upload,HUMINT,Field Report 2289,Ground report from field asset with directional notes.,28.721367,77.408226,2026-02-01T18:47:00Z
Manual Upload,HUMINT,Field Report 2290,Ground report from field asset with directional notes.,28.553622,77.397865,2026-02-01T19:07:00Z
Manual Upload,HUMINT,Field Report 2291,Ground report from field asset with directional notes.,28.844228,77.302246,2026-02-01T19:27:00Z
Manual Upload,HUMINT,Field Report 2292,Ground report from field asset with directional notes.,28.645555,77.281739,2026-02-01T19:47:00Z
Manual Upload,HUMINT,Field Report 2293,Ground report from field asset with directional notes.,28.396247,77.315535,2026-02-01T20:07:00Z
Manual Upload,HUMINT,Field Report 2294,Ground report from field asset with directional notes.,28.37484,77.244828,2026-02-01T20:27:00Z
Manual Upload,HUMINT,Field Report 2295,Ground report from field asset with directional notes.,28.54366,76.969247,2026-02-01T20:47:00Z
Manual Upload,HUMINT,Field Report 2296,Ground report from field asset with directional notes.,28.582046,77.181664,2026-02-01T21:07:00Z
Manual Upload,HUMINT,Field Report 2297,Ground report from field asset with directional notes.,28.575969,77.177681,2026-02-01T21:27:00Z
Manual Upload,HUMINT,Field Report 2298,Ground report from field asset with directional notes.,28.538015,77.093561,2026-02-01T21:47:00Z
Manual Upload,HUMINT,Field Report 2299,Ground report from field asset with directional notes.,28.819699,77.08893,2026-02-01T22:07:00Z
Manual Upload,HUMINT,Field Report 2300,Ground report from field asset with directional notes.,28.442949,77.068568,2026-02-01T22:27:00Z
Manual Upload,HUMINT,Field Report 2301,Ground report from field asset with directional notes.,28.656647,77.217585,2026-02-01T22:47:00Z
Manual Upload,HUMINT,Field Report 2302,Ground report from field asset with directional notes.,28.629368,77.056856,2026-02-01T23:07:00Z
Manual Upload,HUMINT,Field Report 2303,Ground report from field asset with directional notes.,28.382047,77.149722,2026-02-01T23:27:00Z
Manual Upload,HUMINT,Field Report 2304,Ground report from field asset with directional notes.,28.387889,77.07329,2026-02-01T23:47:00Z
Manual Upload,HUMINT,Field Report 2305,Ground report from field asset with directional notes.,28.717452,77.038377,2026-02-02T00:07:00Z
Manual Upload,HUMINT,Field Report 2306,Ground report from field asset with directional notes.,28.671625,77.235412,2026-02-02T00:27:00Z
Manual Upload,HUMINT,Field Report 2307,Ground report from field asset with directional notes.,28.489096,77.221627,2026-02-02T00:47:00Z
Manual Upload,HUMINT,Field Report 2308,Ground report from field asset with directional notes.,28.491473,77.033515,2026-02-02T01:07:00Z
Manual Upload,HUMINT,Field Report 2309,Ground report from field asset with directional notes.,28.434717,77.176947,2026-02-02T01:27:00Z
Manual Upload,HUMINT,Field Report 2310,Ground report from field asset with directional notes.,28.799404,77.05201,2026-02-02T01:47:00Z
Manual Upload,HUMINT,Field Report 2311,Ground report from field asset with directional notes.,28.568632,77.042314,2026-02-02T02:07:00Z
Manual Upload,HUMINT,Field Report 2312,Ground report from field asset with directional notes.,28.397289,77.394905,2026-02-02T02:27:00Z
Manual Upload,HUMINT,Field Report 2313,Ground report from field asset with directional notes.,28.674372,77.245305,2026-02-02T02:47:00Z
Manual Upload,HUMINT,Field Report 2314,Ground report from field asset with directional notes.,28.75545,77.394914,2026-02-02T03:07:00Z
Manual Upload,HUMINT,Field Report 2315,Ground report from field asset with directional notes.,28.797304,77.329547,2026-02-02T03:27:00Z
Manual Upload,HUMINT,Field Report 2316,Ground report from field asset with directional notes.,28.508021,77.194124,2026-02-02T03:47:00Z
Manual Upload,HUMINT,Field Report 2317,Ground report from field asset with directional notes.,28.575532,77.042963,2026-02-02T04:07:00Z
Manual Upload,HUMINT,Field Report 2318,Ground report from field asset with directional notes.,28.372491,77.439671,2026-02-02T04:27:00Z
Manual Upload,HUMINT,Field Report 2319,Ground report from field asset with directional notes.,28.665217,76.997524,2026-02-02T04:47:00Z
Manual Upload,HUMINT,Field Report 2320,Ground report from field asset with directional notes.,28.750318,77.093522,2026-02-02T05:07:00Z
Manual Upload,HUMINT,Field Report 2321,Ground report from field asset with directional notes.,28.755472,77.225977,2026-02-02T05:27:00Z
Manual Upload,HUMINT,Field Report 2322,Ground report from field asset with directional notes.,28.75343,77.235719,2026-02-02T05:47:00Z
Manual Upload,HUMINT,Field Report 2323,Ground report from field asset with directional notes.,28.548365,77.048462,2026-02-02T06:07:00Z
Manual Upload,HUMINT,Field Report 2324,Ground report from field asset with directional notes.,28.630729,77.052403,2026-02-02T06:27:00Z
Manual Upload,HUMINT,Field Report 2325,Ground report from field asset with directional notes.,28.757354,77.121739,2026-02-02T06:47:00Z
Manual Upload,HUMINT,Field Report 2326,Ground report from field asset with directional notes.,28.449797,77.095169,2026-02-02T07:07:00Z
Manual Upload,HUMINT,Field Report 2327,Ground report from field asset with directional notes.,28.770553,77.209457,2026-02-02T07:27:00Z
Manual Upload,HUMINT,Field Report 2328,Ground report from field asset with directional notes.,28.811319,77.155903,2026-02-02T07:47:00Z
Manual Upload,HUMINT,Field Report 2329,Ground report from field asset with directional notes.,28.447401,77.193533,2026-02-02T08:07:00Z
Manual Upload,HUMINT,Field Report 2330,Ground report from field asset with directional notes.,28.787169,77.079963,2026-02-02T08:27:00Z
Manual Upload,HUMINT,Field Report 2331,Ground report from field asset with directional notes.,28.668385,77.142595,2026-02-02T08:47:00Z
Manual Upload,HUMINT,Field Report 2332,Ground report from field asset with directional notes.,28.755479,77.190203,2026-02-02T09:07:00Z
Manual Upload,HUMINT,Field Report 2333,Ground report from field asset with directional notes.,28.591372,77.314105,2026-02-02T09:27:00Z
Manual Upload,HUMINT,Field Report 2334,Ground report from field asset with directional notes.,28.720615,77.040043,2026-02-02T09:47:00Z
Manual Upload,HUMINT,Field Report 2335,Ground report from field asset with directional notes.,28.666905,76.980137,2026-02-02T10:07:00Z
Manual Upload,HUMINT,Field Report 2336,Ground report from field asset with directional notes.,28.855328,77.026952,2026-02-02T10:27:00Z
Manual Upload,HUMINT,Field Report 2337,Ground report from field asset with directional notes.,28.507501,77.223447,2026-02-02T10:47:00Z
Manual Upload,HUMINT,Field Report 2338,Ground report from field asset with directional notes.,28.608878,77.336129,2026-02-02T11:07:00Z
Manual Upload,HUMINT,Field Report 2339,Ground report from field asset with directional notes.,28.639058,77.322117,2026-02-02T11:27:00Z
Manual Upload,HUMINT,Field Report 2340,Ground report from field asset with directional notes.,28.808296,77.19231,2026-02-02T11:47:00Z
Manual Upload,HUMINT,Field Report 2341,Ground report from field asset with directional notes.,28.687577,77.218828,2026-02-02T12:07:00Z
Manual Upload,HUMINT,Field Report 2342,Ground report from field asset with directional notes.,28.757092,77.247736,2026-02-02T12:27:00Z
Manual Upload,HUMINT,Field Report 2343,Ground report from field asset with directional notes.,28.782714,77.161599,2026-02-02T12:47:00Z
Manual Upload,HUMINT,Field Report 2344,Ground report from field asset with directional notes.,28.489615,77.427435,2026-02-02T13:07:00Z
Manual Upload,HUMINT,Field Report 2345,Ground report from field asset with directional notes.,28.447348,77.387963,2026-02-02T13:27:00Z
Manual Upload,HUMINT,Field Report 2346,Ground report from field asset with directional notes.,28.42702,76.977208,2026-02-02T13:47:00Z
Manual Upload,HUMINT,Field Report 2347,Ground report from field asset with directional notes.,28.400609,77.456357,2026-02-02T14:07:00Z
Manual Upload,HUMINT,Field Report 2348,Ground report from field asset with directional notes.,28.784873,77.016768,2026-02-02T14:27:00Z
Manual Upload,HUMINT,Field Report 2349,Ground report from field asset with directional notes.,28.815983,77.150286,2026-02-02T14:47:00Z
Manual Upload,HUMINT,Field Report 2350,Ground report from field asset with directional notes.,28.513659,76.970938,2026-02-02T15:07:00Z
Manual Upload,HUMINT,Field Report 2351,Ground report from field asset with directional notes.,28.607511,77.334156,2026-02-02T15:27:00Z
Manual Upload,HUMINT,Field Report 2352,Ground report from field asset with directional notes.,28.471685,77.346536,2026-02-02T15:47:00Z
Manual Upload,HUMINT,Field Report 2353,Ground report from field asset with directional notes.,28.739074,77.18397,2026-02-02T16:07:00Z
Manual Upload,HUMINT,Field Report 2354,Ground report from field asset with directional notes.,28.659115,77.338378,2026-02-02T16:27:00Z
Manual Upload,HUMINT,Field Report 2355,Ground report from field asset with directional notes.,28.433823,77.35588,2026-02-02T16:47:00Z
Manual Upload,HUMINT,Field Report 2356,Ground report from field asset with directional notes.,28.56208,77.030158,2026-02-02T17:07:00Z
Manual Upload,HUMINT,Field Report 2357,Ground report from field asset with directional notes.,28.814152,77.410832,2026-02-02T17:27:00Z
Manual Upload,HUMINT,Field Report 2358,Ground report from field asset with directional notes.,28.49036,77.15862,2026-02-02T17:47:00Z
Manual Upload,HUMINT,Field Report 2359,Ground report from field asset with directional notes.,28.720345,77.144784,2026-02-02T18:07:00Z
Manual Upload,HUMINT,Field Report 2360,Ground report from field asset with directional notes.,28.466246,77.024207,2026-02-02T18:27:00Z
Manual Upload,HUMINT,Field Report 2361,Ground report from field asset with directional notes.,28.843709,77.081683,2026-02-02T18:47:00Z
Manual Upload,HUMINT,Field Report 2362,Ground report from field asset with directional notes.,28.436669,77.279011,2026-02-02T19:07:00Z
Manual Upload,HUMINT,Field Report 2363,Ground report from field asset with directional notes.,28.414542,77.146018,2026-02-02T19:27:00Z
Manual Upload,HUMINT,Field Report 2364,Ground report from field asset with directional notes.,28.539178,77.413696,2026-02-02T19:47:00Z
Manual Upload,HUMINT,Field Report 2365,Ground report from field asset with directional notes.,28.807423,77.395056,2026-02-02T20:07:00Z
Manual Upload,HUMINT,Field Report 2366,Ground report from field asset with directional notes.,28.402962,77.105976,2026-02-02T20:27:00Z
Manual Upload,HUMINT,Field Report 2367,Ground report from field asset with directional notes.,28.774447,77.234803,2026-02-02T20:47:00Z
Manual Upload,HUMINT,Field Report 2368,Ground report from field asset with directional notes.,28.384162,77.449679,2026-02-02T21:07:00Z
Manual Upload,HUMINT,Field Report 2369,Ground report from field asset with directional notes.,28.787487,76.992878,2026-02-02T21:27:00Z
Manual Upload,HUMINT,Field Report 2370,Ground report from field asset with directional notes.,28.529626,77.114171,2026-02-02T21:47:00Z
Manual Upload,HUMINT,Field Report 2371,Ground report from field asset with directional notes.,28.617259,76.964528,2026-02-02T22:07:00Z
Manual Upload,HUMINT,Field Report 2372,Ground report from field asset with directional notes.,28.414551,77.331169,2026-02-02T22:27:00Z
Manual Upload,HUMINT,Field Report 2373,Ground report from field asset with directional notes.,28.644695,76.988943,2026-02-02T22:47:00Z
Manual Upload,HUMINT,Field Report 2374,Ground report from field asset with directional notes.,28.618653,77.274337,2026-02-02T23:07:00Z
Manual Upload,HUMINT,Field Report 2375,Ground report from field asset with directional notes.,28.549533,77.183179,2026-02-02T23:27:00Z
Manual Upload,HUMINT,Field Report 2376,Ground report from field asset with directional notes.,28.53092,77.265463,2026-02-02T23:47:00Z
Manual Upload,HUMINT,Field Report 2377,Ground report from field asset with directional notes.,28.537363,77.122272,2026-02-03T00:07:00Z
Manual Upload,HUMINT,Field Report 2378,Ground report from field asset with directional notes.,28.547884,77.359612,2026-02-03T00:27:00Z
Manual Upload,HUMINT,Field Report 2379,Ground report from field asset with directional notes.,28.656711,77.400767,2026-02-03T00:47:00Z
Manual Upload,HUMINT,Field Report 2380,Ground report from field asset with directional notes.,28.743146,77.175704,2026-02-03T01:07:00Z
Manual Upload,HUMINT,Field Report 2381,Ground report from field asset with directional notes.,28.620886,77.29216,2026-02-03T01:27:00Z
Manual Upload,HUMINT,Field Report 2382,Ground report from field asset with directional notes.,28.637895,77.333469,2026-02-03T01:47:00Z
Manual Upload,HUMINT,Field Report 2383,Ground report from field asset with directional notes.,28.616874,77.458322,2026-02-03T02:07:00Z
Manual Upload,HUMINT,Field Report 2384,Ground report from field asset with directional notes.,28.440565,77.371356,2026-02-03T02:27:00Z
Manual Upload,HUMINT,Field Report 2385,Ground report from field asset with directional notes.,28.528976,77.316136,2026-02-03T02:47:00Z
Manual Upload,HUMINT,Field Report 2386,Ground report from field asset with directional notes.,28.729625,77.276602,2026-02-03T03:07:00Z
Manual Upload,HUMINT,Field Report 2387,Ground report from field asset with directional notes.,28.435876,77.340054,2026-02-03T03:27:00Z
Manual Upload,HUMINT,Field Report 2388,Ground report from field asset with directional notes.,28.462067,77.267437,2026-02-03T03:47:00Z
Manual Upload,HUMINT,Field Report 2389,Ground report from field asset with directional notes.,28.50178,77.069119,2026-02-03T04:07:00Z
Manual Upload,HUMINT,Field Report 2390,Ground report from field asset with directional notes.,28.385907,76.965057,2026-02-03T04:27:00Z
Manual Upload,HUMINT,Field Report 2391,Ground report from field asset with directional notes.,28.430371,77.168188,2026-02-03T04:47:00Z
Manual Upload,HUMINT,Field Report 2392,Ground report from field asset with directional notes.,28.460732,77.358736,2026-02-03T05:07:00Z
Manual Upload,HUMINT,Field Report 2393,Ground report from field asset with directional notes.,28.805483,77.172456,2026-02-03T05:27:00Z
Manual Upload,HUMINT,Field Report 2394,Ground report from field asset with directional notes.,28.647993,77.454213,2026-02-03T05:47:00Z
Manual Upload,HUMINT,Field Report 2395,Ground report from field asset with directional notes.,28.469208,77.454513,2026-02-03T06:07:00Z
Manual Upload,HUMINT,Field Report 2396,Ground report from field asset with directional notes.,28.445596,76.97773,2026-02-03T06:27:00Z
Manual Upload,HUMINT,Field Report 2397,Ground report from field asset with directional notes.,28.727519,77.352506,2026-02-03T06:47:00Z
Manual Upload,HUMINT,Field Report 2398,Ground report from field asset with directional notes.,28.473447,77.416567,2026-02-03T07:07:00Z
Manual Upload,HUMINT,Field Report 2399,Ground report from field asset with directional notes.,28.446702,77.295306,2026-02-03T07:27:00Z
Manual Upload,HUMINT,Field Report 2400,Ground report from field asset with directional notes.,28.421019,77.293709,2026-02-03T07:47:00Z
Manual Upload,HUMINT,Field Report 2401,Ground report from field asset with directional notes.,28.769745,77.130369,2026-02-03T08:07:00Z
Manual Upload,HUMINT,Field Report 2402,Ground report from field asset with directional notes.,28.727861,77.145058,2026-02-03T08:27:00Z
Manual Upload,HUMINT,Field Report 2403,Ground report from field asset with directional notes.,28.598363,77.437262,2026-02-03T08:47:00Z
Manual Upload,HUMINT,Field Report 2404,Ground report from field asset with directional notes.,28.652422,77.232963,2026-02-03T09:07:00Z
Manual Upload,HUMINT,Field Report 2405,Ground report from field asset with directional notes.,28.814563,77.330056,2026-02-03T09:27:00Z
Manual Upload,HUMINT,Field Report 2406,Ground report from field asset with directional notes.,28.679662,77.122267,2026-02-03T09:47:00Z
Manual Upload,HUMINT,Field Report 2407,Ground report from field asset with directional notes.,28.441699,77.299979,2026-02-03T10:07:00Z
Manual Upload,HUMINT,Field Report 2408,Ground report from field asset with directional notes.,28.722182,77.219024,2026-02-03T10:27:00Z
Manual Upload,HUMINT,Field Report 2409,Ground report from field asset with directional notes.,28.503382,77.255925,2026-02-03T10:47:00Z
Manual Upload,HUMINT,Field Report 2410,Ground report from field asset with directional notes.,28.812195,77.072099,2026-02-03T11:07:00Z
Manual Upload,HUMINT,Field Report 2411,Ground report from field asset with directional notes.,28.375013,77.200698,2026-02-03T11:27:00Z
Manual Upload,HUMINT,Field Report 2412,Ground report from field asset with directional notes.,28.527977,77.213418,2026-02-03T11:47:00Z
Manual Upload,HUMINT,Field Report 2413,Ground report from field asset with directional notes.,28.613337,77.321138,2026-02-03T12:07:00Z
Manual Upload,HUMINT,Field Report 2414,Ground report from field asset with directional notes.,28.566255,77.43505,2026-02-03T12:27:00Z
Manual Upload,HUMINT,Field Report 2415,Ground report from field asset with directional notes.,28.514071,77.390563,2026-02-03T12:47:00Z
Manual Upload,HUMINT,Field Report 2416,Ground report from field asset with directional notes.,28.417148,77.032986,2026-02-03T13:07:00Z
Manual Upload,HUMINT,Field Report 2417,Ground report from field asset with directional notes.,28.475713,77.350738,2026-02-03T13:27:00Z
Manual Upload,HUMINT,Field Report 2418,Ground report from field asset with directional notes.,28.804273,77.083369,2026-02-03T13:47:00Z
Manual Upload,HUMINT,Field Report 2419,Ground report from field asset with directional notes.,28.816487,77.422026,2026-02-03T14:07:00Z
Manual Upload,HUMINT,Field Report 2420,Ground report from field asset with directional notes.,28.712591,77.211922,2026-02-03T14:27:00Z
Manual Upload,HUMINT,Field Report 2421,Ground report from field asset with directional notes.,28.570223,77.158925,2026-02-03T14:47:00Z
Manual Upload,HUMINT,Field Report 2422,Ground report from field asset with directional notes.,28.647186,77.108542,2026-02-03T15:07:00Z
Manual Upload,HUMINT,Field Report 2423,Ground report from field asset with directional notes.,28.485147,77.270529,2026-02-03T15:27:00Z
Manual Upload,HUMINT,Field Report 2424,Ground report from field asset with directional notes.,28.838146,77.290441,2026-02-03T15:47:00Z
Manual Upload,HUMINT,Field Report 2425,Ground report from field asset with directional notes.,28.751383,77.422062,2026-02-03T16:07:00Z
Manual Upload,HUMINT,Field Report 2426,Ground report from field asset with directional notes.,28.392352,77.161962,2026-02-03T16:27:00Z
Manual Upload,HUMINT,Field Report 2427,Ground report from field asset with directional notes.,28.579984,77.166111,2026-02-03T16:47:00Z
Manual Upload,HUMINT,Field Report 2428,Ground report from field asset with directional notes.,28.853079,77.125893,2026-02-03T17:07:00Z
Manual Upload,HUMINT,Field Report 2429,Ground report from field asset with directional notes.,28.54909,77.113004,2026-02-03T17:27:00Z
Manual Upload,HUMINT,Field Report 2430,Ground report from field asset with directional notes.,28.60716,77.457899,2026-02-03T17:47:00Z
Manual Upload,HUMINT,Field Report 2431,Ground report from field asset with directional notes.,28.827818,77.157172,2026-02-03T18:07:00Z
Manual Upload,HUMINT,Field Report 2432,Ground report from field asset with directional notes.,28.470914,77.174053,2026-02-03T18:27:00Z
Manual Upload,HUMINT,Field Report 2433,Ground report from field asset with directional notes.,28.481456,77.080618,2026-02-03T18:47:00Z
Manual Upload,HUMINT,Field Report 2434,Ground report from field asset with directional notes.,28.766165,77.127056,2026-02-03T19:07:00Z
Manual Upload,HUMINT,Field Report 2435,Ground report from field asset with directional notes.,28.662891,77.255723,2026-02-03T19:27:00Z
Manual Upload,HUMINT,Field Report 2436,Ground report from field asset with directional notes.,28.790499,77.00933,2026-02-03T19:47:00Z
Manual Upload,HUMINT,Field Report 2437,Ground report from field asset with directional notes.,28.405055,77.327715,2026-02-03T20:07:00Z
Manual Upload,HUMINT,Field Report 2438,Ground report from field asset with directional notes.,28.438923,77.173271,2026-02-03T20:27:00Z
Manual Upload,HUMINT,Field Report 2439,Ground report from field asset with directional notes.,28.812191,77.426187,2026-02-03T20:47:00Z
Manual Upload,HUMINT,Field Report 2440,Ground report from field asset with directional notes.,28.760695,77.307692,2026-02-03T21:07:00Z
Manual Upload,HUMINT,Field Report 2441,Ground report from field asset with directional notes.,28.439844,76.984679,2026-02-03T21:27:00Z
Manual Upload,HUMINT,Field Report 2442,Ground report from field asset with directional notes.,28.599504,76.975342,2026-02-03T21:47:00Z
Manual Upload,HUMINT,Field Report 2443,Ground report from field asset with directional notes.,28.509612,77.38079,2026-02-03T22:07:00Z
Manual Upload,HUMINT,Field Report 2444,Ground report from field asset with directional notes.,28.70327,77.418042,2026-02-03T22:27:00Z
Manual Upload,HUMINT,Field Report 2445,Ground report from field asset with directional notes.,28.713892,77.292029,2026-02-03T22:47:00Z
Manual Upload,HUMINT,Field Report 2446,Ground report from field asset with directional notes.,28.40766,77.041611,2026-02-03T23:07:00Z
Manual Upload,HUMINT,Field Report 2447,Ground report from field asset with directional notes.,28.518784,77.008986,2026-02-03T23:27:00Z
Manual Upload,HUMINT,Field Report 2448,Ground report from field asset with directional notes.,28.862058,77.000173,2026-02-03T23:47:00Z
Manual Upload,HUMINT,Field Report 2449,Ground report from field asset with directional notes.,28.383657,76.959107,2026-02-04T00:07:00Z
Manual Upload,HUMINT,Field Report 2450,Ground report from field asset with directional notes.,28.825176,77.353771,2026-02-04T00:27:00Z
Manual Upload,HUMINT,Field Report 2451,Ground report from field asset with directional notes.,28.812428,77.371095,2026-02-04T00:47:00Z
Manual Upload,HUMINT,Field Report 2452,Ground report from field asset with directional notes.,28.60908,77.092665,2026-02-04T01:07:00Z
Manual Upload,HUMINT,Field Report 2453,Ground report from field asset with directional notes.,28.509614,77.377425,2026-02-04T01:27:00Z
Manual Upload,HUMINT,Field Report 2454,Ground report from field asset with directional notes.,28.399742,77.265368,2026-02-04T01:47:00Z
Manual Upload,HUMINT,Field Report 2455,Ground report from field asset with directional notes.,28.433208,77.190168,2026-02-04T02:07:00Z
Manual Upload,HUMINT,Field Report 2456,Ground report from field asset with directional notes.,28.790098,77.037697,2026-02-04T02:27:00Z
Manual Upload,HUMINT,Field Report 2457,Ground report from field asset with directional notes.,28.751938,77.216446,2026-02-04T02:47:00Z
Manual Upload,HUMINT,Field Report 2458,Ground report from field asset with directional notes.,28.612108,77.070896,2026-02-04T03:07:00Z
Manual Upload,HUMINT,Field Report 2459,Ground report from field asset with directional notes.,28.505749,77.155697,2026-02-04T03:27:00Z
Manual Upload,HUMINT,Field Report 2460,Ground report from field asset with directional notes.,28.533229,77.040403,2026-02-04T03:47:00Z
Manual Upload,HUMINT,Field Report 2461,Ground report from field asset with directional notes.,28.60023,77.185254,2026-02-04T04:07:00Z
Manual Upload,HUMINT,Field Report 2462,Ground report from field asset with directional notes.,28.839752,77.112199,2026-02-04T04:27:00Z
Manual Upload,HUMINT,Field Report 2463,Ground report from field asset with directional notes.,28.690645,77.366319,2026-02-04T04:47:00Z
Manual Upload,HUMINT,Field Report 2464,Ground report from field asset with directional notes.,28.572885,77.424249,2026-02-04T05:07:00Z
Manual Upload,HUMINT,Field Report 2465,Ground report from field asset with directional notes.,28.761029,77.382561,2026-02-04T05:27:00Z
Manual Upload,HUMINT,Field Report 2466,Ground report from field asset with directional notes.,28.697028,77.064274,2026-02-04T05:47:00Z
Manual Upload,HUMINT,Field Report 2467,Ground report from field asset with directional notes.,28.594543,77.310617,2026-02-04T06:07:00Z
Manual Upload,HUMINT,Field Report 2468,Ground report from field asset with directional notes.,28.382299,76.988374,2026-02-04T06:27:00Z
Manual Upload,HUMINT,Field Report 2469,Ground report from field asset with directional notes.,28.801471,77.03284,2026-02-04T06:47:00Z
Manual Upload,HUMINT,Field Report 2470,Ground report from field asset with directional notes.,28.863013,77.022055,2026-02-04T07:07:00Z
Manual Upload,HUMINT,Field Report 2471,Ground report from field asset with directional notes.,28.725285,77.100238,2026-02-04T07:27:00Z
Manual Upload,HUMINT,Field Report 2472,Ground report from field asset with directional notes.,28.530264,77.118975,2026-02-04T07:47:00Z
Manual Upload,HUMINT,Field Report 2473,Ground report from field asset with directional notes.,28.483527,77.199798,2026-02-04T08:07:00Z
Manual Upload,HUMINT,Field Report 2474,Ground report from field asset with directional notes.,28.56884,77.423937,2026-02-04T08:27:00Z
Manual Upload,HUMINT,Field Report 2475,Ground report from field asset with directional notes.,28.698035,77.29482,2026-02-04T08:47:00Z
Manual Upload,HUMINT,Field Report 2476,Ground report from field asset with directional notes.,28.72859,77.110273,2026-02-04T09:07:00Z
Manual Upload,HUMINT,Field Report 2477,Ground report from field asset with directional notes.,28.718455,77.406795,2026-02-04T09:27:00Z
Manual Upload,HUMINT,Field Report 2478,Ground report from field asset with directional notes.,28.691991,77.141105,2026-02-04T09:47:00Z
Manual Upload,HUMINT,Field Report 2479,Ground report from field asset with directional notes.,28.559297,77.131543,2026-02-04T10:07:00Z
Manual Upload,HUMINT,Field Report 2480,Ground report from field asset with directional notes.,28.388356,77.379561,2026-02-04T10:27:00Z
Manual Upload,HUMINT,Field Report 2481,Ground report from field asset with directional notes.,28.765714,77.15378,2026-02-04T10:47:00Z
Manual Upload,HUMINT,Field Report 2482,Ground report from field asset with directional notes.,28.770159,77.190752,2026-02-04T11:07:00Z
Manual Upload,HUMINT,Field Report 2483,Ground report from field asset with directional notes.,28.847176,77.350862,2026-02-04T11:27:00Z
Manual Upload,HUMINT,Field Report 2484,Ground report from field asset with directional notes.,28.795187,77.183806,2026-02-04T11:47:00Z
Manual Upload,HUMINT,Field Report 2485,Ground report from field asset with directional notes.,28.771791,77.331641,2026-02-04T12:07:00Z
Manual Upload,HUMINT,Field Report 2486,Ground report from field asset with directional notes.,28.717592,77.288202,2026-02-04T12:27:00Z
Manual Upload,HUMINT,Field Report 2487,Ground report from field asset with directional notes.,28.842933,77.334757,2026-02-04T12:47:00Z
Manual Upload,HUMINT,Field Report 2488,Ground report from field asset with directional notes.,28.797967,77.050981,2026-02-04T13:07:00Z
Manual Upload,HUMINT,Field Report 2489,Ground report from field asset with directional notes.,28.798487,77.04109,2026-02-04T13:27:00Z
Manual Upload,HUMINT,Field Report 2490,Ground report from field asset with directional notes.,28.4892,77.005608,2026-02-04T13:47:00Z
Manual Upload,HUMINT,Field Report 2491,Ground report from field asset with directional notes.,28.80166,77.126278,2026-02-04T14:07:00Z
Manual Upload,HUMINT,Field Report 2492,Ground report from field asset with directional notes.,28.384913,77.02917,2026-02-04T14:27:00Z
Manual Upload,HUMINT,Field Report 2493,Ground report from field asset with directional notes.,28.620292,77.206679,2026-02-04T14:47:00Z
Manual Upload,HUMINT,Field Report 2494,Ground report from field asset with directional notes.,28.502831,77.060128,2026-02-04T15:07:00Z
Manual Upload,HUMINT,Field Report 2495,Ground report from field asset with directional notes.,28.454156,76.978225,2026-02-04T15:27:00Z
Manual Upload,HUMINT,Field Report 2496,Ground report from field asset with directional notes.,28.368513,77.139364,2026-02-04T15:47:00Z
Manual Upload,HUMINT,Field Report 2497,Ground report from field asset with directional notes.,28.535381,77.266438,2026-02-04T16:07:00Z
Manual Upload,HUMINT,Field Report 2498,Ground report from field asset with directional notes.,28.53249,77.011299,2026-02-04T16:27:00Z
Manual Upload,HUMINT,Field Report 2499,Ground report from field asset with directional notes.,28.749684,77.443637,2026-02-04T16:47:00Z
Manual Upload,HUMINT,Field Report 2500,Ground report from field asset with directional notes.,28.464757,77.032903,2026-02-04T17:07:00Z
